date,close
2000-01-03,0.8370023965835571
2000-01-04,0.7664347290992737
2000-01-05,0.7776500582695007
2000-01-06,0.7103535532951355
2000-01-07,0.7440022826194763
2000-01-10,0.7309169173240662
2000-01-11,0.6935295462608337
2000-01-12,0.6519366502761841
2000-01-13,0.7234387993812561
2000-01-14,0.7510119676589966
2000-01-18,0.7771828174591064
2000-01-19,0.7968115210533142
2000-01-20,0.8486858606338501
2000-01-21,0.8323291540145874
2000-01-24,0.7944748401641846
2000-01-25,0.8393389582633972
2000-01-26,0.8239169120788574
2000-01-27,0.822515070438385
2000-01-28,0.7598912715911865
2000-01-31,0.7757807970046997
2000-02-01,0.7496098875999451
2000-02-02,0.7388612031936646
2000-02-03,0.772509753704071
2000-02-04,0.8075602054595947
2000-02-07,0.8528918027877808
2000-02-08,0.8589675426483154
2000-02-09,0.8421427011489868
2000-02-10,0.8486858606338501
2000-02-11,0.813167929649353
2000-02-14,0.8659771680831909
2000-02-15,0.8898114562034607
2000-02-16,0.8533591032028198
2000-02-17,0.8589675426483154
2000-02-18,0.8318618535995483
2000-02-22,0.8510223627090454
2000-02-23,0.8692483305931091
2000-02-24,0.8614204525947571
2000-02-25,0.8253186345100403
2000-02-28,0.8468166589736938
2000-02-29,0.8570983409881592
2000-03-01,0.9743987321853638
2000-03-02,0.9122435450553894
2000-03-03,0.957108199596405
2000-03-06,0.9398170709609984
2000-03-07,0.9187861084938048
2000-03-08,0.9122435450553894
2000-03-09,0.9141131639480592
2000-03-10,0.9402841925621032
2000-03-13,0.9071027040481568
2000-03-14,0.8542936444282532
2000-03-15,0.8692483305931091
2000-03-16,0.9089720249176024
2000-03-17,0.934675633907318
2000-03-20,0.9197205305099488
2000-03-21,1.0089826583862305
2000-03-22,1.0781484842300415
2000-03-23,1.0566514730453491
2000-03-24,1.0370227098464966
2000-03-27,1.0435657501220703
2000-03-28,1.0402947664260864
2000-03-29,1.01646089553833
2000-03-30,0.9402841925621032
2000-03-31,1.0155266523361206
2000-04-03,0.9968314170837402
2000-04-04,0.951967716217041
2000-04-05,0.9748671054840088
2000-04-06,0.9360784888267516
2000-04-07,0.9851486086845398
2000-04-10,0.934675633907318
2000-04-11,0.8930827975273132
2000-04-12,0.8169063925743103
2000-04-13,0.8510223627090454
2000-04-14,0.8365350961685181
2000-04-17,0.926263988018036
2000-04-18,0.948696494102478
2000-04-19,0.905700981616974
2000-04-20,0.8888769149780273
2000-04-24,0.9010279774665833
2000-04-25,0.9594442844390868
2000-04-26,0.9071027040481568
2000-04-27,0.947761297225952
2000-04-28,0.9276660084724426
2000-05-01,0.9295352101325988
2000-05-02,0.8813990354537964
2000-05-03,0.8603693842887878
2000-05-04,0.8276554346084595
2000-05-05,0.8458821177482605
2000-05-08,0.8234497308731079
2000-05-09,0.7883989810943604
2000-05-10,0.7426002621650696
2000-05-11,0.7687712907791138
2000-05-12,0.8047564029693604
2000-05-15,0.7552182674407959
2000-05-16,0.7902681827545166
2000-05-17,0.7580221891403198
2000-05-18,0.753349244594574
2000-05-19,0.702876627445221
2000-05-22,0.6724991798400879
2000-05-23,0.6416548490524292
2000-05-24,0.6556751132011414
2000-05-25,0.6525201797485352
2000-05-26,0.6458606123924255
2000-05-30,0.6547405123710632
2000-05-31,0.6281023621559143
2000-06-01,0.6664240956306458
2000-06-02,0.6921275854110718
2000-06-05,0.6827806234359741
2000-06-06,0.6944641470909119
2000-06-07,0.7220370769500732
2000-06-08,0.7089515924453735
2000-06-09,0.7159619927406311
2000-06-12,0.6818458437919617
2000-06-13,0.7066149711608887
2000-06-14,0.6762382388114929
2000-06-15,0.6907255053520203
2000-06-16,0.6818458437919617
2000-06-19,0.7225042581558228
2000-06-20,0.7570875883102417
2000-06-21,0.8318618535995483
2000-06-22,0.803820788860321
2000-06-23,0.7729767560958862
2000-06-26,0.8094298243522644
2000-06-27,0.7739115953445435
2000-06-28,0.8141025304794312
2000-06-29,0.7664347290992737
2000-06-30,0.7832586169242859
2000-07-03,0.797278642654419
2000-07-05,0.7720423936843872
2000-07-06,0.7748463153839111
2000-07-07,0.8141025304794312
2000-07-10,0.8542936444282532
2000-07-11,0.851489782333374
2000-07-12,0.8804643750190735
2000-07-13,0.844947338104248
2000-07-14,0.8627059459686279
2000-07-17,0.8720530271530151
2000-07-18,0.8561627268791199
2000-07-19,0.7879315614700317
2000-07-20,0.824384331703186
2000-07-21,0.8010172247886658
2000-07-24,0.7281128764152527
2000-07-25,0.7486751675605774
2000-07-26,0.7486751675605774
2000-07-27,0.7776500582695007
2000-07-28,0.7225042581558228
2000-07-31,0.7598912715911865
2000-08-01,0.7374590039253235
2000-08-02,0.7066149711608887
2000-08-03,0.7178311347961426
2000-08-04,0.7084841132164001
2000-08-07,0.7168964743614197
2000-08-08,0.6991373896598816
2000-08-09,0.7103535532951355
2000-08-10,0.7112880349159241
2000-08-11,0.7131581902503967
2000-08-14,0.7038114070892334
2000-08-15,0.6982028484344482
2000-08-16,0.7253082394599915
2000-08-17,0.7692384123802185
2000-08-18,0.7477406859397888
2000-08-21,0.7552182674407959
2000-08-22,0.7729767560958862
2000-08-23,0.8122332096099854
2000-08-24,0.8391053676605225
2000-08-25,0.8496205806732178
2000-08-28,0.8683137893676758
2000-08-29,0.8851382732391357
2000-08-30,0.8898114562034607
2000-08-31,0.91130930185318
2000-09-01,0.948696494102478
2000-09-05,0.9337411522865297
2000-09-06,0.8739221692085266
2000-09-07,0.9271988272666932
2000-09-08,0.8804643750190735
2000-09-11,0.8739221692085266
2000-09-12,0.863640308380127
2000-09-13,0.8673792481422424
2000-09-14,0.8503214120864868
2000-09-15,0.8260197639465332
2000-09-18,0.9071027040481568
2000-09-19,0.8963547945022583
2000-09-20,0.9129455089569092
2000-09-21,0.8477513790130615
2000-09-22,0.7804546356201172
2000-09-25,0.8000826835632324
2000-09-26,0.7692384123802185
2000-09-27,0.73185133934021
2000-09-28,0.8000826835632324
2000-09-29,0.3850861191749573
2000-10-02,0.3626545965671539
2000-10-03,0.3336797058582306
2000-10-04,0.3533074855804443
2000-10-05,0.3299404978752136
2000-10-06,0.3318097293376922
2000-10-09,0.3252673745155334
2000-10-10,0.3121818602085113
2000-10-11,0.2934879660606384
2000-10-12,0.299096405506134
2000-10-13,0.3299404978752136
2000-10-16,0.3215289711952209
2000-10-17,0.3009656369686126
2000-10-18,0.3009656369686126
2000-10-19,0.2832071185111999
2000-10-20,0.291618674993515
2000-10-23,0.3047041296958923
2000-10-24,0.2822725176811218
2000-10-25,0.2766638994216919
2000-10-26,0.2766638994216919
2000-10-27,0.2775984108448028
2000-10-30,0.2888148725032806
2000-10-31,0.2925533354282379
2000-11-01,0.3065733611583709
2000-11-02,0.3336797058582306
2000-11-03,0.3327442407608032
2000-11-06,0.320594310760498
2000-11-07,0.3187242448329925
2000-11-08,0.3000310361385345
2000-11-09,0.3019002079963684
2000-11-10,0.2850763499736786
2000-11-13,0.289749413728714
2000-11-14,0.3028348088264465
2000-11-15,0.2972271740436554
2000-11-16,0.2841418087482452
2000-11-17,0.2766638994216919
2000-11-20,0.2832071185111999
2000-11-21,0.2813379466533661
2000-11-22,0.2766638994216919
2000-11-24,0.2888148725032806
2000-11-27,0.2794677913188934
2000-11-28,0.2696543931961059
2000-11-29,0.262643963098526
2000-11-30,0.2467546314001083
2000-12-01,0.2551669776439667
2000-12-04,0.2495584636926651
2000-12-05,0.2542313933372497
2000-12-06,0.214040458202362
2000-12-07,0.214040458202362
2000-12-08,0.2252567857503891
2000-12-11,0.2271259725093841
2000-12-12,0.229930505156517
2000-12-13,0.224322110414505
2000-12-14,0.2159105092287063
2000-12-15,0.2103020101785659
2000-12-18,0.2131059020757675
2000-12-19,0.2093674391508102
2000-12-20,0.2149750590324401
2000-12-21,0.2103020101785659
2000-12-22,0.224322110414505
2000-12-26,0.2196491062641143
2000-12-27,0.221518263220787
2000-12-28,0.221518263220787
2000-12-29,0.2224528640508651
2001-01-02,0.2224528640508651
2001-01-03,0.2448853701353073
2001-01-04,0.2551669776439667
2001-01-05,0.2448853701353073
2001-01-08,0.2476892471313476
2001-01-09,0.2570362091064453
2001-01-10,0.2476892471313476
2001-01-11,0.2691870331764221
2001-01-12,0.2570362091064453
2001-01-16,0.2561015784740448
2001-01-17,0.2514276504516601
2001-01-18,0.2794677913188934
2001-01-19,0.291618674993515
2001-01-22,0.2878801822662353
2001-01-23,0.3065733611583709
2001-01-24,0.3065733611583709
2001-01-25,0.2981617152690887
2001-01-26,0.2925533354282379
2001-01-29,0.3243328034877777
2001-01-30,0.3252673745155334
2001-01-31,0.3233981132507324
2001-02-01,0.3159203827381134
2001-02-02,0.3084434270858764
2001-02-05,0.3019002079963684
2001-02-06,0.3159203827381134
2001-02-07,0.3103125989437103
2001-02-08,0.3103125989437103
2001-02-09,0.2860110104084015
2001-02-12,0.2944234013557434
2001-02-13,0.2860110104084015
2001-02-14,0.291618674993515
2001-02-15,0.3000310361385345
2001-02-16,0.2841418087482452
2001-02-20,0.2738601267337799
2001-02-21,0.2822725176811218
2001-02-22,0.2813379466533661
2001-02-23,0.2813379466533661
2001-02-26,0.291618674993515
2001-02-27,0.289749413728714
2001-02-28,0.2729253768920898
2001-03-01,0.2804023623466491
2001-03-02,0.2878801822662353
2001-03-05,0.3047041296958923
2001-03-06,0.3215289711952209
2001-03-07,0.317789614200592
2001-03-08,0.3112472891807556
2001-03-09,0.3028348088264465
2001-03-12,0.2785332500934601
2001-03-13,0.2925533354282379
2001-03-14,0.3056387901306152
2001-03-15,0.2944234013557434
2001-03-16,0.2934879660606384
2001-03-19,0.3075088262557983
2001-03-20,0.2944234013557434
2001-03-21,0.3009656369686126
2001-03-22,0.3233981132507324
2001-03-23,0.3439605832099914
2001-03-26,0.3257161974906921
2001-03-27,0.3420166969299316
2001-03-28,0.3315484523773193
2001-03-29,0.3369315564632416
2001-03-30,0.3300526738166809
2001-04-02,0.3228745460510254
2001-04-03,0.30268594622612
2001-04-04,0.291618674993515
2001-04-05,0.3121074438095093
2001-04-06,0.3079200387001037
2001-04-09,0.3071721494197845
2001-04-10,0.3296037316322326
2001-04-11,0.3260150849819183
2001-04-12,0.3352868556976318
2001-04-16,0.3206311464309692
2001-04-17,0.3050785362720489
2001-04-18,0.3408200144767761
2001-04-19,0.3846380114555359
2001-04-20,0.3744686245918274
2001-04-23,0.3626545965671539
2001-04-24,0.3593640923500061
2001-04-25,0.3696834743022918
2001-04-26,0.3692344725131988
2001-04-27,0.391816109418869
2001-04-30,0.3811986744403839
2001-05-01,0.3877786099910736
2001-05-02,0.3976481258869171
2001-05-03,0.3732719719409942
2001-05-04,0.3850861191749573
2001-05-07,0.3732719719409942
2001-05-08,0.367439866065979
2001-05-09,0.3586162030696869
2001-05-10,0.3439605832099914
2001-05-11,0.3417178392410278
2001-05-14,0.3482977449893951
2001-05-15,0.3466529548168182
2001-05-16,0.3604109287261963
2001-05-17,0.3521862030029297
2001-05-18,0.3518871068954468
2001-05-21,0.3523351848125458
2001-05-22,0.3514383137226105
2001-05-23,0.3473999500274658
2001-05-24,0.3469518423080444
2001-05-25,0.3403718471527099
2001-05-29,0.3210800588130951
2001-05-30,0.2958061099052429
2001-05-31,0.2983487248420715
2001-06-01,0.3124064207077026
2001-06-04,0.3089669048786163
2001-06-05,0.3131541609764099
2001-06-06,0.3100136816501617
2001-06-07,0.3239215314388275
2001-06-08,0.318836361169815
2001-06-11,0.2996944189071655
2001-06-12,0.3037326037883758
2001-06-13,0.3061253726482391
2001-06-14,0.2973016202449798
2001-06-15,0.3056763708591461
2001-06-18,0.3040316700935364
2001-06-19,0.3019379377365112
2001-06-20,0.3240705728530884
2001-06-21,0.3363337516784668
2001-06-22,0.3328941464424133
2001-06-25,0.3587661683559418
2001-06-26,0.3551767766475677
2001-06-27,0.3490456640720367
2001-06-28,0.3520362675189972
2001-06-29,0.3476998805999756
2001-07-02,0.3574202358722687
2001-07-03,0.3565224707126617
2001-07-05,0.3468019366264343
2001-07-06,0.3294547498226166
2001-07-09,0.3394742310047149
2001-07-10,0.3161447644233703
2001-07-11,0.3370815217494964
2001-07-12,0.3642993867397308
2001-07-13,0.3716271817684173
2001-07-16,0.3583173155784607
2001-07-17,0.3753656148910522
2001-07-18,0.3109106421470642
2001-07-19,0.2984985709190368
2001-07-20,0.2987975776195526
2001-07-23,0.2922173142433166
2001-07-24,0.285487562417984
2001-07-25,0.2762151062488556
2001-07-26,0.2780098021030426
2001-07-27,0.2835429012775421
2001-07-30,0.2830948233604431
2001-07-31,0.2810012102127075
2001-08-01,0.2850386798381805
2001-08-02,0.2964046895503998
2001-08-03,0.291618674993515
2001-08-06,0.2860854864120483
2001-08-07,0.2878801822662353
2001-08-08,0.282645970582962
2001-08-09,0.2848895490169525
2001-08-10,0.2844407856464386
2001-08-13,0.285487562417984
2001-08-14,0.2801034152507782
2001-08-15,0.2757670879364013
2001-08-16,0.2789074778556824
2001-08-17,0.2702339291572571
2001-08-20,0.2709808945655823
2001-08-21,0.267990231513977
2001-08-22,0.2723276019096374
2001-08-23,0.2663455009460449
2001-08-24,0.2777108252048492
2001-08-27,0.2829449772834778
2001-08-28,0.2751683592796325
2001-08-29,0.2666444480419159
2001-08-30,0.2666444480419159
2001-08-31,0.2774117588996887
2001-09-04,0.2729253768920898
2001-09-05,0.2774117588996887
2001-09-06,0.2649997174739837
2001-09-07,0.2584188878536224
2001-09-10,0.2597653567790985
2001-09-17,0.2540823817253113
2001-09-18,0.2434640377759933
2001-09-19,0.2545313239097595
2001-09-20,0.2344914525747299
2001-09-21,0.2352392971515655
2001-09-24,0.2460067272186279
2001-09-25,0.2323978245258331
2001-09-26,0.226565733551979
2001-09-27,0.2319489419460296
2001-09-28,0.2319489419460296
2001-10-01,0.2323978245258331
2001-10-02,0.2250699698925018
2001-10-03,0.2240231037139892
2001-10-04,0.2374822050333023
2001-10-05,0.2413705736398697
2001-10-08,0.2422681897878646
2001-10-09,0.2392768114805221
2001-10-10,0.251539945602417
2001-10-11,0.2652986645698547
2001-10-12,0.2693359851837158
2001-10-15,0.2690372467041015
2001-10-16,0.2693359851837158
2001-10-17,0.2540823817253113
2001-10-18,0.2691870331764221
2001-10-19,0.2736732959747314
2001-10-22,0.2844407856464386
2001-10-23,0.2712806761264801
2001-10-24,0.2833938300609588
2001-10-25,0.2869832813739776
2001-10-26,0.2792065143585205
2001-10-29,0.2636530101299286
2001-10-30,0.263204962015152
2001-10-31,0.2626063227653503
2001-11-01,0.2780098021030426
2001-11-02,0.2777108252048492
2001-11-05,0.2851885557174682
2001-11-06,0.292665421962738
2001-11-07,0.292964369058609
2001-11-08,0.2798044383525848
2001-11-09,0.2798044383525848
2001-11-12,0.2804023623466491
2001-11-13,0.2896748781204223
2001-11-14,0.2932642996311188
2001-11-15,0.2908708453178406
2001-11-16,0.2836928367614746
2001-11-19,0.299096405506134
2001-11-20,0.2920675277709961
2001-11-21,0.2943111658096313
2001-11-23,0.2967038154602051
2001-11-26,0.3195843398571014
2001-11-27,0.3140511810779571
2001-11-28,0.3070222437381744
2001-11-29,0.3053774833679199
2001-11-30,0.3185374736785888
2001-12-03,0.314799040555954
2001-12-04,0.3349878787994385
2001-12-05,0.3553267419338226
2001-12-06,0.3406708240509033
2001-12-07,0.3370815217494964
2001-12-10,0.3370815217494964
2001-12-11,0.3257161974906921
2001-12-12,0.3213790953159332
2001-12-13,0.3140511810779571
2001-12-14,0.304928570985794
2001-12-17,0.3083681166172027
2001-12-18,0.3142010271549225
2001-12-19,0.3233227431774139
2001-12-20,0.3091159164905548
2001-12-21,0.3140511810779571
2001-12-24,0.3194351494312286
2001-12-26,0.3213790953159332
2001-12-27,0.3300526738166809
2001-12-28,0.3354367017745971
2001-12-31,0.3275100886821747
2002-01-02,0.3484469056129455
2002-01-03,0.3526341021060943
2002-01-04,0.3542797565460205
2002-01-07,0.3424655199050903
2002-01-08,0.3381283283233642
2002-01-09,0.3237716555595398
2002-01-10,0.3174906969070434
2002-01-11,0.314799040555954
2002-01-14,0.3162946999073028
2002-01-15,0.3245195746421814
2002-01-16,0.3107607364654541
2002-01-17,0.3361846804618835
2002-01-18,0.3315484523773193
2002-01-22,0.3263141512870788
2002-01-23,0.3442595303058624
2002-01-24,0.3471009433269501
2002-01-25,0.3476998805999756
2002-01-28,0.347998708486557
2002-01-29,0.3450073301792145
2002-01-30,0.3602619171142578
2002-01-31,0.3696834743022918
2002-02-01,0.3650471866130829
2002-02-04,0.3791049122810364
2002-02-05,0.3805999755859375
2002-02-06,0.3689356446266174
2002-02-07,0.3634023070335388
2002-02-08,0.3593640923500061
2002-02-11,0.3735709488391876
2002-02-12,0.3695334792137146
2002-02-13,0.3740198314189911
2002-02-14,0.3678887486457824
2002-02-15,0.3574202358722687
2002-02-19,0.3382782340049743
2002-02-20,0.345905065536499
2002-02-21,0.3215289711952209
2002-02-22,0.3400721848011017
2002-02-25,0.3560744524002075
2002-02-26,0.3539808988571167
2002-02-27,0.3284079134464264
2002-02-28,0.3245195746421814
2002-03-01,0.350690484046936
2002-03-04,0.3632523119449615
2002-03-05,0.3518871068954468
2002-03-06,0.35996213555336
2002-03-07,0.3645982146263122
2002-03-08,0.3687856197357178
2002-03-11,0.3747676610946655
2002-03-12,0.3696834743022918
2002-03-13,0.3662429749965668
2002-03-14,0.365346223115921
2002-03-15,0.3731228113174438
2002-03-18,0.369982361793518
2002-03-19,0.3716271817684173
2002-03-20,0.372673898935318
2002-03-21,0.3629535436630249
2002-03-22,0.3602619171142578
2002-03-25,0.34919473528862
2002-03-26,0.3508403599262237
2002-03-27,0.3509893417358398
2002-03-28,0.3539808988571167
2002-04-01,0.3657951354980469
2002-04-02,0.35996213555336
2002-04-03,0.3551767766475677
2002-04-04,0.372374951839447
2002-04-05,0.369982361793518
2002-04-08,0.3672899603843689
2002-04-09,0.3604109287261963
2002-04-10,0.3687856197357178
2002-04-11,0.3717771470546722
2002-04-12,0.3747676610946655
2002-04-15,0.373870700597763
2002-04-16,0.3849370777606964
2002-04-17,0.3904702961444855
2002-04-18,0.3800017535686493
2002-04-19,0.3735709488391876
2002-04-22,0.3668418824672699
2002-04-23,0.3626545965671539
2002-04-24,0.3554756939411163
2002-04-25,0.3607098460197449
2002-04-26,0.3441103994846344
2002-04-29,0.3583173155784607
2002-04-30,0.3629535436630249
2002-05-01,0.3586162030696869
2002-05-02,0.3542797565460205
2002-05-03,0.3515873551368713
2002-05-06,0.3387264013290405
2002-05-07,0.3360347747802734
2002-05-08,0.3644491732120514
2002-05-09,0.3617567718029022
2002-05-10,0.3487465977668762
2002-05-13,0.3580183684825897
2002-05-14,0.3829923570156097
2002-05-15,0.3780580163002014
2002-05-16,0.3770112991333008
2002-05-17,0.3740198314189911
2002-05-20,0.369982361793518
2002-05-21,0.3508403599262237
2002-05-22,0.3637012839317322
2002-05-23,0.3765623271465301
2002-05-24,0.3611588180065155
2002-05-28,0.3586162030696869
2002-05-29,0.3586162030696869
2002-05-30,0.3619067370891571
2002-05-31,0.3484469056129455
2002-06-03,0.3426146805286407
2002-06-04,0.3406708240509033
2002-06-05,0.3397732079029083
2002-06-06,0.3313983380794525
2002-06-07,0.3200331032276153
2002-06-10,0.3212291896343231
2002-06-11,0.3059755265712738
2002-06-12,0.3004421591758728
2002-06-13,0.2922173142433166
2002-06-14,0.3005921244621277
2002-06-17,0.3071721494197845
2002-06-18,0.3013391196727752
2002-06-19,0.2560262382030487
2002-06-20,0.2558770775794983
2002-06-21,0.2519887685775757
2002-06-24,0.2582698166370392
2002-06-25,0.2563251852989197
2002-06-26,0.2475025504827499
2002-06-27,0.255129337310791
2002-06-28,0.2649997174739837
2002-07-01,0.255129337310791
2002-07-02,0.2533345818519592
2002-07-03,0.2624570727348327
2002-07-05,0.2802533507347107
2002-07-08,0.2693359851837158
2002-07-09,0.2621581554412842
2002-07-10,0.2590176463127136
2002-07-11,0.2736732959747314
2002-07-12,0.2618590891361236
2002-07-15,0.2726264894008636
2002-07-16,0.2670932114124298
2002-07-17,0.233743667602539
2002-07-18,0.2241730988025665
2002-07-19,0.2237242013216018
2002-07-22,0.2231261581182479
2002-07-23,0.2163962721824646
2002-07-24,0.227313607931137
2002-07-25,0.2147514522075653
2002-07-26,0.2144517600536346
2002-07-29,0.2246210426092147
2002-07-30,0.2307531237602234
2002-07-31,0.2282104790210724
2002-08-01,0.2213314622640609
2002-08-02,0.21609728038311
2002-08-05,0.2092175483703613
2002-08-06,0.2204337865114212
2002-08-07,0.2247710227966308
2002-08-08,0.2288084328174591
2002-08-09,0.224322110414505
2002-08-12,0.2241730988025665
2002-08-13,0.218190923333168
2002-08-14,0.2268646210432052
2002-08-15,0.2334446907043457
2002-08-16,0.2364352494478225
2002-08-19,0.2389778643846511
2002-08-20,0.2379309833049774
2002-08-21,0.2410715371370315
2002-08-22,0.2388287931680679
2002-08-23,0.2352392971515655
2002-08-26,0.2322479486465454
2002-08-27,0.2220793515443802
2002-08-28,0.2198357135057449
2002-08-29,0.2198357135057449
2002-08-30,0.2205836474895477
2002-09-03,0.2101152688264846
2002-09-04,0.2165453881025314
2002-09-05,0.2120590060949325
2002-09-06,0.2150504738092422
2002-09-09,0.2149005681276321
2002-09-10,0.2143025994300842
2002-09-11,0.2137046605348587
2002-09-12,0.2114610522985458
2002-09-13,0.2119099497795105
2002-09-16,0.2168451845645904
2002-09-17,0.2213314622640609
2002-09-18,0.2246210426092147
2002-09-19,0.2180411219596862
2002-09-20,0.2223783135414123
2002-09-23,0.2220793515443802
2002-09-24,0.2189388126134872
2002-09-25,0.2232752740383148
2002-09-26,0.2198357135057449
2002-09-27,0.220134824514389
2002-09-30,0.2168451845645904
2002-10-01,0.2169943153858184
2002-10-02,0.2119099497795105
2002-10-03,0.2138537317514419
2002-10-04,0.2098163068294525
2002-10-07,0.2059279382228851
2002-10-08,0.2045820951461792
2002-10-09,0.2032362669706344
2002-10-10,0.2110121995210647
2002-10-11,0.2169943153858184
2002-10-14,0.2208825945854187
2002-10-15,0.2267147600650787
2002-10-16,0.2177420556545257
2002-10-17,0.2110121995210647
2002-10-18,0.2144517600536346
2002-10-21,0.2177420556545257
2002-10-22,0.2198357135057449
2002-10-23,0.2225274294614792
2002-10-24,0.2196858376264572
2002-10-25,0.2306032329797744
2002-10-28,0.2334446907043457
2002-10-29,0.2309020906686782
2002-10-30,0.2389778643846511
2002-10-31,0.2403236031532287
2002-11-01,0.2446609288454055
2002-11-04,0.2525867521762848
2002-11-05,0.2527366280555725
2002-11-06,0.2575220167636871
2002-11-07,0.2392768114805221
2002-11-08,0.2368841022253036
2002-11-11,0.2267147600650787
2002-11-12,0.2338936030864715
2002-11-13,0.2331456691026687
2002-11-14,0.2437631785869598
2002-11-15,0.2385290414094925
2002-11-18,0.2340425252914428
2002-11-19,0.2283604145050048
2002-11-20,0.2322479486465454
2002-11-21,0.2445110231637954
2002-11-22,0.2394266426563263
2002-11-25,0.2388287931680679
2002-11-26,0.23045414686203
2002-11-27,0.2350894659757614
2002-11-29,0.2317999303340912
2002-12-02,0.2270136624574661
2002-12-03,0.2267147600650787
2002-12-04,0.2238731682300567
2002-12-05,0.2187888920307159
2002-12-06,0.2235742360353469
2002-12-09,0.2205836474895477
2002-12-10,0.2285094708204269
2002-12-11,0.2316499054431915
2002-12-12,0.2271636873483657
2002-12-13,0.2211816310882568
2002-12-16,0.2220793515443802
2002-12-17,0.2255188226699829
2002-12-18,0.2178919464349746
2002-12-19,0.2123579382896423
2002-12-20,0.2114610522985458
2002-12-23,0.2166952639818191
2002-12-24,0.2147514522075653
2002-12-26,0.2153494358062744
2002-12-27,0.2102643996477127
2002-12-30,0.2104142755270004
2002-12-31,0.2143025994300842
2003-01-02,0.2213314622640609
2003-01-03,0.2228263765573501
2003-01-06,0.2228263765573501
2003-01-07,0.2220793515443802
2003-01-08,0.2175922244787216
2003-01-09,0.2195368558168411
2003-01-10,0.220134824514389
2003-01-13,0.2187888920307159
2003-01-14,0.2184899747371673
2003-01-15,0.215798333287239
2003-01-16,0.218639075756073
2003-01-17,0.2108631283044815
2003-01-21,0.2096664160490036
2003-01-22,0.207572728395462
2003-01-23,0.2119099497795105
2003-01-24,0.2063768208026886
2003-01-27,0.2113112062215805
2003-01-28,0.2180411219596862
2003-01-29,0.2232752740383148
2003-01-30,0.2141527533531189
2003-01-31,0.2147514522075653
2003-02-03,0.2192378342151641
2003-02-04,0.2183400839567184
2003-02-05,0.21609728038311
2003-02-06,0.215798333287239
2003-02-07,0.2116109728813171
2003-02-10,0.2146016210317611
2003-02-11,0.2146016210317611
2003-02-12,0.2151995599269867
2003-02-13,0.2174431383609771
2003-02-14,0.2193868905305862
2003-02-18,0.2283604145050048
2003-02-19,0.2220793515443802
2003-02-20,0.2208825945854187
2003-02-21,0.224322110414505
2003-02-24,0.2204337865114212
2003-02-25,0.2246210426092147
2003-02-26,0.2168451845645904
2003-02-27,0.2222283482551574
2003-02-28,0.2244719415903091
2003-03-03,0.219087928533554
2003-03-04,0.2177420556545257
2003-03-05,0.218639075756073
2003-03-06,0.2177420556545257
2003-03-07,0.2172932475805282
2003-03-10,0.2149005681276321
2003-03-11,0.2128068953752517
2003-03-12,0.2126578837633133
2003-03-13,0.220134824514389
2003-03-14,0.2210324704647064
2003-03-17,0.2244719415903091
2003-03-18,0.224322110414505
2003-03-19,0.2235742360353469
2003-03-20,0.2229763269424438
2003-03-21,0.224322110414505
2003-03-24,0.2149005681276321
2003-03-25,0.2175922244787216
2003-03-26,0.2154984921216964
2003-03-27,0.2166952639818191
2003-03-28,0.2178919464349746
2003-03-31,0.2114610522985458
2003-04-01,0.2117600888013839
2003-04-02,0.2183400839567184
2003-04-03,0.2162463515996933
2003-04-04,0.2154984921216964
2003-04-07,0.2166952639818191
2003-04-08,0.21609728038311
2003-04-09,0.212208941578865
2003-04-10,0.2149005681276321
2003-04-11,0.1974033564329147
2003-04-14,0.2030863761901855
2003-04-15,0.2002448439598083
2003-04-16,0.1980021148920059
2003-04-17,0.1962073743343353
2003-04-21,0.1965064108371734
2003-04-22,0.2020395398139953
2003-04-23,0.2030863761901855
2003-04-24,0.2009926885366439
2003-04-25,0.1996469050645828
2003-04-28,0.2072737365961074
2003-04-29,0.2102643996477127
2003-04-30,0.2126578837633133
2003-05-01,0.2147514522075653
2003-05-02,0.21609728038311
2003-05-05,0.2406226545572281
2003-05-06,0.2617092728614807
2003-05-07,0.2639528512954712
2003-05-08,0.2691870331764221
2003-05-09,0.2736732959747314
2003-05-12,0.2775616645812988
2003-05-13,0.2792065143585205
2003-05-14,0.2774117588996887
2003-05-15,0.2801034152507782
2003-05-16,0.2811503112316131
2003-05-19,0.2706819772720337
2003-05-20,0.2660464346408844
2003-05-21,0.266943484544754
2003-05-22,0.2727757096290588
2003-05-23,0.2739724516868591
2003-05-27,0.2823469638824463
2003-05-28,0.2733742594718933
2003-05-29,0.2706819772720337
2003-05-30,0.2684392035007477
2003-06-02,0.2609614431858063
2003-06-03,0.2588677108287811
2003-06-04,0.263204962015152
2003-06-05,0.2638029158115387
2003-06-06,0.2564751505851745
2003-06-09,0.251090943813324
2003-06-10,0.2569239735603332
2003-06-11,0.2609614431858063
2003-06-12,0.2657466828823089
2003-06-13,0.2605126202106476
2003-06-16,0.2732245028018951
2003-06-17,0.2720277011394501
2003-06-18,0.2859364449977875
2003-06-19,0.2862353324890136
2003-06-20,0.2871322631835937
2003-06-23,0.2850386798381805
2003-06-24,0.2808514535427093
2003-06-25,0.285487562417984
2003-06-26,0.2884782254695892
2003-06-27,0.2801034152507782
2003-06-30,0.2850386798381805
2003-07-01,0.285487562417984
2003-07-02,0.2881792485713959
2003-07-03,0.2860854864120483
2003-07-07,0.2971518337726593
2003-07-08,0.3050785362720489
2003-07-09,0.2974516153335571
2003-07-10,0.2928153276443481
2003-07-11,0.2968527376651764
2003-07-14,0.2976008355617523
2003-07-15,0.2932642996311188
2003-07-16,0.2971518337726593
2003-07-17,0.3125554323196411
2003-07-18,0.3119574189186096
2003-07-21,0.3082189857959747
2003-07-22,0.3110603988170624
2003-07-23,0.3109106421470642
2003-07-24,0.3067232668399811
2003-07-25,0.3221268951892853
2003-07-28,0.3139011561870575
2003-07-29,0.3098636865615845
2003-07-30,0.3032838106155395
2003-07-31,0.3152479231357574
2003-08-01,0.3100136816501617
2003-08-04,0.3171916604042053
2003-08-05,0.3047794103622436
2003-08-06,0.2935633063316345
2003-08-07,0.2980495989322662
2003-08-08,0.2937122881412506
2003-08-11,0.2940113246440887
2003-08-12,0.2946101129055023
2003-08-13,0.301788181066513
2003-08-14,0.2986474931240082
2003-08-15,0.2947592139244079
2003-08-18,0.3041807115077972
2003-08-19,0.3038817346096039
2003-08-20,0.3142010271549225
2003-08-21,0.3242205381393432
2003-08-22,0.3122564554214477
2003-08-25,0.3119574189186096
2003-08-26,0.314799040555954
2003-08-27,0.3212291896343231
2003-08-28,0.3318472504615783
2003-08-29,0.3381283283233642
2003-09-02,0.3417178392410278
2003-09-03,0.3432126045227051
2003-09-04,0.3414188623428345
2003-09-05,0.3364836275577545
2003-09-08,0.3400721848011017
2003-09-09,0.334538996219635
2003-09-10,0.3316975235939026
2003-09-11,0.3373804092407226
2003-09-12,0.3454561531543731
2003-09-15,0.3321463465690613
2003-09-16,0.3343899548053741
2003-09-17,0.3308005332946777
2003-09-18,0.3421657681465149
2003-09-19,0.3376794457435608
2003-09-22,0.3302026391029358
2003-09-23,0.3354367017745971
2003-09-24,0.318836361169815
2003-09-25,0.3055265843868255
2003-09-26,0.3094148635864258
2003-09-29,0.3185374736785888
2003-09-30,0.3098636865615845
2003-10-01,0.3109106421470642
2003-10-02,0.3076201677322387
2003-10-03,0.3243695795536041
2003-10-06,0.3333429992198944
2003-10-07,0.3472509682178497
2003-10-08,0.3448581397533417
2003-10-09,0.350690484046936
2003-10-10,0.3541299402713775
2003-10-13,0.3641493022441864
2003-10-14,0.3671408295631408
2003-10-15,0.3711782693862915
2003-10-16,0.3476998805999756
2003-10-17,0.3402220904827118
2003-10-20,0.3472509682178497
2003-10-21,0.3466529548168182
2003-10-22,0.3403718471527099
2003-10-23,0.3438113927841186
2003-10-24,0.3379783630371094
2003-10-27,0.3379783630371094
2003-10-28,0.3547279238700866
2003-10-29,0.3542797565460205
2003-10-30,0.3453063666820526
2003-10-31,0.3423157334327698
2003-11-03,0.3462041914463043
2003-11-04,0.3426146805286407
2003-11-05,0.3444093763828277
2003-11-06,0.3457552492618561
2003-11-07,0.3364836275577545
2003-11-10,0.3275100886821747
2003-11-11,0.3221268951892853
2003-11-12,0.3339410424232483
2003-11-13,0.3352868556976318
2003-11-14,0.3209300935268402
2003-11-17,0.315994918346405
2003-11-18,0.3052275478839874
2003-11-19,0.3053774833679199
2003-11-20,0.3047794103622436
2003-11-21,0.3032838106155395
2003-11-24,0.3162946999073028
2003-11-25,0.3092658221721649
2003-11-26,0.3098636865615845
2003-11-28,0.3127052783966064
2003-12-01,0.3246694803237915
2003-12-02,0.3221268951892853
2003-12-03,0.3145000040531158
2003-12-04,0.3162946999073028
2003-12-05,0.3118076026439667
2003-12-08,0.314799040555954
2003-12-09,0.3058263659477234
2003-12-10,0.3047794103622436
2003-12-11,0.3171916604042053
2003-12-12,0.3124064207077026
2003-12-15,0.3016389906406402
2003-12-16,0.3008911609649658
2003-12-17,0.2973016202449798
2003-12-18,0.2996944189071655
2003-12-19,0.2946101129055023
2003-12-22,0.2968527376651764
2003-12-23,0.2962549030780792
2003-12-24,0.3052275478839874
2003-12-26,0.3107607364654541
2003-12-29,0.3162946999073028
2003-12-30,0.3182384371757507
2003-12-31,0.3195843398571014
2004-01-02,0.3182384371757507
2004-01-05,0.3315484523773193
2004-01-06,0.3303515613079071
2004-01-07,0.3378293812274933
2004-01-08,0.3493445813655853
2004-01-09,0.3439605832099914
2004-01-12,0.3548778295516968
2004-01-13,0.3607098460197449
2004-01-14,0.3619067370891571
2004-01-15,0.3417178392410278
2004-01-16,0.3397732079029083
2004-01-20,0.339923083782196
2004-01-21,0.3381283283233642
2004-01-22,0.3316975235939026
2004-01-23,0.3373804092407226
2004-01-26,0.3441103994846344
2004-01-27,0.3450073301792145
2004-01-28,0.3367826044559479
2004-01-29,0.3391752243041992
2004-01-30,0.3373804092407226
2004-02-02,0.3337910771369934
2004-02-03,0.3328941464424133
2004-02-04,0.3258652985095978
2004-02-05,0.3352868556976318
2004-02-06,0.3396241068840027
2004-02-09,0.3390253186225891
2004-02-10,0.3436615765094757
2004-02-11,0.3559245467185974
2004-02-12,0.3548778295516968
2004-02-13,0.3439605832099914
2004-02-17,0.3463532328605652
2004-02-18,0.3478488624095917
2004-02-19,0.3360347747802734
2004-02-20,0.3349878787994385
2004-02-23,0.3318472504615783
2004-02-24,0.3343899548053741
2004-02-25,0.3411189317703247
2004-02-26,0.3445593416690826
2004-02-27,0.357719361782074
2004-03-01,0.3592150807380676
2004-03-02,0.3560744524002075
2004-03-03,0.357719361782074
2004-03-04,0.3762633502483368
2004-03-05,0.3998916745185852
2004-03-08,0.3888255059719085
2004-03-09,0.4052758514881134
2004-03-10,0.4139494895935058
2004-03-11,0.4060229063034057
2004-03-12,0.4121548533439636
2004-03-15,0.3955545425415039
2004-03-16,0.3861330151557922
2004-03-17,0.3916669487953186
2004-03-18,0.3838901817798614
2004-03-19,0.386731743812561
2004-03-22,0.386731743812561
2004-03-23,0.3782071471214294
2004-03-24,0.38134765625
2004-03-25,0.4018354415893554
2004-03-26,0.4043781757354736
2004-03-29,0.4173889756202698
2004-03-30,0.4175381660461426
2004-03-31,0.4043781757354736
2004-04-01,0.405424952507019
2004-04-02,0.4112571179866791
2004-04-05,0.4235201776027679
2004-04-06,0.4161923229694366
2004-04-07,0.4084163904190063
2004-04-08,0.4117060005664825
2004-04-12,0.4193328320980072
2004-04-13,0.4027332961559295
2004-04-14,0.3983960449695587
2004-04-15,0.4381758570671081
2004-04-16,0.4363812506198883
2004-04-19,0.4239691197872162
2004-04-20,0.4146974384784698
2004-04-21,0.4146974384784698
2004-04-22,0.4154443740844726
2004-04-23,0.4142485857009887
2004-04-26,0.4057238101959228
2004-04-27,0.4028823971748352
2004-04-28,0.3955545425415039
2004-04-29,0.4003407955169678
2004-04-30,0.3855350613594055
2004-05-03,0.389872282743454
2004-05-04,0.3909192085266113
2004-05-05,0.398545891046524
2004-05-06,0.397499144077301
2004-05-07,0.3988449871540069
2004-05-10,0.3930128216743469
2004-05-11,0.4058738648891449
2004-05-12,0.4082664847373962
2004-05-13,0.4066216647624969
2004-05-14,0.4046769738197326
2004-05-17,0.3983960449695587
2004-05-18,0.4046769738197326
2004-05-19,0.3958542943000793
2004-05-20,0.3994428813457489
2004-05-21,0.405424952507019
2004-05-24,0.4088643491268158
2004-05-25,0.4248659014701843
2004-05-26,0.4263617098331451
2004-05-27,0.4212774932384491
2004-05-28,0.4196317195892334
2004-06-01,0.4196317195892334
2004-06-02,0.4324936270713806
2004-06-03,0.4247168600559234
2004-06-04,0.4303999245166778
2004-06-07,0.4458027184009552
2004-06-08,0.4538783729076385
2004-06-09,0.4516356885433197
2004-06-10,0.459711343050003
2004-06-14,0.4504388570785522
2004-06-15,0.4589635729789734
2004-06-16,0.4896207749843597
2004-06-17,0.4906675219535827
2004-06-18,0.4921634197235107
2004-06-21,0.483488917350769
2004-06-22,0.4935092628002167
2004-06-23,0.5039775371551514
2004-06-24,0.4962009787559509
2004-06-25,0.5039775371551514
2004-06-28,0.4858823716640472
2004-06-29,0.4860313534736633
2004-06-30,0.4866292178630829
2004-07-01,0.4830408990383148
2004-07-02,0.4647956490516662
2004-07-06,0.4628518223762512
2004-07-07,0.4544771611690521
2004-07-08,0.4507378339767456
2004-07-09,0.4490929543972015
2004-07-12,0.4357831478118896
2004-07-13,0.4369799494743347
2004-07-14,0.4423632621765136
2004-07-15,0.4924623668193817
2004-07-16,0.4815450012683868
2004-07-19,0.4781054556369781
2004-07-20,0.4815450012683868
2004-07-21,0.4728713035583496
2004-07-22,0.4737682044506073
2004-07-23,0.4591126441955566
2004-07-26,0.4674873352050781
2004-07-27,0.4849846959114074
2004-07-28,0.4825919568538666
2004-07-29,0.4881251752376556
2004-07-30,0.4836387634277344
2004-08-02,0.47227343916893
2004-08-03,0.4679361581802368
2004-08-04,0.4754137694835663
2004-08-05,0.4694320559501648
2004-08-06,0.4453546404838562
2004-08-09,0.4531306028366089
2004-08-10,0.4713756442070007
2004-08-11,0.4637489020824432
2004-08-12,0.4541773200035095
2004-08-13,0.4612064659595489
2004-08-16,0.4603094756603241
2004-08-17,0.4616551399230957
2004-08-18,0.4746659100055694
2004-08-19,0.4592625200748443
2004-08-20,0.4606083631515503
2004-08-23,0.4647956490516662
2004-08-24,0.4778065681457519
2004-08-25,0.4942569434642792
2004-08-26,0.5183342695236206
2004-08-27,0.5136980414390564
2004-08-30,0.510258674621582
2004-08-31,0.5157917737960815
2004-09-01,0.5362797379493713
2004-09-02,0.5332888960838318
2004-09-03,0.5268579721450806
2004-09-07,0.5347837805747986
2004-09-08,0.5436072945594788
2004-09-09,0.5338869690895081
2004-09-10,0.5364294648170471
2004-09-13,0.5322420597076416
2004-09-14,0.530746340751648
2004-09-15,0.5264092087745667
2004-09-16,0.5436072945594788
2004-09-17,0.5554216504096985
2004-09-20,0.5639460682868958
2004-09-21,0.5684323906898499
2004-09-22,0.5521320700645447
2004-09-23,0.5573660135269165
2004-09-24,0.5576650500297546
2004-09-27,0.5612545609474182
2004-09-28,0.5688815712928772
2004-09-29,0.578451931476593
2004-09-30,0.579498827457428
2004-10-01,0.5783030986785889
2004-10-04,0.5800976753234863
2004-10-05,0.5887713432312012
2004-10-06,0.6077634692192078
2004-10-07,0.5925098061561584
2004-10-08,0.5841350555419922
2004-10-11,0.5771060585975647
2004-10-12,0.5726199746131897
2004-10-13,0.5944534540176392
2004-10-14,0.6726675033569336
2004-10-15,0.6804441809654236
2004-10-18,0.7140928506851196
2004-10-19,0.7091576457023621
2004-10-20,0.7099053263664246
2004-10-21,0.7169334292411804
2004-10-22,0.709007740020752
2004-10-25,0.7111014723777771
2004-10-26,0.7173826098442078
2004-10-27,0.7522268891334534
2004-10-28,0.7804914116859436
2004-10-29,0.783632218837738
2004-11-01,0.7843799591064453
2004-11-02,0.8000826835632324
2004-11-03,0.8271511197090149
2004-11-04,0.8142895698547363
2004-11-05,0.8183275461196899
2004-11-08,0.8132423758506775
2004-11-09,0.8083083033561707
2004-11-10,0.8187764286994934
2004-11-11,0.8270012140274048
2004-11-12,0.82999187707901
2004-11-15,0.8261044025421143
2004-11-16,0.8216171860694885
2004-11-17,0.8210192322731018
2004-11-18,0.8283470273017883
2004-11-19,0.8250575661659241
2004-11-22,0.9174783825874328
2004-11-23,0.916281282901764
2004-11-24,0.9578559398651124
2004-11-26,0.9653339982032776
2004-11-29,1.023507595062256
2004-11-30,1.002719759941101
2004-12-01,1.0137872695922852
2004-12-02,0.9752030372619628
2004-12-03,0.9373681545257568
2004-12-06,0.983728051185608
2004-12-07,0.9405088424682616
2004-12-08,0.9463407397270204
2004-12-09,0.9569589495658876
2004-12-10,0.974306583404541
2004-12-13,0.9707167744636536
2004-12-14,0.9763999581336976
2004-12-15,0.975951373577118
2004-12-16,0.9959912300109864
2004-12-17,0.971913754940033
2004-12-20,0.9379658102989196
2004-12-21,0.9524717926979064
2004-12-22,0.953369438648224
2004-12-23,0.95725816488266
2004-12-27,0.9445458650588988
2004-12-28,0.9597992300987244
2004-12-29,0.9636881947517396
2004-12-30,0.9690720438957214
2004-12-31,0.9630900025367736
2005-01-03,0.94649076461792
2005-01-04,0.9562109112739564
2005-01-05,0.964585781097412
2005-01-06,0.9653339982032776
2005-01-07,1.0356208086013794
2005-01-10,1.0312845706939695
2005-01-11,0.9654828310012816
2005-01-12,0.9789426922798156
2005-01-13,1.043846607208252
2005-01-14,1.0498275756835938
2005-01-18,1.056557297706604
2005-01-19,1.0450427532196045
2005-01-20,1.0537159442901611
2005-01-21,1.054165005683899
2005-01-24,1.0582022666931152
2005-01-25,1.0774941444396973
2005-01-26,1.080485463142395
2005-01-27,1.0863176584243774
2005-01-28,1.106356859207153
2005-01-31,1.150025725364685
2005-02-01,1.1594467163085938
2005-02-02,1.190851807594299
2005-02-03,1.163633942604065
2005-02-04,1.1790375709533691
2005-02-07,1.180533766746521
2005-02-08,1.2098450660705566
2005-02-09,1.177541732788086
2005-02-10,1.1718592643737793
2005-02-11,1.214481234550476
2005-02-14,1.265626072883606
2005-02-15,1.3221547603607178
2005-02-16,1.347877025604248
2005-02-17,1.3131825923919678
2005-02-18,1.2982277870178225
2005-02-22,1.275496482849121
2005-02-23,1.3194636106491089
2005-02-24,1.3299318552017212
2005-02-25,1.3308290243148804
2005-02-28,1.341746211051941
2005-03-01,1.3309786319732666
2005-03-02,1.3196126222610474
2005-03-03,1.249923586845398
2005-03-04,1.280431628227234
2005-03-07,1.2786370515823364
2005-03-08,1.2122368812561035
2005-03-09,1.1769440174102783
2005-03-10,1.1913007497787476
2005-03-11,1.2044607400894165
2005-03-14,1.2059565782546997
2005-03-15,1.2250981330871582
2005-03-16,1.231678485870361
2005-03-17,1.263682246208191
2005-03-18,1.2849183082580566
2005-03-21,1.3070505857467651
2005-03-22,1.2810291051864624
2005-03-23,1.272655010223389
2005-03-24,1.2711591720581057
2005-03-28,1.2720569372177124
2005-03-29,1.248726487159729
2005-03-30,1.2801318168640137
2005-03-31,1.2463338375091553
2005-04-01,1.2230042219161987
2005-04-04,1.2289866209030151
2005-04-05,1.2529140710830688
2005-04-06,1.2660750150680542
2005-04-07,1.3028631210327148
2005-04-08,1.3082478046417236
2005-04-11,1.2538121938705444
2005-04-12,1.2759443521499634
2005-04-13,1.2274909019470217
2005-04-14,1.1144325733184814
2005-04-15,1.057305932044983
2005-04-18,1.0653810501098633
2005-04-19,1.1093486547470093
2005-04-20,1.062090516090393
2005-04-21,1.1120400428771973
2005-04-22,1.0617915391921997
2005-04-25,1.10605788230896
2005-04-26,1.0824296474456787
2005-04-27,1.0752513408660889
2005-04-28,1.062988519668579
2005-04-29,1.0785411596298218
2005-05-02,1.089607834815979
2005-05-03,1.083027482032776
2005-05-04,1.1111425161361694
2005-05-05,1.0970851182937622
2005-05-06,1.1138346195220947
2005-05-09,1.105758547782898
2005-05-10,1.089308738708496
2005-05-11,1.0650821924209597
2005-05-12,1.0208157300949097
2005-05-13,1.039958119392395
2005-05-16,1.0632874965667725
2005-05-17,1.0576043128967283
2005-05-18,1.0719609260559082
2005-05-19,1.1231062412261963
2005-05-20,1.1231062412261963
2005-05-23,1.1892064809799194
2005-05-24,1.1874117851257324
2005-05-25,1.1898046731948853
2005-05-26,1.218518614768982
2005-05-27,1.2131342887878418
2005-05-31,1.1892064809799194
2005-06-01,1.2053582668304443
2005-06-02,1.1975816488265991
2005-06-03,1.1437439918518066
2005-06-06,1.1341732740402222
2005-06-07,1.0928980112075806
2005-06-08,1.104263424873352
2005-06-09,1.1260976791381836
2005-06-10,1.0710647106170654
2005-06-13,1.0737558603286743
2005-06-14,1.076746106147766
2005-06-15,1.1105443239212036
2005-06-16,1.1359682083129885
2005-06-17,1.1458377838134766
2005-06-20,1.1249010562896729
2005-06-21,1.1323784589767456
2005-06-22,1.1530163288116455
2005-06-23,1.1631855964660645
2005-06-24,1.129387140274048
2005-06-27,1.1096470355987549
2005-06-28,1.115928292274475
2005-06-29,1.0878136157989502
2005-06-30,1.1009734869003296
2005-07-01,1.0917006731033323
2005-07-05,1.1359682083129885
2005-07-06,1.118321180343628
2005-07-07,1.1254997253417969
2005-07-08,1.144043207168579
2005-07-11,1.1395562887191772
2005-07-12,1.1437439918518066
2005-07-13,1.1470344066619873
2005-07-14,1.2188172340393066
2005-07-15,1.2427456378936768
2005-07-18,1.2409510612487793
2005-07-19,1.2917968034744265
2005-07-20,1.3049567937850952
2005-07-21,1.2947875261306765
2005-07-22,1.3160250186920166
2005-07-25,1.3103410005569458
2005-07-26,1.3049567937850952
2005-07-27,1.31572425365448
2005-07-28,1.3100420236587524
2005-07-29,1.275645732879639
2005-08-01,1.2786370515823364
2005-08-02,1.2917968034744265
2005-08-03,1.2926934957504272
2005-08-04,1.2774405479431152
2005-08-05,1.285814881324768
2005-08-08,1.275645732879639
2005-08-09,1.3106400966644287
2005-08-10,1.2974799871444702
2005-08-11,1.3160250186920166
2005-08-12,1.3788343667984009
2005-08-15,1.426090955734253
2005-08-16,1.383320450782776
2005-08-17,1.410239338874817
2005-08-18,1.3848158121109009
2005-08-19,1.370758295059204
2005-08-22,1.3719544410705566
2005-08-23,1.3680660724639893
2005-08-24,1.3689634799957275
2005-08-25,1.377637505531311
2005-08-26,1.3680660724639893
2005-08-29,1.3710579872131348
2005-08-30,1.3928910493850708
2005-08-31,1.4024630784988403
2005-09-01,1.3836195468902588
2005-09-02,1.3824232816696167
2005-09-06,1.4595894813537598
2005-09-07,1.4560006856918335
2005-09-08,1.4889012575149536
2005-09-09,1.534663200378418
2005-09-12,1.537354588508606
2005-09-13,1.5200070142745972
2005-09-14,1.4838173389434814
2005-09-15,1.4915928840637207
2005-09-16,1.5316725969314575
2005-09-19,1.5744431018829346
2005-09-20,1.5908931493759155
2005-09-21,1.5585906505584717
2005-09-22,1.5523096323013306
2005-09-23,1.5911921262741089
2005-09-26,1.6103347539901731
2005-09-27,1.5983705520629885
2005-09-28,1.52778422832489
2005-09-29,1.5654699802398682
2005-09-30,1.6034553050994873
2005-10-03,1.6282806396484375
2005-10-04,1.607642650604248
2005-10-05,1.5786302089691162
2005-10-06,1.5463284254074097
2005-10-07,1.534364104270935
2005-10-10,1.506548285484314
2005-10-11,1.5430372953414917
2005-10-12,1.473049879074097
2005-10-13,1.6073434352874756
2005-10-14,1.615119457244873
2005-10-17,1.5983705520629885
2005-10-18,1.5615819692611694
2005-10-19,1.6432349681854248
2005-10-20,1.6791270971298218
2005-10-21,1.6647701263427734
2005-10-24,1.698568344116211
2005-10-25,1.677930235862732
2005-10-26,1.7057467699050903
2005-10-27,1.6572932004928589
2005-10-28,1.629177212715149
2005-10-31,1.7224961519241333
2005-11-01,1.7198033332824707
2005-11-02,1.7930822372436523
2005-11-03,1.8499109745025637
2005-11-04,1.8289746046066284
2005-11-07,1.8014565706253047
2005-11-08,1.791587233543396
2005-11-09,1.797868728637695
2005-11-10,1.8298709392547607
2005-11-11,1.8406387567520144
2005-11-14,1.83794629573822
2005-11-15,1.8627718687057493
2005-11-16,1.942630648612976
2005-11-17,1.9297699928283687
2005-11-18,1.9309656620025637
2005-11-21,1.94292950630188
2005-11-22,1.9895881414413448
2005-11-23,2.00723648071289
2005-11-25,2.07393479347229
2005-11-28,2.083505392074585
2005-11-29,2.0368456840515137
2005-11-30,2.028470993041992
2005-12-01,2.1415297985076904
2005-12-02,2.1723365783691406
2005-12-05,2.148108720779419
2005-12-06,2.214807748794556
2005-12-07,2.2118167877197266
2005-12-08,2.215705394744873
2005-12-09,2.223182916641236
2005-12-12,2.2405309677124023
2005-12-13,2.242624282836914
2005-12-14,2.1537926197052
2005-12-15,2.158877372741699
2005-12-16,2.126873731613159
2005-12-19,2.134949207305908
2005-12-20,2.15678334236145
2005-12-21,2.1983578205108643
2005-12-22,2.2139110565185547
2005-12-23,2.1938717365264893
2005-12-27,2.220191240310669
2005-12-28,2.200451612472534
2005-12-29,2.1370439529418945
2005-12-30,2.1502022743225098
2006-01-03,2.23574447631836
2006-01-04,2.2423243522644043
2006-01-05,2.2246792316436768
2006-01-06,2.282104015350342
2006-01-09,2.2746267318725586
2006-01-10,2.4184932708740234
2006-01-11,2.509419202804565
2006-01-12,2.521083354949951
2006-01-13,2.559965848922729
2006-01-17,2.533644676208496
2006-01-18,2.4672462940216064
2006-01-19,2.3640565872192383
2006-01-20,2.2758231163024902
2006-01-23,2.323081016540528
2006-01-24,2.2743284702301025
2006-01-25,2.2192940711975098
2006-01-26,2.163363218307495
2006-01-27,2.1543900966644287
2006-01-30,2.2432219982147217
2006-01-31,2.2584762573242188
2006-02-01,2.2557835578918457
2006-02-02,2.156484365463257
2006-02-03,2.1490068435668945
2006-02-06,2.01291823387146
2006-02-07,2.021891593933105
2006-02-08,2.05808162689209
2006-02-09,1.942630648612976
2006-02-10,2.01321792602539
2006-02-13,1.9354521036148071
2006-02-14,2.0230870246887207
2006-02-15,2.0703444480896
2006-02-16,2.110722303390503
2006-02-17,2.102346897125244
2006-02-21,2.066157817840576
2006-02-22,2.133155107498169
2006-02-23,2.146015882492065
2006-02-24,2.1373422145843506
2006-02-27,2.123283624649048
2006-02-28,2.048509359359741
2006-03-01,2.066755771636963
2006-03-02,2.0820086002349854
2006-03-03,2.025480270385742
2006-03-06,1.9584821462631223
2006-03-07,1.9833070039749143
2006-03-08,1.9638659954071045
2006-03-09,1.9121230840682983
2006-03-10,1.8899894952774048
2006-03-13,1.9644639492034912
2006-03-14,2.0135161876678467
2006-03-15,1.9809144735336304
2006-03-16,1.9234886169433596
2006-03-17,1.9339573383331297
2006-03-20,1.9139171838760376
2006-03-21,1.8487143516540527
2006-03-22,1.844527006149292
2006-03-23,1.7993625402450562
2006-03-24,1.793381929397583
2006-03-27,1.7799221277236938
2006-03-28,1.755995512008667
2006-03-29,1.8642669916152956
2006-03-30,1.8768283128738403
2006-03-31,1.8759316205978396
2006-04-03,1.8738386631011963
2006-04-04,1.8295722007751465
2006-04-05,2.010226011276245
2006-04-06,2.1307621002197266
2006-04-07,2.087393283843994
2006-04-10,2.0538947582244877
2006-04-11,2.033555269241333
2006-04-12,1.9952712059021
2006-04-13,1.988093614578247
2006-04-17,1.938442826271057
2006-04-18,1.9806156158447263
2006-04-19,1.9635677337646484
2006-04-20,2.022787809371948
2006-04-21,2.005141258239746
2006-04-24,1.966558575630188
2006-04-25,1.9791203737258911
2006-04-26,2.038341999053955
2006-04-27,2.0745325088500977
2006-04-28,2.1053390502929688
2006-05-01,2.081709384918213
2006-05-02,2.1421284675598145
2006-05-03,2.127771139144897
2006-05-04,2.127472162246704
2006-05-05,2.1502022743225098
2006-05-08,2.1502022743225098
2006-05-09,2.124481678009033
2006-05-10,2.1116206645965576
2006-05-11,2.038341999053955
2006-05-12,2.0248820781707764
2006-05-15,2.027573585510254
2006-05-16,1.943527579307556
2006-05-17,1.951902747154236
2006-05-18,1.8896902799606323
2006-05-19,1.929470777511597
2006-05-22,1.8956726789474487
2006-05-23,1.8887931108474727
2006-05-24,1.8944766521453855
2006-05-25,1.924086332321167
2006-05-26,1.9007569551467896
2006-05-30,1.8310678005218504
2006-05-31,1.7876986265182495
2006-06-01,1.8594820499420168
2006-06-02,1.8442275524139404
2006-06-05,1.7945780754089355
2006-06-06,1.7862032651901243
2006-06-07,1.7515077590942385
2006-06-08,1.8173094987869265
2006-06-09,1.7718466520309448
2006-06-12,1.7048487663269043
2006-06-13,1.7446284294128418
2006-06-14,1.72309410572052
2006-06-15,1.7760337591171265
2006-06-16,1.7215981483459473
2006-06-19,1.7108306884765625
2006-06-20,1.7189067602157593
2006-06-21,1.7305713891983032
2006-06-22,1.782016038894653
2006-06-23,1.7595834732055664
2006-06-26,1.7643688917160034
2006-06-27,1.7177094221115112
2006-06-28,1.675537347793579
2006-06-29,1.763770341873169
2006-06-30,1.712924599647522
2006-07-03,1.7332634925842283
2006-07-05,1.7048487663269043
2006-07-06,1.6680604219436646
2006-07-07,1.656993389129639
2006-07-10,1.64503014087677
2006-07-11,1.664470911026001
2006-07-12,1.5840145349502563
2006-07-13,1.5627772808074951
2006-07-14,1.5155210494995115
2006-07-17,1.5663670301437378
2006-07-18,1.5822198390960691
2006-07-19,1.6181111335754397
2006-07-20,1.809531807899475
2006-07-21,1.816112279891968
2006-07-24,1.837049126625061
2006-07-25,1.8523039817810056
2006-07-26,1.9103273153305051
2006-07-27,1.8962701559066768
2006-07-28,1.961772084236145
2006-07-31,2.032658338546753
2006-08-01,2.009328842163086
2006-08-02,2.0386409759521484
2006-08-03,2.081411600112915
2006-08-04,2.04282808303833
2006-08-07,2.010226011276245
2006-08-08,1.9375452995300293
2006-08-09,1.9019534587860107
2006-08-10,1.916309595108032
2006-08-11,1.9037481546401975
2006-08-14,1.9124212265014648
2006-08-15,1.9874954223632808
2006-08-16,2.033257007598877
2006-08-17,2.021592140197754
2006-08-18,2.031162738800049
2006-08-21,1.990785837173462
2006-08-22,2.022489309310913
2006-08-23,2.01321792602539
2006-08-24,2.028172016143799
2006-08-25,2.0562868118286133
2006-08-28,2.003347396850586
2006-08-29,1.98839271068573
2006-08-30,2.002748250961304
2006-08-31,2.0293684005737305
2006-09-01,2.0452206134796143
2006-09-05,2.137939453125
2006-09-06,2.094571113586426
2006-09-07,2.1774210929870605
2006-09-08,2.16904616355896
2006-09-11,2.1684486865997314
2006-09-12,2.1723365783691406
2006-09-13,2.2192940711975098
2006-09-14,2.2183985710144043
2006-09-15,2.216304302215576
2006-09-18,2.2100234031677246
2006-09-19,2.2064335346221924
2006-09-20,2.2509984970092773
2006-09-21,2.2327539920806885
2006-09-22,2.1834020614624023
2006-09-25,2.265654802322388
2006-09-26,2.32128643989563
2006-09-27,2.285395860671997
2006-09-28,2.303339958190918
2006-09-29,2.30244255065918
2006-10-02,2.239035129547119
2006-10-03,2.215705394744873
2006-10-04,2.2545876502990723
2006-10-05,2.23813796043396
2006-10-06,2.2198920249938965
2006-10-09,2.2321557998657227
2006-10-10,2.207629442214966
2006-10-11,2.190282106399536
2006-10-12,2.2509984970092773
2006-10-13,2.2438206672668457
2006-10-16,2.25518536567688
2006-10-17,2.221986055374145
2006-10-18,2.2291648387908936
2006-10-19,2.362562656402588
2006-10-20,2.391274929046631
2006-10-23,2.436439752578736
2006-10-24,2.4241747856140137
2006-10-25,2.443018913269043
2006-10-26,2.45827317237854
2006-10-27,2.40503454208374
2006-10-30,2.4053332805633545
2006-10-31,2.425072431564331
2006-11-01,2.3676464557647705
2006-11-02,2.36226224899292
2006-11-03,2.3416247367858887
2006-11-06,2.384096384048462
2006-11-07,2.408024311065674
2006-11-08,2.4660489559173584
2006-11-09,2.492668628692627
2006-11-10,2.486088514328003
2006-11-13,2.522878408432007
2006-11-14,2.542318344116211
2006-11-15,2.5139050483703613
2006-11-16,2.560563087463379
2006-11-17,2.5677413940429688
2006-11-20,2.58628511428833
2006-11-21,2.649993419647217
2006-11-22,2.701139211654663
2006-11-24,2.74061918258667
2006-11-27,2.6781082153320312
2006-11-28,2.7460033893585205
2006-11-29,2.7457034587860107
2006-11-30,2.741515636444092
2006-12-01,2.7313485145568848
2006-12-04,2.725365400314331
2006-12-05,2.7298529148101807
2006-12-06,2.686781406402588
2006-12-07,2.603333711624145
2006-12-08,2.6398239135742188
2006-12-11,2.654480218887329
2006-12-12,2.5764153003692627
2006-12-13,2.663451671600342
2006-12-14,2.6484978199005127
2006-12-15,2.6236722469329834
2006-12-18,2.5563764572143555
2006-12-19,2.58150053024292
2006-12-20,2.5351402759552
2006-12-21,2.4795093536376958
2006-12-22,2.4585719108581543
2006-12-26,2.437933921813965
2006-12-27,2.438232421875
2006-12-28,2.4187915325164795
2006-12-29,2.5375332832336426
2007-01-03,2.50642728805542
2007-01-04,2.562058210372925
2007-01-05,2.5438146591186523
2007-01-08,2.5563764572143555
2007-01-09,2.7687346935272217
2007-01-10,2.9012351036071777
2007-01-11,2.8653435707092285
2007-01-12,2.830049753189087
2007-01-16,2.9042248725891118
2007-01-17,2.839919090270996
2007-01-18,2.664050340652466
2007-01-19,2.647001981735229
2007-01-22,2.5958573818206787
2007-01-23,2.5632553100585938
2007-01-24,2.593165636062622
2007-01-25,2.579706907272339
2007-01-26,2.553684711456299
2007-01-29,2.5704338550567627
2007-01-30,2.5587687492370605
2007-01-31,2.564152240753174
2007-02-01,2.534542322158813
2007-02-02,2.5348429679870605
2007-02-05,2.5106143951416016
2007-02-06,2.516895294189453
2007-02-07,2.5767147541046143
2007-02-08,2.577610731124878
2007-02-09,2.490576267242432
2007-02-12,2.5387301445007324
2007-02-13,2.533345937728882
2007-02-14,2.5512919425964355
2007-02-15,2.548600673675537
2007-02-16,2.5372345447540283
2007-02-20,2.5692362785339355
2007-02-21,2.667937994003296
2007-02-22,2.677211284637451
2007-02-23,2.664050340652466
2007-02-26,2.647301197052002
2007-02-27,2.510315418243408
2007-02-28,2.530653953552246
2007-03-01,2.603933572769165
2007-03-02,2.5545811653137207
2007-03-05,2.581799030303955
2007-03-06,2.637730598449707
2007-03-07,2.6236722469329834
2007-03-08,2.632049083709717
2007-03-09,2.6311511993408203
2007-03-12,2.6879782676696777
2007-03-13,2.6440117359161377
2007-03-14,2.6918673515319824
2007-03-15,2.6790053844451904
2007-03-16,2.679603815078736
2007-03-19,2.7256648540496826
2007-03-20,2.7361326217651367
2007-03-21,2.807617664337158
2007-03-22,2.810309171676636
2007-03-23,2.797148466110229
2007-03-26,2.8668372631073
2007-03-27,2.8551740646362305
2007-03-28,2.788774013519287
2007-03-29,2.804027318954468
2007-03-30,2.7789039611816406
2007-04-02,2.8010377883911133
2007-04-03,2.8264598846435547
2007-04-04,2.819580554962158
2007-04-05,2.8318443298339844
2007-04-09,2.8010377883911133
2007-04-10,2.8189823627471924
2007-04-11,2.76933217048645
2007-04-12,2.757369041442871
2007-04-13,2.6990442276000977
2007-04-16,2.734636783599853
2007-04-17,2.702335357666016
2007-04-18,2.703829765319824
2007-04-19,2.6999430656433105
2007-04-20,2.7208800315856934
2007-04-23,2.796849489212036
2007-04-24,2.788774013519287
2007-04-25,2.8518834114074707
2007-04-26,2.956267833709717
2007-04-27,2.988570213317871
2007-04-30,2.984981060028076
2007-05-01,2.975111484527588
2007-05-02,3.0026280879974365
2007-05-03,3.002926826477051
2007-05-04,3.0151896476745605
2007-05-07,3.108210325241089
2007-05-08,3.1423051357269287
2007-05-09,3.196742057800293
2007-05-10,3.210499763488769
2007-05-11,3.252372980117798
2007-05-14,3.270916700363159
2007-05-15,3.215883016586304
2007-05-16,3.210499763488769
2007-05-17,3.273309230804444
2007-05-18,3.2906582355499268
2007-05-21,3.349281549453736
2007-05-22,3.3959403038024902
2007-05-23,3.376497507095337
2007-05-24,3.310696601867676
2007-05-25,3.3983311653137207
2007-05-29,3.420166492462158
2007-05-30,3.5523667335510254
2007-05-31,3.624747753143311
2007-06-01,3.541299343109131
2007-06-04,3.6289353370666495
2007-06-05,3.6690151691436768
2007-06-06,3.698026418685913
2007-06-07,3.710887670516968
2007-06-08,3.723450183868408
2007-06-11,3.594839096069336
2007-06-12,3.6005194187164307
2007-06-13,3.5143826007843018
2007-06-14,3.551769971847534
2007-06-15,3.604111433029175
2007-06-18,3.7413954734802246
2007-06-19,3.6986255645751953
2007-06-20,3.6355156898498535
2007-06-21,3.705804347991944
2007-06-22,3.678882837295532
2007-06-25,3.659144401550293
2007-06-26,3.5786867141723637
2007-06-27,3.645684480667114
2007-06-28,3.6059045791625977
2007-06-29,3.650170087814331
2007-07-02,3.6268422603607178
2007-07-03,3.803607940673828
2007-07-05,3.9705028533935542
2007-07-06,3.9570443630218506
2007-07-09,3.8981213569641113
2007-07-10,3.958539485931397
2007-07-11,3.95973539352417
2007-07-12,4.009984970092773
2007-07-13,4.11945390701294
2007-07-16,4.130520820617676
2007-07-17,4.154745101928711
2007-07-18,4.131117820739746
2007-07-19,4.187348365783691
2007-07-20,4.299509525299072
2007-07-23,4.2980146408081055
2007-07-24,4.034512042999268
2007-07-25,4.105398178100586
2007-07-26,4.366804122924805
2007-07-27,4.302499771118164
2007-07-30,4.230118751525879
2007-07-31,3.940895318984986
2007-08-01,4.0378007888793945
2007-08-02,4.082365989685059
2007-08-03,3.943584680557251
2007-08-06,4.04527759552002
2007-08-07,4.038695335388184
2007-08-08,4.0081892013549805
2007-08-09,3.780277729034424
2007-08-10,3.738703727722168
2007-08-13,3.822152137756348
2007-08-14,3.709691286087036
2007-08-15,3.586165189743042
2007-08-16,3.5009207725524902
2007-08-17,3.650768995285034
2007-08-20,3.65555477142334
2007-08-21,3.815570831298828
2007-08-22,3.96332597732544
2007-08-23,3.920255661010742
2007-08-24,4.046772480010986
2007-08-27,3.955547332763672
2007-08-28,3.7931389808654794
2007-08-29,4.010281562805176
2007-08-30,4.075187683105469
2007-08-31,4.141884803771973
2007-09-04,4.311771392822266
2007-09-05,4.0904412269592285
2007-09-06,4.038100242614746
2007-09-07,3.941193819046021
2007-09-10,4.088947296142578
2007-09-11,4.052454471588135
2007-09-12,4.093132019042969
2007-09-13,4.103602409362793
2007-09-14,4.151755809783936
2007-09-17,4.139791965484619
2007-09-18,4.214864253997803
2007-09-19,4.210379123687744
2007-09-20,4.196620464324951
2007-09-21,4.311473846435547
2007-09-24,4.434999942779541
2007-09-25,4.581557750701904
2007-09-26,4.569294452667236
2007-09-27,4.621038436889648
2007-09-28,4.5902299880981445
2007-10-01,4.676070690155029
2007-10-02,4.739181995391846
2007-10-03,4.723329067230225
2007-10-04,4.6730804443359375
2007-10-05,4.8289079666137695
2007-10-08,5.022127628326416
2007-10-09,5.020630836486816
2007-10-10,4.988627433776856
2007-10-11,4.852239608764648
2007-10-12,5.002383708953857
2007-10-15,4.99431037902832
2007-10-16,5.072076320648193
2007-10-17,5.1668877601623535
2007-10-18,5.189321517944336
2007-10-19,5.097201824188232
2007-10-22,5.215043067932129
2007-10-23,5.567975997924805
2007-10-24,5.561097621917725
2007-10-25,5.466882228851318
2007-10-26,5.524308204650879
2007-10-29,5.53597354888916
2007-10-30,5.593101501464844
2007-10-31,5.681334495544434
2007-11-01,5.606261253356934
2007-11-02,5.619122505187988
2007-11-05,5.568574905395508
2007-11-06,5.736370086669922
2007-11-07,5.572165012359619
2007-11-08,5.24824333190918
2007-11-09,4.946157455444336
2007-11-12,4.598903656005859
2007-11-13,5.083440780639648
2007-11-14,4.968289375305176
2007-11-15,4.914153575897217
2007-11-16,4.976664066314697
2007-11-19,4.903683662414551
2007-11-20,5.05024003982544
2007-11-21,5.038577079772949
2007-11-23,5.130697250366211
2007-11-26,5.160609245300293
2007-11-27,5.228501796722412
2007-11-28,5.39031457901001
2007-11-29,5.512047290802002
2007-11-30,5.450131893157959
2007-12-03,5.349638938903809
2007-12-04,5.378050804138184
2007-12-05,5.54823637008667
2007-12-06,5.681334495544434
2007-12-07,5.811440944671631
2007-12-10,5.808749198913574
2007-12-11,5.639160633087158
2007-12-12,5.708551406860352
2007-12-13,5.737562656402588
2007-12-14,5.694494724273682
2007-12-17,5.515336513519287
2007-12-18,5.472864151000977
2007-12-19,5.477051734924316
2007-12-20,5.599380493164063
2007-12-21,5.799777507781982
2007-12-24,5.946034908294678
2007-12-26,5.950521469116211
2007-12-27,5.93915605545044
2007-12-28,5.976840496063232
2007-12-31,5.92449951171875
2008-01-02,5.827593326568604
2008-01-03,5.830284118652344
2008-01-04,5.385229587554932
2008-01-07,5.31314754486084
2008-01-08,5.1220245361328125
2008-01-09,5.365787982940674
2008-01-10,5.324512958526611
2008-01-11,5.165092945098877
2008-01-14,5.347243309020996
2008-01-15,5.055924892425537
2008-01-16,4.774774074554443
2008-01-17,4.812159061431885
2008-01-18,4.826217174530029
2008-01-22,4.655133247375488
2008-01-23,4.159533500671387
2008-01-24,4.055746078491211
2008-01-25,3.888550758361816
2008-01-28,3.888550758361816
2008-01-29,3.934313535690308
2008-01-30,3.953456163406372
2008-01-31,4.048567771911621
2008-02-01,4.000413417816162
2008-02-04,3.9376022815704346
2008-02-05,3.869110107421875
2008-02-06,3.648973226547241
2008-02-07,3.626242637634277
2008-02-08,3.753061294555664
2008-02-11,3.871802806854248
2008-02-12,3.7345149517059326
2008-02-13,3.870307445526123
2008-02-14,3.812281370162964
2008-02-15,3.7276370525360103
2008-02-19,3.6543586254119873
2008-02-20,3.703411817550659
2008-02-21,3.635215759277344
2008-02-22,3.573005437850952
2008-02-25,3.5813794136047363
2008-02-26,3.563732385635376
2008-02-27,3.677687883377075
2008-02-28,3.885558843612671
2008-02-29,3.739302635192871
2008-03-03,3.640899181365967
2008-03-04,3.727337121963501
2008-03-05,3.723450183868408
2008-03-06,3.616971492767334
2008-03-07,3.65645170211792
2008-03-10,3.5798842906951904
2008-03-11,3.808990955352783
2008-03-12,3.769510507583618
2008-03-13,3.826636791229248
2008-03-14,3.786857843399048
2008-03-17,3.790447950363159
2008-03-18,3.9725964069366455
2008-03-19,3.87838077545166
2008-03-20,3.986057758331299
2008-03-24,4.173290252685547
2008-03-25,4.216660022735596
2008-03-26,4.338690280914307
2008-03-27,4.194825649261475
2008-03-28,4.2773756980896
2008-03-31,4.292031764984131
2008-04-01,4.472385406494141
2008-04-02,4.411370754241943
2008-04-03,4.534598350524902
2008-04-04,4.5785675048828125
2008-04-07,4.662612915039063
2008-04-08,4.57138729095459
2008-04-09,4.529512405395508
2008-04-10,4.622532844543457
2008-04-11,4.400903224945068
2008-04-14,4.420046329498291
2008-04-15,4.437991142272949
2008-04-16,4.597109794616699
2008-04-17,4.6207380294799805
2008-04-18,4.816648483276367
2008-04-21,5.029604911804199
2008-04-22,4.79152250289917
2008-04-23,4.871978759765625
2008-04-24,5.052932262420654
2008-04-25,5.076561450958252
2008-04-28,5.151634216308594
2008-04-29,5.235681056976318
2008-04-30,5.202780723571777
2008-05-01,5.383733749389648
2008-05-02,5.411849498748779
2008-05-05,5.525204181671143
2008-05-06,5.582932472229004
2008-05-07,5.4611992835998535
2008-05-08,5.535075664520264
2008-05-09,5.486922264099121
2008-05-12,5.62779712677002
2008-05-13,5.681634426116943
2008-05-14,5.570967674255371
2008-05-15,5.674754142761231
2008-05-16,5.6116461753845215
2008-05-19,5.491408348083496
2008-05-20,5.5602006912231445
2008-05-21,5.329597473144531
2008-05-22,5.295501232147217
2008-05-23,5.418727874755859
2008-05-27,5.576052188873291
2008-05-28,5.593400001525879
2008-05-29,5.583829879760742
2008-05-30,5.645443439483643
2008-06-02,5.5661821365356445
2008-06-03,5.544347286224365
2008-06-04,5.53896427154541
2008-06-05,5.665780544281006
2008-06-06,5.552425384521484
2008-06-09,5.431887626647949
2008-06-10,5.552425384521484
2008-06-11,5.407960891723633
2008-06-12,5.182143211364746
2008-06-13,5.155523300170898
2008-06-16,5.289217472076416
2008-06-17,5.426504611968994
2008-06-18,5.3463454246521
2008-06-19,5.410651683807373
2008-06-20,5.2422614097595215
2008-06-23,5.17915153503418
2008-06-24,5.181842803955078
2008-06-25,5.305669784545898
2008-06-26,5.032594680786133
2008-06-27,5.08732795715332
2008-06-30,5.008068561553955
2008-07-01,5.224613189697266
2008-07-02,5.030202865600586
2008-07-03,5.088226318359375
2008-07-07,5.238969802856445
2008-07-08,5.370274066925049
2008-07-09,5.211752414703369
2008-07-10,5.282938003540039
2008-07-11,5.16180419921875
2008-07-14,5.200686931610107
2008-07-15,5.073869228363037
2008-07-16,5.168682098388672
2008-07-17,5.138774394989014
2008-07-18,4.939574241638184
2008-07-21,4.973672389984131
2008-07-22,4.84596061706543
2008-07-23,4.972774505615234
2008-07-24,4.756527423858643
2008-07-25,4.848947525024414
2008-07-28,4.618048191070557
2008-07-29,4.698204517364502
2008-07-30,4.781952381134033
2008-07-31,4.75413703918457
2008-08-01,4.685642719268799
2008-08-04,4.5830512046813965
2008-08-05,4.804683208465576
2008-08-06,4.910861968994141
2008-08-07,4.892317771911621
2008-08-08,5.071178913116455
2008-08-11,5.191115379333496
2008-08-12,5.285928726196289
2008-08-13,5.362797260284424
2008-08-14,5.363394737243652
2008-08-15,5.25631856918335
2008-08-18,5.245852470397949
2008-08-19,5.190218448638916
2008-08-20,5.259307861328125
2008-08-21,5.212950706481934
2008-08-22,5.287724018096924
2008-08-25,5.160908222198486
2008-08-26,5.193508148193359
2008-08-27,5.224314689636231
2008-08-28,5.196499347686768
2008-08-29,5.070579528808594
2008-09-02,4.970682621002197
2008-09-03,4.993711948394775
2008-09-04,4.822030067443848
2008-09-05,4.790925025939941
2008-09-08,4.723329067230225
2008-09-09,4.5366926193237305
2008-09-10,4.534598350524902
2008-09-11,4.5657057762146
2008-09-12,4.454740524291992
2008-09-15,4.198115348815918
2008-09-16,4.183759689331055
2008-09-17,3.823348045349121
2008-09-18,4.010580539703369
2008-09-19,4.214564323425293
2008-09-22,3.919655799865722
2008-09-23,3.79373836517334
2008-09-24,3.849668502807617
2008-09-25,3.945978164672852
2008-09-26,3.8356103897094727
2008-09-29,3.1482882499694824
2008-09-30,3.399528980255127
2008-10-01,3.2637383937835693
2008-10-02,2.993954658508301
2008-10-03,2.903328657150269
2008-10-06,2.935330390930176
2008-10-07,2.6667425632476807
2008-10-08,2.6855857372283936
2008-10-09,2.65418028831482
2008-10-10,2.8952529430389404
2008-10-13,3.2978355884552
2008-10-14,3.112994432449341
2008-10-15,2.929648160934448
2008-10-16,3.047492265701294
2008-10-17,2.9131970405578613
2008-10-20,2.944303035736084
2008-10-21,2.7364320755004883
2008-10-22,2.897345304489136
2008-10-23,2.938023090362549
2008-10-24,2.882689952850342
2008-10-27,2.7543773651123047
2008-10-28,2.9882700443267822
2008-10-29,3.127052068710327
2008-10-30,3.321165084838867
2008-10-31,3.2179765701293945
2008-11-03,3.1991333961486816
2008-11-04,3.3196699619293213
2008-11-05,3.089664459228516
2008-11-06,2.9640443325042725
2008-11-07,2.938322067260742
2008-11-10,2.8677353858947754
2008-11-11,2.834536075592041
2008-11-12,2.6954545974731445
2008-11-13,2.8844847679138184
2008-11-14,2.6990442276000977
2008-11-17,2.6362345218658447
2008-11-18,2.689173936843872
2008-11-19,2.580902576446533
2008-11-20,2.407426357269287
2008-11-21,2.469937324523926
2008-11-24,2.7801003456115723
2008-11-25,2.715794086456299
2008-11-26,2.8414151668548584
2008-11-28,2.7717251777648926
2008-12-01,2.659862756729126
2008-12-02,2.7657437324523926
2008-12-03,2.8683338165283203
2008-12-04,2.734039068222046
2008-12-05,2.8115055561065674
2008-12-08,2.9825897216796875
2008-12-09,2.9927568435668945
2008-12-10,2.937424898147583
2008-12-11,2.8414151668548584
2008-12-12,2.9392199516296387
2008-12-15,2.833937168121338
2008-12-16,2.8542752265930176
2008-12-17,2.6667425632476807
2008-12-18,2.6748199462890625
2008-12-19,2.6918673515319824
2008-12-22,2.564452171325684
2008-12-23,2.5835936069488525
2008-12-24,2.5435147285461426
2008-12-26,2.566545009613037
2008-12-29,2.590472459793091
2008-12-30,2.580902576446533
2008-12-31,2.5527868270874023
2009-01-02,2.714298963546753
2009-01-05,2.828852891921997
2009-01-06,2.7821929454803467
2009-01-07,2.722076177597046
2009-01-08,2.7726221084594727
2009-01-09,2.709214687347412
2009-01-12,2.651787519454956
2009-01-13,2.623373031616211
2009-01-14,2.552189826965332
2009-01-15,2.4938652515411377
2009-01-16,2.4624598026275635
2009-01-20,2.338933229446411
2009-01-21,2.477413892745972
2009-01-22,2.6428146362304688
2009-01-23,2.6428146362304688
2009-01-26,2.6810994148254395
2009-01-27,2.713701009750366
2009-01-28,2.817488193511963
2009-01-29,2.7815959453582764
2009-01-30,2.6957550048828125
2009-02-02,2.737030506134033
2009-02-03,2.7809972763061523
2009-02-04,2.7980451583862305
2009-02-05,2.885082483291626
2009-02-06,2.9825897216796875
2009-02-09,3.0660359859466557
2009-02-10,2.9260594844818115
2009-02-11,2.895850896835327
2009-02-12,2.969129800796509
2009-02-13,2.965839147567749
2009-02-17,2.8273568153381348
2009-02-18,2.822571992874145
2009-02-19,2.7110092639923096
2009-02-20,2.727758407592773
2009-02-23,2.600641965866089
2009-02-24,2.6993439197540283
2009-02-25,2.726561546325684
2009-02-26,2.6676394939422607
2009-02-27,2.6712288856506348
2009-03-02,2.6302528381347656
2009-03-03,2.643113613128662
2009-03-04,2.726860761642456
2009-03-05,2.657171726226806
2009-03-06,2.5512919425964355
2009-03-09,2.485788583755493
2009-03-10,2.6508898735046387
2009-03-11,2.772024631500244
2009-03-12,2.8817923069000244
2009-03-13,2.8692307472229004
2009-03-16,2.8539767265319824
2009-03-17,2.9807934761047363
2009-03-18,3.0364253520965576
2009-03-19,3.039417028427124
2009-03-20,3.0385186672210693
2009-03-23,3.2200703620910645
2009-03-24,3.185374975204468
2009-03-25,3.1850759983062744
2009-03-26,3.286171197891236
2009-03-27,3.195843458175659
2009-03-30,3.1252572536468506
2009-03-31,3.144101619720459
2009-04-01,3.250877141952514
2009-04-02,3.37111496925354
2009-04-03,3.4692182540893555
2009-04-06,3.5427956581115723
2009-04-07,3.4396073818206787
2009-04-08,3.479088306427002
2009-04-09,3.5762939453125
2009-04-13,3.595736503601074
2009-04-14,3.538609266281128
2009-04-15,3.5185694694519043
2009-04-16,3.632524490356445
2009-04-17,3.6914448738098153
2009-04-20,3.604111433029175
2009-04-21,3.641794681549072
2009-04-22,3.634318828582764
2009-04-23,3.750666856765747
2009-04-24,3.705804347991944
2009-04-27,3.730628490447998
2009-04-28,3.705804347991944
2009-04-29,3.742892265319824
2009-04-30,3.76352858543396
2009-05-01,3.8057024478912354
2009-05-04,3.950165748596192
2009-05-05,3.969308614730835
2009-05-06,3.963027000427246
2009-05-07,3.8601362705230713
2009-05-08,3.864025592803955
2009-05-11,3.875390529632568
2009-05-12,3.721356153488159
2009-05-13,3.573901891708374
2009-05-14,3.677389621734619
2009-05-15,3.66153621673584
2009-05-18,3.788055419921875
2009-05-19,3.811983108520508
2009-05-20,3.764724969863892
2009-05-21,3.7141776084899902
2009-05-22,3.663930177688599
2009-05-26,3.9115805625915527
2009-05-27,3.9794771671295166
2009-05-28,4.039895534515381
2009-05-29,4.062027931213379
2009-06-01,4.167909145355225
2009-06-02,4.172094345092773
2009-06-03,4.215762615203857
2009-06-04,4.299211502075195
2009-06-05,4.327027320861816
2009-06-08,4.302499771118164
2009-06-09,4.268702030181885
2009-06-10,4.194825649261475
2009-06-11,4.185853481292725
2009-06-12,4.0967230796813965
2009-06-15,4.070400714874268
2009-06-16,4.078178405761719
2009-06-17,4.055148124694824
2009-06-18,4.064122200012207
2009-06-19,4.171794891357422
2009-06-22,4.108684539794922
2009-06-23,4.0081892013549805
2009-06-24,4.074289321899414
2009-06-25,4.18316125869751
2009-06-26,4.2603278160095215
2009-06-29,4.246269702911377
2009-06-30,4.260028839111328
2009-07-01,4.2719926834106445
2009-07-02,4.187946319580078
2009-07-06,4.145773410797119
2009-07-07,4.049764156341553
2009-07-08,4.104198932647705
2009-07-09,4.078476428985596
2009-07-10,4.143080711364746
2009-07-13,4.257335186004639
2009-07-14,4.255245208740234
2009-07-15,4.393126010894775
2009-07-16,4.412268161773682
2009-07-17,4.538787364959717
2009-07-20,4.57348108291626
2009-07-21,4.531606197357178
2009-07-22,4.6880364418029785
2009-07-23,4.720338344573975
2009-07-24,4.785241603851318
2009-07-27,4.788530826568604
2009-07-28,4.7855401039123535
2009-07-29,4.786437034606934
2009-07-30,4.868988990783691
2009-07-31,4.886934280395508
2009-08-03,4.977859020233154
2009-08-04,4.951537132263184
2009-08-05,4.938380718231201
2009-08-06,4.902487754821777
2009-08-07,4.950342178344727
2009-08-10,4.926714897155762
2009-08-11,4.870183944702148
2009-08-12,4.944361686706543
2009-08-13,5.037380218505859
2009-08-14,4.9883294105529785
2009-08-17,4.773277759552002
2009-08-18,4.905179500579834
2009-08-19,4.923122882843018
2009-08-20,4.974868774414063
2009-08-21,5.061306953430176
2009-08-24,5.056521415710449
2009-08-25,5.066691875457764
2009-08-26,5.007172584533691
2009-08-27,5.068187236785889
2009-08-28,5.0861334800720215
2009-08-31,5.031098365783691
2009-09-01,4.944061756134033
2009-09-02,4.94047212600708
2009-09-03,4.981449127197266
2009-09-04,5.09390926361084
2009-09-08,5.172271251678467
2009-09-09,5.118734359741211
2009-09-10,5.161206245422363
2009-09-11,5.149240493774414
2009-09-14,5.195899486541748
2009-09-15,5.238969802856445
2009-09-16,5.4396653175354
2009-09-17,5.519822120666504
2009-09-18,5.533880710601807
2009-09-21,5.503972053527832
2009-09-22,5.517725944519043
2009-09-23,5.54823637008667
2009-09-24,5.497988700866699
2009-09-25,5.454620361328125
2009-09-28,5.567677974700928
2009-09-29,5.544647693634033
2009-09-30,5.543750286102295
2009-10-01,5.409458160400391
2009-10-02,5.530289173126221
2009-10-05,5.563787937164307
2009-10-06,5.683128356933594
2009-10-07,5.690306663513184
2009-10-08,5.660994529724121
2009-10-09,5.696887016296387
2009-10-12,5.707056999206543
2009-10-13,5.683430194854736
2009-10-14,5.7214131355285645
2009-10-15,5.699577808380127
2009-10-16,5.624506950378418
2009-10-19,5.678641319274902
2009-10-20,5.9448347091674805
2009-10-21,6.129079341888428
2009-10-22,6.137455463409424
2009-10-23,6.099769115447998
2009-10-26,6.0561041831970215
2009-10-27,5.903263568878174
2009-10-28,5.754614353179932
2009-10-29,5.872757434844971
2009-10-30,5.637965679168701
2009-11-02,5.662191390991211
2009-11-03,5.645443439483643
2009-11-04,5.707056999206543
2009-11-05,5.803364276885986
2009-11-06,5.8126373291015625
2009-11-09,6.025593280792236
2009-11-10,6.07105827331543
2009-11-11,6.079130172729492
2009-11-12,6.041447162628174
2009-11-13,6.115023136138916
2009-11-16,6.180224895477295
2009-11-17,6.191293716430664
2009-11-18,6.160187244415283
2009-11-19,5.99717903137207
2009-11-20,5.979533672332764
2009-11-23,6.15779447555542
2009-11-24,6.1147236824035645
2009-11-25,6.107248306274414
2009-11-27,5.999574184417725
2009-11-30,5.979233741760254
2009-12-01,5.891299247741699
2009-12-02,5.869168281555176
2009-12-03,5.876645088195801
2009-12-04,5.782130718231201
2009-12-07,5.651424407958984
2009-12-08,5.678940296173096
2009-12-09,5.9161248207092285
2009-12-10,5.875147819519043
2009-12-11,5.822509288787842
2009-12-14,5.891600131988525
2009-12-15,5.807552814483643
2009-12-16,5.833277225494385
2009-12-17,5.738462448120117
2009-12-18,5.84523868560791
2009-12-21,5.9289870262146
2009-12-22,5.992693901062012
2009-12-23,6.044737339019775
2009-12-24,6.252308368682861
2009-12-28,6.32917594909668
2009-12-29,6.254103660583496
2009-12-30,6.33007287979126
2009-12-31,6.302855014801025
2010-01-04,6.400959968566895
2010-01-05,6.412026882171631
2010-01-06,6.31003475189209
2010-01-07,6.298369884490967
2010-01-08,6.340243816375732
2010-01-11,6.284310340881348
2010-01-12,6.212826251983643
2010-01-13,6.30046272277832
2010-01-14,6.263974189758301
2010-01-15,6.159290313720703
2010-01-19,6.431766033172607
2010-01-20,6.332766056060791
2010-01-21,6.223295211791992
2010-01-22,5.914629936218262
2010-01-25,6.073747634887695
2010-01-26,6.159589767456055
2010-01-27,6.217616081237793
2010-01-28,5.960690021514893
2010-01-29,5.744441509246826
2010-02-01,5.82430362701416
2010-02-02,5.858100414276123
2010-02-03,5.958894729614258
2010-02-04,5.744146823883057
2010-02-05,5.84613561630249
2010-02-08,5.806059837341309
2010-02-09,5.867970943450928
2010-02-10,5.835970401763916
2010-02-11,5.942147731781006
2010-02-12,5.993292808532715
2010-02-16,6.083621501922607
2010-02-17,6.058197021484375
2010-02-18,6.069560527801514
2010-02-19,6.031876087188721
2010-02-22,5.994489192962647
2010-02-23,5.893991470336914
2010-02-24,6.00166654586792
2010-02-25,6.041744232177734
2010-02-26,6.120108127593994
2010-03-01,6.250814437866211
2010-03-02,6.246626853942871
2010-03-03,6.260984897613525
2010-03-04,6.302258968353272
2010-03-05,6.5487141609191895
2010-03-08,6.552600383758545
2010-03-09,6.670446872711182
2010-03-10,6.724879741668701
2010-03-11,6.744621276855469
2010-03-12,6.777521133422852
2010-03-15,6.694972038269043
2010-03-16,6.713217258453369
2010-03-17,6.703347206115723
2010-03-18,6.7191972732543945
2010-03-19,6.647416114807129
2010-03-22,6.722188949584961
2010-03-23,6.830164432525635
2010-03-24,6.8603692054748535
2010-03-25,6.779018402099609
2010-03-26,6.906133651733398
2010-03-29,6.950698852539063
2010-03-30,7.054185390472412
2010-03-31,7.028764247894287
2010-04-01,7.057778358459473
2010-04-05,7.1331467628479
2010-04-06,7.164552211761475
2010-04-07,7.196254730224609
2010-04-08,7.176814556121826
2010-04-09,7.231850147247314
2010-04-12,7.246802806854248
2010-04-13,7.250991344451904
2010-04-14,7.3485002517700195
2010-04-15,7.445103645324707
2010-04-16,7.399641990661621
2010-04-19,7.389773845672607
2010-04-20,7.315596580505371
2010-04-21,7.753173828125
2010-04-22,7.970016956329346
2010-04-23,8.100422859191895
2010-04-26,8.060647010803223
2010-04-27,7.837518215179443
2010-04-28,7.824361324310303
2010-04-29,8.03492259979248
2010-04-30,7.809108257293701
2010-05-03,7.966429233551025
2010-05-04,7.7370219230651855
2010-05-05,7.656566143035889
2010-05-06,7.365248680114746
2010-05-07,7.05448579788208
2010-05-10,7.59674596786499
2010-05-11,7.67241907119751
2010-05-12,7.839012622833252
2010-05-13,7.727453231811523
2010-05-14,7.59166145324707
2010-05-17,7.603626728057861
2010-05-18,7.54799222946167
2010-05-19,7.427760601043701
2010-05-20,7.111311912536621
2010-05-21,7.247704029083252
2010-05-24,7.380501747131348
2010-05-25,7.334438323974609
2010-05-26,7.301241397857666
2010-05-27,7.577603816986084
2010-05-28,7.683186054229736
2010-06-01,7.801331043243408
2010-06-02,7.894647121429443
2010-06-03,7.869823455810547
2010-06-04,7.65566873550415
2010-06-07,7.505521297454834
2010-06-08,7.457367897033691
2010-06-09,7.27402400970459
2010-06-10,7.492662906646728
2010-06-11,7.582389831542969
2010-06-14,7.605423450469971
2010-06-15,7.767228603363037
2010-06-16,7.993347644805908
2010-06-17,8.131528854370117
2010-06-18,8.197328567504883
2010-06-21,8.0806884765625
2010-06-22,8.190750122070312
2010-06-23,8.1046142578125
2010-06-24,8.045692443847656
2010-06-25,7.976901054382324
2010-06-28,8.02475643157959
2010-06-29,7.661950588226318
2010-06-30,7.523168087005615
2010-07-01,7.431945323944092
2010-07-02,7.385883331298828
2010-07-06,7.436435699462891
2010-07-07,7.736722946166992
2010-07-08,7.719377517700195
2010-07-09,7.765139579772949
2010-07-12,7.695450782775879
2010-07-13,7.531244277954102
2010-07-14,7.559060573577881
2010-07-15,7.520773887634277
2010-07-16,7.474417686462402
2010-07-19,7.345205307006836
2010-07-20,7.533932685852051
2010-07-21,7.604223251342773
2010-07-22,7.747190952301025
2010-07-23,7.774711608886719
2010-07-26,7.754968643188477
2010-07-27,7.89853572845459
2010-07-28,7.805214881896973
2010-07-29,7.719974040985107
2010-07-30,7.694251537322998
2010-08-02,7.831838130950928
2010-08-03,7.834231853485107
2010-08-04,7.865633487701416
2010-08-05,7.827352523803711
2010-08-06,7.779194831848144
2010-08-09,7.828844547271728
2010-08-10,7.7588582038879395
2010-08-11,7.483091354370117
2010-08-12,7.530947208404541
2010-08-13,7.450491905212402
2010-08-16,7.406823635101318
2010-08-17,7.536330223083496
2010-08-18,7.569231986999512
2010-08-19,7.473819732666016
2010-08-20,7.466639041900635
2010-08-23,7.351785182952881
2010-08-24,7.176218986511231
2010-08-25,7.264750480651855
2010-08-26,7.186685085296631
2010-08-27,7.226765632629394
2010-08-30,7.253086090087891
2010-08-31,7.271031856536865
2010-09-01,7.48727560043335
2010-09-02,7.542312622070312
2010-09-03,7.739715576171875
2010-09-07,7.711000919342041
2010-09-08,7.8638386726379395
2010-09-09,7.868324279785156
2010-09-10,7.878496170043945
2010-09-13,7.987067222595215
2010-09-14,8.017576217651367
2010-09-15,8.082179069519043
2010-09-16,8.272107124328613
2010-09-17,8.23621654510498
2010-09-20,8.471303939819336
2010-09-21,8.487455368041992
2010-09-22,8.606498718261719
2010-09-23,8.64149284362793
2010-09-24,8.743184089660645
2010-09-27,8.708489418029785
2010-09-28,8.579874992370605
2010-09-29,8.59512996673584
2010-09-30,8.486858367919922
2010-10-01,8.450069427490234
2010-10-04,8.334022521972656
2010-10-05,8.642088890075684
2010-10-06,8.649566650390625
2010-10-07,8.650463104248047
2010-10-08,8.795523643493652
2010-10-11,8.83410930633545
2010-10-12,8.92922306060791
2010-10-13,8.977076530456543
2010-10-14,9.041979789733888
2010-10-15,9.413756370544434
2010-10-18,9.511260986328123
2010-10-19,9.256731033325195
2010-10-20,9.287836074829102
2010-10-21,9.257633209228516
2010-10-22,9.196311950683594
2010-10-25,9.23729419708252
2010-10-26,9.213663101196287
2010-10-27,9.207080841064451
2010-10-28,9.12961483001709
2010-10-29,9.002202033996582
2010-11-01,9.097915649414062
2010-11-02,9.252845764160156
2010-11-03,9.35573387145996
2010-11-04,9.51933765411377
2010-11-05,9.485240936279297
2010-11-08,9.529809951782228
2010-11-09,9.453839302062988
2010-11-10,9.512158393859863
2010-11-11,9.47088623046875
2010-11-12,9.21306324005127
2010-11-15,9.183452606201172
2010-11-16,9.0204439163208
2010-11-17,8.987846374511719
2010-11-18,9.225028038024902
2010-11-19,9.174181938171388
2010-11-22,9.37248420715332
2010-11-23,9.234001159667969
2010-11-24,9.415553092956545
2010-11-26,9.421534538269045
2010-11-29,9.477461814880373
2010-11-30,9.306377410888672
2010-12-01,9.463403701782228
2010-12-02,9.515748023986816
2010-12-03,9.494514465332031
2010-12-06,9.575568199157717
2010-12-07,9.517542839050291
2010-12-08,9.601290702819824
2010-12-09,9.563904762268066
2010-12-10,9.587833404541016
2010-12-13,9.621028900146484
2010-12-14,9.579755783081056
2010-12-15,9.5818510055542
2010-12-16,9.608471870422363
2010-12-17,9.58932399749756
2010-12-20,9.637181282043455
2010-12-21,9.696698188781738
2010-12-22,9.725417137145996
2010-12-23,9.678759574890137
2010-12-27,9.711061477661133
2010-12-28,9.734688758850098
2010-12-29,9.729308128356934
2010-12-30,9.680551528930664
2010-12-31,9.647652626037598
2011-01-03,9.857319831848145
2011-01-04,9.908761978149414
2011-01-05,9.989813804626465
2011-01-06,9.98173999786377
2011-01-07,10.053229331970217
2011-01-10,10.242552757263184
2011-01-11,10.2183256149292
2011-01-12,10.301472663879396
2011-01-13,10.339159965515137
2011-01-14,10.422905921936035
2011-01-18,10.188715934753418
2011-01-19,10.1345796585083
2011-01-20,9.950337409973145
2011-01-21,9.772074699401855
2011-01-24,10.093008041381836
2011-01-25,10.21114730834961
2011-01-26,10.284422874450684
2011-01-27,10.265281677246094
2011-01-28,10.052624702453612
2011-01-31,10.148938179016112
2011-02-01,10.319719314575195
2011-02-02,10.298481941223145
2011-02-03,10.272162437438965
2011-02-04,10.363685607910156
2011-02-07,10.524603843688965
2011-02-08,10.6239013671875
2011-02-09,10.712432861328123
2011-02-10,10.604162216186523
2011-02-11,10.67324924468994
2011-02-14,10.742938041687012
2011-02-15,10.764473915100098
2011-02-16,10.861085891723633
2011-02-17,10.716623306274414
2011-02-18,10.48512077331543
2011-02-22,10.12770175933838
2011-02-23,10.247635841369627
2011-02-24,10.255412101745604
2011-02-25,10.413336753845217
2011-02-28,10.564382553100586
2011-03-01,10.447731971740724
2011-03-02,10.531778335571287
2011-03-03,10.754305839538574
2011-03-04,10.767468452453612
2011-03-07,10.628687858581545
2011-03-08,10.640650749206545
2011-03-09,10.542247772216797
2011-03-10,10.368768692016602
2011-03-11,10.527889251708984
2011-03-14,10.574847221374512
2011-03-15,10.331686973571776
2011-03-16,9.870478630065918
2011-03-17,10.00895881652832
2011-03-18,9.890222549438477
2011-03-21,10.148338317871094
2011-03-22,10.205167770385742
2011-03-23,10.14504623413086
2011-03-24,10.317925453186035
2011-03-25,10.514433860778809
2011-03-28,10.481526374816896
2011-03-29,10.497082710266112
2011-03-30,10.42739486694336
2011-03-31,10.42380428314209
2011-04-01,10.305659294128418
2011-04-04,10.204866409301758
2011-04-05,10.136073112487791
2011-04-06,10.110651969909668
2011-04-07,10.111849784851074
2011-04-08,10.021522521972656
2011-04-11,9.894109725952148
2011-04-12,9.941962242126465
2011-04-13,10.053524017333984
2011-04-14,9.942561149597168
2011-04-15,9.794209480285645
2011-04-18,9.925511360168455
2011-04-19,10.105269432067873
2011-04-20,10.241357803344728
2011-04-21,10.489306449890137
2011-04-25,10.558402061462402
2011-04-26,10.480932235717772
2011-04-27,10.472860336303713
2011-04-28,10.371164321899414
2011-04-29,10.472260475158691
2011-05-02,10.35710620880127
2011-05-03,10.414531707763672
2011-05-04,10.455512046813965
2011-05-05,10.371164321899414
2011-05-06,10.368474960327148
2011-05-09,10.396589279174805
2011-05-10,10.45192050933838
2011-05-11,10.385519981384276
2011-05-12,10.365777969360352
2011-05-13,10.184232711791992
2011-05-16,9.968879699707031
2011-05-17,10.053827285766602
2011-05-18,10.165387153625488
2011-05-19,10.185128211975098
2011-05-20,10.02630615234375
2011-05-23,10.001779556274414
2011-05-24,9.935678482055664
2011-05-25,10.072967529296877
2011-05-26,10.019726753234863
2011-05-27,10.09180736541748
2011-05-31,10.403468132019045
2011-06-01,10.33407497406006
2011-06-02,10.351723670959473
2011-06-03,10.272162437438965
2011-06-06,10.110651969909668
2011-06-07,9.931194305419922
2011-06-08,9.937173843383787
2011-06-09,9.914742469787598
2011-06-10,9.747550010681152
2011-06-13,9.768486976623535
2011-06-14,9.943155288696287
2011-06-15,9.772969245910645
2011-06-16,9.725417137145996
2011-06-17,9.578858375549316
2011-06-20,9.431105613708496
2011-06-21,9.729599952697754
2011-06-22,9.649144172668455
2011-06-23,9.906965255737305
2011-06-24,9.761008262634276
2011-06-27,9.931194305419922
2011-06-28,10.027502059936523
2011-06-29,9.99101448059082
2011-06-30,10.039764404296877
2011-07-01,10.266782760620115
2011-07-05,10.451321601867676
2011-07-06,10.52101230621338
2011-07-07,10.683720588684082
2011-07-08,10.758792877197266
2011-07-11,10.588008880615234
2011-07-12,10.580533981323242
2011-07-13,10.708246231079102
2011-07-14,10.70077133178711
2011-07-15,10.91462230682373
2011-07-18,11.180220603942873
2011-07-19,11.271443367004396
2011-07-20,11.572036743164062
2011-07-21,11.583704948425291
2011-07-22,11.763460159301758
2011-07-25,11.918989181518556
2011-07-26,12.06584358215332
2011-07-27,11.74222183227539
2011-07-28,11.71918773651123
2011-07-29,11.679113388061523
2011-08-01,11.866647720336914
2011-08-02,11.63215446472168
2011-08-03,11.741625785827637
2011-08-04,11.28699779510498
2011-08-05,11.174832344055176
2011-08-08,10.564382553100586
2011-08-09,11.186500549316406
2011-08-10,10.877835273742676
2011-08-11,11.177227973937988
2011-08-12,11.27563190460205
2011-08-15,11.467649459838867
2011-08-16,11.380011558532717
2011-08-17,11.37881851196289
2011-08-18,10.94841766357422
2011-08-19,10.648724555969238
2011-08-22,10.66098976135254
2011-08-23,11.174238204956056
2011-08-24,11.251404762268066
2011-08-25,11.177825927734377
2011-08-26,11.472740173339844
2011-08-29,11.663862228393556
2011-08-30,11.664458274841309
2011-08-31,11.510124206542969
2011-09-01,11.396465301513672
2011-09-02,11.18769645690918
2011-09-06,11.357881546020508
2011-09-07,11.483205795288086
2011-09-08,11.48948574066162
2011-09-09,11.290288925170898
2011-09-12,11.36386489868164
2011-09-13,11.503843307495115
2011-09-14,11.643820762634276
2011-09-15,11.753290176391602
2011-09-16,11.978804588317873
2011-09-19,12.311697959899902
2011-09-20,12.36613941192627
2011-09-21,12.32695484161377
2011-09-22,12.018288612365724
2011-09-23,12.092463493347168
2011-09-26,12.058670043945312
2011-09-27,11.941718101501465
2011-09-28,11.874423027038574
2011-09-29,11.681804656982422
2011-09-30,11.405139923095703
2011-10-03,11.20414924621582
2011-10-04,11.141337394714355
2011-10-05,11.313318252563477
2011-10-06,11.28699779510498
2011-10-07,11.060579299926758
2011-10-10,11.62916374206543
2011-10-11,11.972528457641602
2011-10-12,12.029354095458984
2011-10-13,12.215991973876951
2011-10-14,12.621862411499023
2011-10-17,12.561748504638672
2011-10-18,12.62904167175293
2011-10-19,11.922576904296877
2011-10-20,11.82357692718506
2011-10-21,11.750598907470703
2011-10-24,12.136430740356444
2011-10-25,11.8971529006958
2011-10-26,11.981800079345703
2011-10-27,12.104127883911133
2011-10-28,12.111905097961426
2011-10-31,12.106822967529297
2011-11-01,11.859468460083008
2011-11-02,11.88638401031494
2011-11-03,12.055673599243164
2011-11-04,11.971029281616213
2011-11-07,11.955770492553713
2011-11-08,12.150188446044922
2011-11-09,11.822678565979004
2011-11-10,11.5217866897583
2011-11-11,11.503843307495115
2011-11-14,11.343525886535645
2011-11-15,11.6297607421875
2011-11-16,11.508330345153809
2011-11-17,11.288190841674805
2011-11-18,11.214319229125977
2011-11-21,11.03695583343506
2011-11-22,11.261273384094238
2011-11-23,10.976536750793455
2011-11-25,10.874244689941406
2011-11-28,11.249608039855955
2011-11-29,11.162275314331056
2011-11-30,11.431464195251465
2011-12-01,11.602839469909668
2011-12-02,11.655783653259276
2011-12-05,11.754782676696776
2011-12-06,11.693167686462402
2011-12-07,11.637535095214844
2011-12-08,11.68449592590332
2011-12-09,11.773028373718262
2011-12-12,11.719786643981934
2011-12-13,11.62916374206543
2011-12-14,11.371339797973633
2011-12-15,11.33395290374756
2011-12-16,11.396172523498535
2011-12-19,11.431757926940918
2011-12-20,11.842717170715332
2011-12-21,11.857673645019531
2011-12-22,11.920480728149414
2011-12-23,12.06344985961914
2011-12-27,12.15916347503662
2011-12-28,12.042811393737791
2011-12-29,12.116984367370604
2011-12-30,12.113399505615234
2012-01-03,12.299737930297852
2012-01-04,12.365832328796388
2012-01-05,12.503122329711914
2012-01-06,12.633830070495604
2012-01-09,12.613789558410645
2012-01-10,12.65894889831543
2012-01-11,12.638315200805664
2012-01-12,12.603620529174805
2012-01-13,12.556363105773926
2012-01-17,12.702617645263672
2012-01-18,12.83452606201172
2012-01-19,12.793846130371094
2012-01-20,12.571017265319824
2012-01-23,12.783673286437988
2012-01-24,12.57430934906006
2012-01-25,13.35943603515625
2012-01-26,13.29871940612793
2012-01-27,13.37798023223877
2012-01-30,13.549362182617188
2012-01-31,13.65314769744873
2012-02-01,13.644479751586914
2012-02-02,13.61247444152832
2012-02-03,13.748860359191896
2012-02-06,13.877168655395508
2012-02-07,14.02253246307373
2012-02-08,14.25732707977295
2012-02-09,14.75053596496582
2012-02-10,14.758013725280762
2012-02-13,15.032585144042969
2012-02-14,15.237754821777344
2012-02-15,14.885122299194336
2012-02-16,15.020917892456056
2012-02-17,15.018227577209473
2012-02-21,15.398974418640137
2012-02-22,15.344836235046388
2012-02-23,15.445033073425291
2012-02-24,15.625092506408691
2012-02-27,15.72529125213623
2012-02-28,16.013919830322266
2012-02-29,16.22418212890625
2012-03-01,16.284894943237305
2012-03-02,16.306135177612305
2012-03-05,15.946614265441896
2012-03-06,15.859871864318848
2012-03-07,15.872736930847168
2012-03-08,16.210721969604492
2012-03-09,16.305835723876953
2012-03-12,16.510112762451172
2012-03-13,16.991661071777344
2012-03-14,17.634124755859375
2012-03-15,17.513885498046875
2012-03-16,17.514177322387695
2012-03-19,17.978673934936523
2012-03-20,18.124042510986328
2012-03-21,18.020545959472656
2012-03-22,17.926044464111328
2012-03-23,17.827632904052734
2012-03-26,18.154544830322266
2012-03-27,18.37887191772461
2012-03-28,18.472787857055664
2012-03-29,18.240684509277344
2012-03-30,17.93231964111328
2012-04-02,18.50299644470215
2012-04-03,18.822723388671875
2012-04-04,18.67288398742676
2012-04-05,18.953134536743164
2012-04-09,19.02940368652344
2012-04-10,18.79641342163086
2012-04-11,18.72941780090332
2012-04-12,18.62681579589844
2012-04-13,18.102203369140625
2012-04-16,17.351478576660156
2012-04-17,18.23590087890625
2012-04-18,18.195220947265625
2012-04-19,17.570112228393555
2012-04-20,17.137619018554688
2012-04-23,17.099336624145508
2012-04-24,16.75775909423828
2012-04-25,18.244873046875
2012-04-26,18.176074981689453
2012-04-27,18.03550338745117
2012-04-30,17.466636657714844
2012-05-01,17.411300659179688
2012-05-02,17.52644920349121
2012-05-03,17.40202522277832
2012-05-04,16.90641975402832
2012-05-07,17.032941818237305
2012-05-08,16.994056701660156
2012-05-09,17.023963928222656
2012-05-10,17.064035415649414
2012-05-11,16.95008659362793
2012-05-14,16.69615364074707
2012-05-15,16.545106887817383
2012-05-16,16.333044052124023
2012-05-17,15.855693817138672
2012-05-18,15.863468170166016
2012-05-21,16.787670135498047
2012-05-22,16.658763885498047
2012-05-23,17.06524085998535
2012-05-24,16.908510208129883
2012-05-25,16.817882537841797
2012-05-29,17.11638641357422
2012-05-30,17.322763442993164
2012-05-31,17.279691696166992
2012-06-01,16.77899932861328
2012-06-04,16.877700805664062
2012-06-05,16.83403778076172
2012-06-06,17.092159271240234
2012-06-07,17.09992790222168
2012-06-08,17.35715103149414
2012-06-11,17.08348274230957
2012-06-12,17.232728958129883
2012-06-13,17.11309242248535
2012-06-14,17.094249725341797
2012-06-15,17.172021865844727
2012-06-18,17.520462036132812
2012-06-19,17.569215774536133
2012-06-20,17.519269943237305
2012-06-21,17.27789306640625
2012-06-22,17.41039276123047
2012-06-25,17.071517944335938
2012-06-26,17.109209060668945
2012-06-27,17.18307876586914
2012-06-28,17.020082473754883
2012-06-29,17.46721649169922
2012-07-02,17.72205352783203
2012-07-03,17.928136825561523
2012-07-05,18.24308013916016
2012-07-06,18.12165260314941
2012-07-09,18.361223220825195
2012-07-10,18.19134330749512
2012-07-11,18.078275680541992
2012-07-12,17.912870407104492
2012-07-13,18.094423294067383
2012-07-16,18.152448654174805
2012-07-17,18.153350830078125
2012-07-18,18.13301467895508
2012-07-19,18.374086380004883
2012-07-20,18.07438850402832
2012-07-23,18.06031990051269
2012-07-24,17.973291397094727
2012-07-25,17.197145462036133
2012-07-26,17.1944522857666
2012-07-27,17.501914978027344
2012-07-30,17.797119140625
2012-07-31,18.26760482788086
2012-08-01,18.14946174621582
2012-08-02,18.17877197265625
2012-08-03,18.41536521911621
2012-08-06,18.620241165161133
2012-08-07,18.57118797302246
2012-08-08,18.53978157043457
2012-08-09,18.64552116394043
2012-08-10,18.67465591430664
2012-08-13,18.923967361450195
2012-08-14,18.974733352661133
2012-08-15,18.948904037475582
2012-08-16,19.11441802978516
2012-08-17,19.46796226501465
2012-08-20,19.97981071472168
2012-08-21,19.706764221191406
2012-08-22,20.091550827026367
2012-08-23,19.90411376953125
2012-08-24,19.92182922363281
2012-08-27,20.296112060546875
2012-08-28,20.26967430114746
2012-08-29,20.229713439941406
2012-08-30,19.94136047363281
2012-08-31,19.98250961303711
2012-09-04,20.2747802734375
2012-09-05,20.132402420043945
2012-09-06,20.31382942199707
2012-09-07,20.43909072875977
2012-09-10,19.90741729736328
2012-09-11,19.842830657958984
2012-09-12,20.11918067932129
2012-09-13,20.51538848876953
2012-09-14,20.76470375061035
2012-09-17,21.020023345947266
2012-09-18,21.08400535583496
2012-09-19,21.08971405029297
2012-09-20,20.98759078979492
2012-09-21,21.02933692932129
2012-09-24,20.749980926513672
2012-09-25,20.23182487487793
2012-09-26,19.98070907592773
2012-09-27,20.465517044067383
2012-09-28,20.038387298583984
2012-10-01,19.80678939819336
2012-10-02,19.86446189880371
2012-10-03,20.16904830932617
2012-10-04,20.02936553955078
2012-10-05,19.60252571105957
2012-10-08,19.169382095336918
2012-10-09,19.09969520568848
2012-10-10,19.251684188842773
2012-10-11,18.86689758300781
2012-10-12,18.91526985168457
2012-10-15,19.06694793701172
2012-10-16,19.518421173095703
2012-10-17,19.36282539367676
2012-10-18,19.00327682495117
2012-10-19,18.31840705871582
2012-10-22,19.04502868652344
2012-10-23,18.42414093017578
2012-10-24,18.528366088867188
2012-10-25,18.309389114379883
2012-10-26,18.142980575561523
2012-10-31,17.882251739501953
2012-11-01,17.91889762878418
2012-11-02,17.32594871520996
2012-11-05,17.56084442138672
2012-11-06,17.507675170898438
2012-11-07,16.83778190612793
2012-11-08,16.22673225402832
2012-11-09,16.507667541503906
2012-11-12,16.380023956298828
2012-11-13,16.382137298583984
2012-11-14,16.20047950744629
2012-11-15,15.860710144042969
2012-11-16,15.922874450683594
2012-11-19,17.071035385131836
2012-11-20,16.925594329833984
2012-11-21,16.949430465698242
2012-11-23,17.245147705078125
2012-11-26,17.78920555114746
2012-11-27,17.645875930786133
2012-11-28,17.590356826782227
2012-11-29,17.78408432006836
2012-11-30,17.660959243774414
2012-12-03,17.68842887878418
2012-12-04,17.37641143798828
2012-12-05,16.258119583129883
2012-12-06,16.513105392456055
2012-12-07,16.090951919555664
2012-12-10,15.987449645996094
2012-12-11,16.336576461791992
2012-12-12,16.264455795288086
2012-12-13,15.9835205078125
2012-12-14,15.383031845092772
2012-12-17,15.65582275390625
2012-12-18,16.110567092895508
2012-12-19,15.881536483764648
2012-12-20,15.743330955505373
2012-12-21,15.670907974243164
2012-12-24,15.696252822875977
2012-12-26,15.479901313781738
2012-12-27,15.542052268981934
2012-12-28,15.376999855041504
2012-12-31,16.05835723876953
2013-01-02,16.567115783691406
2013-01-03,16.35799789428711
2013-01-04,15.902351379394531
2013-01-07,15.80881118774414
2013-01-08,15.851353645324709
2013-01-09,15.60361671447754
2013-01-10,15.797042846679688
2013-01-11,15.700178146362305
2013-01-14,15.140422821044922
2013-01-15,14.662755012512209
2013-01-16,15.271389961242676
2013-01-17,15.168486595153809
2013-01-18,15.087623596191406
2013-01-22,15.231561660766602
2013-01-23,15.510377883911133
2013-01-24,13.593951225280762
2013-01-25,13.27348804473877
2013-01-28,13.57373046875
2013-01-29,13.828411102294922
2013-01-30,13.784955024719238
2013-01-31,13.74452018737793
2013-02-01,13.688092231750488
2013-02-04,13.347112655639648
2013-02-05,13.815433502197266
2013-02-06,13.80064582824707
2013-02-07,14.210996627807615
2013-02-08,14.416171073913574
2013-02-11,14.566408157348633
2013-02-12,14.20127773284912
2013-02-13,14.174272537231444
2013-02-14,14.161521911621094
2013-02-15,13.966368675231934
2013-02-19,13.961207389831545
2013-02-20,13.623093605041504
2013-02-21,13.53841781616211
2013-02-22,13.68257999420166
2013-02-25,13.439470291137695
2013-02-26,13.626734733581545
2013-02-27,13.493192672729492
2013-02-28,13.396977424621582
2013-03-01,13.065241813659668
2013-03-04,12.74898624420166
2013-03-05,13.085576057434082
2013-03-06,12.919251441955566
2013-03-07,13.068580627441406
2013-03-08,13.103179931640623
2013-03-11,13.289840698242188
2013-03-12,13.003324508666992
2013-03-13,13.000899314880373
2013-03-14,13.126852989196776
2013-03-15,13.465570449829102
2013-03-18,13.831609725952148
2013-03-19,13.794275283813477
2013-03-20,13.721125602722168
2013-03-21,13.740859031677246
2013-03-22,14.019478797912598
2013-03-25,14.070164680480955
2013-03-26,13.996111869812012
2013-03-27,13.721125602722168
2013-03-28,13.435224533081056
2013-04-01,13.017892837524414
2013-04-02,13.044602394104004
2013-04-03,13.111373901367188
2013-04-04,12.981776237487791
2013-04-05,12.844586372375488
2013-04-08,12.93594455718994
2013-04-09,12.959318161010742
2013-04-10,13.223671913146973
2013-04-11,13.182397842407228
2013-04-12,13.044903755187988
2013-04-15,12.742908477783203
2013-04-16,12.936851501464844
2013-04-17,12.225430488586426
2013-04-18,11.899149894714355
2013-04-19,11.853017807006836
2013-04-22,12.10007381439209
2013-04-23,12.326493263244627
2013-04-24,12.306161880493164
2013-04-25,12.394783973693848
2013-04-26,12.662479400634766
2013-04-29,13.0546236038208
2013-04-30,13.438860893249512
2013-05-01,13.332941055297852
2013-05-02,13.522024154663086
2013-05-03,13.65738582611084
2013-05-06,13.983062744140623
2013-05-07,13.920839309692385
2013-05-08,14.078055381774902
2013-05-09,13.955236434936523
2013-05-10,13.839138984680176
2013-05-13,13.893218040466309
2013-05-14,13.560815811157228
2013-05-15,13.102225303649902
2013-05-16,13.277292251586914
2013-05-17,13.236960411071776
2013-05-20,13.532398223876951
2013-05-21,13.4324951171875
2013-05-22,13.484124183654783
2013-05-23,13.508262634277344
2013-05-24,13.600224494934082
2013-05-28,13.486875534057615
2013-05-29,13.594117164611816
2013-05-30,13.796673774719238
2013-05-31,13.740152359008787
2013-06-03,13.77040195465088
2013-06-04,13.727320671081545
2013-06-05,13.599002838134766
2013-06-06,13.395832061767578
2013-06-07,13.498180389404297
2013-06-10,13.408968925476074
2013-06-11,13.36955451965332
2013-06-12,13.204270362854004
2013-06-13,13.319450378417969
2013-06-14,13.138888359069824
2013-06-17,13.19846248626709
2013-06-18,13.191438674926758
2013-06-19,12.923500061035156
2013-06-20,12.73529815673828
2013-06-21,12.633256912231444
2013-06-24,12.298398971557615
2013-06-25,12.301156044006348
2013-06-26,12.161839485168455
2013-06-27,12.030766487121582
2013-06-28,12.114784240722656
2013-07-01,12.502490043640137
2013-07-02,12.785706520080566
2013-07-03,12.856283187866213
2013-07-05,12.753015518188477
2013-07-08,12.680609703063965
2013-07-09,12.903641700744627
2013-07-10,12.854144096374512
2013-07-11,13.054564476013184
2013-07-12,13.030731201171877
2013-07-15,13.059148788452148
2013-07-16,13.143468856811523
2013-07-17,13.146836280822754
2013-07-18,13.191132545471191
2013-07-19,12.983073234558104
2013-07-22,13.024624824523926
2013-07-23,12.800983428955078
2013-07-24,13.458462715148926
2013-07-25,13.397052764892578
2013-07-26,13.473129272460938
2013-07-29,13.680883407592772
2013-07-30,13.849835395812988
2013-07-31,13.82569980621338
2013-08-01,13.95249080657959
2013-08-02,14.131519317626951
2013-08-05,14.342638969421388
2013-08-06,14.214317321777344
2013-08-07,14.206068992614746
2013-08-08,14.177774429321287
2013-08-09,13.976030349731444
2013-08-12,14.373064041137695
2013-08-13,15.05610179901123
2013-08-14,15.330737113952637
2013-08-15,15.312589645385742
2013-08-16,15.448522567749023
2013-08-19,15.61490249633789
2013-08-20,15.409770965576172
2013-08-21,15.449445724487305
2013-08-22,15.46789264678955
2013-08-23,15.408235549926758
2013-08-26,15.468209266662598
2013-08-27,15.025962829589844
2013-08-28,15.097005844116213
2013-08-29,15.12160873413086
2013-08-30,14.983834266662598
2013-09-03,15.02565860748291
2013-09-04,15.33657455444336
2013-09-05,15.231401443481444
2013-09-06,15.322126388549805
2013-09-09,15.56661319732666
2013-09-10,15.212026596069336
2013-09-11,14.383827209472656
2013-09-12,14.536980628967283
2013-09-13,14.297406196594238
2013-09-16,13.842870712280272
2013-09-17,14.002789497375488
2013-09-18,14.29064655303955
2013-09-19,14.524986267089844
2013-09-20,14.374600410461426
2013-09-23,15.089006423950195
2013-09-24,15.041650772094728
2013-09-25,14.80884075164795
2013-09-26,14.953080177307127
2013-09-27,14.84636688232422
2013-09-30,14.66184139251709
2013-10-01,15.006593704223633
2013-10-02,15.055800437927246
2013-10-03,14.866654396057127
2013-10-04,14.854973793029783
2013-10-07,15.000134468078612
2013-10-08,14.79070281982422
2013-10-09,14.964455604553224
2013-10-10,15.058252334594728
2013-10-11,15.15574836730957
2013-10-14,15.255083084106444
2013-10-15,15.336270332336426
2013-10-16,15.411004066467283
2013-10-17,15.515260696411133
2013-10-18,15.650267601013184
2013-10-21,16.03376579284668
2013-10-22,15.987947463989258
2013-10-23,16.144481658935547
2013-10-24,16.358217239379883
2013-10-25,16.17523765563965
2013-10-28,16.29578399658203
2013-10-29,15.889838218688965
2013-10-30,16.14263343811035
2013-10-31,16.07497215270996
2013-11-01,15.992862701416016
2013-11-04,16.199527740478516
2013-11-05,16.1595458984375
2013-11-06,16.113767623901367
2013-11-07,15.85300064086914
2013-11-08,16.102628707885742
2013-11-11,16.05592155456543
2013-11-12,16.085617065429688
2013-11-13,16.10479736328125
2013-11-14,16.33772087097168
2013-11-15,16.239665985107422
2013-11-18,16.042930603027344
2013-11-19,16.07139015197754
2013-11-20,15.930648803710938
2013-11-21,16.120569229125977
2013-11-22,16.079118728637695
2013-11-25,16.20099639892578
2013-11-26,16.49980926513672
2013-11-27,16.888338088989258
2013-11-29,17.201072692871094
2013-12-02,17.051359176635742
2013-12-03,17.51814079284668
2013-12-04,17.477306365966797
2013-12-05,17.567018508911133
2013-12-06,17.32325553894043
2013-12-09,17.52153778076172
2013-12-10,17.494321823120117
2013-12-11,17.364704132080078
2013-12-12,17.33934783935547
2013-12-13,17.150344848632812
2013-12-16,17.245304107666016
2013-12-17,17.167665481567383
2013-12-18,17.037128448486328
2013-12-19,16.841943740844727
2013-12-20,16.98299789428711
2013-12-23,17.634754180908203
2013-12-24,17.55989646911621
2013-12-26,17.44328498840332
2013-12-27,17.32542610168457
2013-12-30,17.153120040893555
2013-12-31,17.35419464111328
2014-01-02,17.110130310058594
2014-01-03,16.734291076660156
2014-01-06,16.825544357299805
2014-01-07,16.705217361450195
2014-01-08,16.810997009277344
2014-01-09,16.59632682800293
2014-01-10,16.485584259033203
2014-01-13,16.571897506713867
2014-01-14,16.901639938354492
2014-01-15,17.240966796875
2014-01-16,17.144773483276367
2014-01-17,16.724695205688477
2014-01-21,16.984540939331055
2014-01-22,17.06001853942871
2014-01-23,17.20448112487793
2014-01-24,16.891746520996094
2014-01-27,17.028776168823242
2014-01-28,15.667706489562988
2014-01-29,15.489849090576172
2014-01-30,15.459834098815918
2014-01-31,15.485204696655272
2014-02-03,15.513972282409668
2014-02-04,15.738548278808594
2014-02-05,15.856101036071776
2014-02-06,15.948513984680176
2014-02-07,16.1716365814209
2014-02-10,16.46134376525879
2014-02-11,16.678245544433594
2014-02-12,16.677000045776367
2014-02-13,16.941816329956055
2014-02-14,16.928125381469727
2014-02-18,16.990365982055664
2014-02-19,16.722122192382812
2014-02-20,16.52855682373047
2014-02-21,16.344961166381836
2014-02-24,16.416536331176758
2014-02-25,16.245698928833008
2014-02-26,16.099123001098633
2014-02-27,16.420270919799805
2014-02-28,16.375770568847656
2014-03-03,16.423076629638672
2014-03-04,16.53136444091797
2014-03-05,16.56621742248535
2014-03-06,16.51611328125
2014-03-07,16.5064697265625
2014-03-10,16.521404266357422
2014-03-11,16.68229103088379
2014-03-12,16.69847297668457
2014-03-13,16.51300621032715
2014-03-14,16.327539443969727
2014-03-17,16.391324996948242
2014-03-18,16.536348342895508
2014-03-19,16.531984329223633
2014-03-20,16.45232391357422
2014-03-21,16.582082748413086
2014-03-24,16.778751373291016
2014-03-25,16.95924186706543
2014-03-26,16.797117233276367
2014-03-27,16.72492027282715
2014-03-28,16.706249237060547
2014-03-31,16.702510833740234
2014-04-01,16.855308532714844
2014-04-02,16.88331413269043
2014-04-03,16.766315460205078
2014-04-04,16.549415588378906
2014-04-07,16.289575576782227
2014-04-08,16.288639068603516
2014-04-09,16.502742767333984
2014-04-10,16.28988265991211
2014-04-11,16.169456481933594
2014-04-14,16.233871459960938
2014-04-15,16.11811637878418
2014-04-16,16.15078353881836
2014-04-17,16.335311889648438
2014-04-21,16.529184341430664
2014-04-22,16.54567527770996
2014-04-23,16.329402923583984
2014-04-24,17.668123245239258
2014-04-25,17.797883987426758
2014-04-28,18.48716735839844
2014-04-29,18.43239402770996
2014-04-30,18.36269187927246
2014-05-01,18.40593719482422
2014-05-02,18.44016456604004
2014-05-05,18.700937271118164
2014-05-06,18.49712371826172
2014-05-07,18.43239402770996
2014-05-08,18.399532318115234
2014-05-09,18.322866439819336
2014-05-12,18.550987243652344
2014-05-13,18.580080032348636
2014-05-14,18.58353042602539
2014-05-15,18.425508499145508
2014-05-16,18.697433471679688
2014-05-19,18.91898536682129
2014-05-20,18.922739028930664
2014-05-21,18.972803115844727
2014-05-22,19.002849578857425
2014-05-23,19.217510223388672
2014-05-27,19.577375411987305
2014-05-28,19.52668190002441
2014-05-29,19.882476806640625
2014-05-30,19.80799674987793
2014-06-02,19.671875
2014-06-03,19.95006561279297
2014-06-04,20.177873611450195
2014-06-05,20.25704002380371
2014-06-06,20.20133781433105
2014-06-09,20.52458953857422
2014-06-10,20.645069122314453
2014-06-11,20.55964088439941
2014-06-12,20.21573638916016
2014-06-13,19.994497299194336
2014-06-16,20.19602394104004
2014-06-17,20.16973876953125
2014-06-18,20.19164085388184
2014-06-19,20.121543884277344
2014-06-20,19.913454055786133
2014-06-23,19.895936965942383
2014-06-24,19.77545166015625
2014-06-25,19.792978286743164
2014-06-26,19.9112606048584
2014-06-27,20.14783477783203
2014-06-30,20.355926513671875
2014-07-01,20.48516273498535
2014-07-02,20.47640037536621
2014-07-03,20.596872329711918
2014-07-07,21.021818161010746
2014-07-08,20.886011123657227
2014-07-09,20.894777297973636
2014-07-10,20.818113327026367
2014-07-11,20.8575439453125
2014-07-14,21.12697029113769
2014-07-15,20.879444122314453
2014-07-16,20.76116180419922
2014-07-17,20.39097595214844
2014-07-18,20.68448829650879
2014-07-21,20.5771541595459
2014-07-22,20.748010635375977
2014-07-23,21.289066314697266
2014-07-24,21.254018783569336
2014-07-25,21.39419937133789
2014-07-28,21.689912796020508
2014-07-29,21.549728393554688
2014-07-30,21.49934196472168
2014-07-31,20.94077491760254
2014-08-01,21.05687141418457
2014-08-04,20.93858528137207
2014-08-05,20.83563995361328
2014-08-06,20.80058479309082
2014-08-07,20.79838180541992
2014-08-08,20.85561752319336
2014-08-11,21.13079261779785
2014-08-12,21.12638092041016
2014-08-13,21.40595817565918
2014-08-14,21.463197708129883
2014-08-15,21.56885528564453
2014-08-18,21.8286190032959
2014-08-19,22.130207061767575
2014-08-20,22.13901138305664
2014-08-21,22.141212463378903
2014-08-22,22.30411148071289
2014-08-25,22.3525390625
2014-08-26,22.20945167541504
2014-08-27,22.48242950439453
2014-08-28,22.508834838867188
2014-08-29,22.563871383666992
2014-09-02,22.73998260498047
2014-09-03,21.78018951416016
2014-09-04,21.59967613220215
2014-09-05,21.78679084777832
2014-09-08,21.65251350402832
2014-09-09,21.57106208801269
2014-09-10,22.23366928100586
2014-09-11,22.32832717895508
2014-09-12,22.37895965576172
2014-09-15,22.372352600097656
2014-09-16,22.202850341796875
2014-09-17,22.36134529113769
2014-09-18,22.407575607299805
2014-09-19,22.224868774414062
2014-09-22,22.246871948242188
2014-09-23,22.594697952270508
2014-09-24,22.398771286010746
2014-09-25,21.544649124145508
2014-09-26,22.178640365600582
2014-09-29,22.03774642944336
2014-09-30,22.178640365600582
2014-10-01,21.83302116394043
2014-10-02,21.99151992797852
2014-10-03,21.929882049560547
2014-10-06,21.929882049560547
2014-10-07,21.738359451293945
2014-10-08,22.189645767211918
2014-10-09,22.23807144165039
2014-10-10,22.17423439025879
2014-10-13,21.97170829772949
2014-10-14,21.738359451293945
2014-10-15,21.472002029418945
2014-10-16,21.190229415893555
2014-10-17,21.50061798095703
2014-10-20,21.9607048034668
2014-10-21,22.557262420654297
2014-10-22,22.67173194885254
2014-10-23,23.07678604125977
2014-10-24,23.16263771057129
2014-10-27,23.1384220123291
2014-10-28,23.49724769592285
2014-10-29,23.629322052001957
2014-10-30,23.55007743835449
2014-10-31,23.77461624145508
2014-11-03,24.08280372619629
2014-11-04,23.906702041625977
2014-11-05,23.963930130004883
2014-11-06,24.032470703125
2014-11-07,24.101009368896484
2014-11-10,24.061214447021484
2014-11-11,24.253551483154297
2014-11-12,24.596254348754883
2014-11-13,24.9433650970459
2014-11-14,25.244043350219727
2014-11-17,25.20203018188477
2014-11-18,25.529247283935547
2014-11-19,25.352375030517575
2014-11-20,25.714963912963867
2014-11-21,25.75033950805664
2014-11-24,26.227895736694336
2014-11-25,26.000171661376957
2014-11-26,26.309694290161133
2014-11-28,26.29421615600586
2014-12-01,25.44080924987793
2014-12-02,25.343528747558597
2014-12-03,25.63095092773437
2014-12-04,25.533674240112305
2014-12-05,25.42534065246582
2014-12-08,24.85050773620605
2014-12-09,25.23077774047852
2014-12-10,24.75100898742676
2014-12-11,24.678050994873047
2014-12-12,24.26019859313965
2014-12-15,23.92856216430664
2014-12-16,23.60134506225586
2014-12-17,24.189441680908203
2014-12-18,24.905776977539062
2014-12-19,24.71343231201172
2014-12-22,24.96989631652832
2014-12-23,24.881452560424805
2014-12-24,24.764280319213867
2014-12-26,25.20203018188477
2014-12-29,25.18434715270996
2014-12-30,24.877033233642575
2014-12-31,24.40389442443848
2015-01-02,24.1717529296875
2015-01-05,23.49079322814941
2015-01-06,23.49301147460937
2015-01-07,23.822437286376957
2015-01-08,24.73774719238281
2015-01-09,24.764280319213867
2015-01-12,24.154067993164062
2015-01-13,24.368518829345703
2015-01-14,24.275671005249023
2015-01-15,23.616819381713867
2015-01-16,23.433320999145508
2015-01-20,24.036890029907227
2015-01-21,24.220394134521484
2015-01-22,24.85050773620605
2015-01-23,24.978734970092773
2015-01-26,25.005266189575195
2015-01-27,24.129743576049805
2015-01-28,25.49387550354004
2015-01-29,26.28758811950684
2015-01-30,25.90289306640625
2015-02-02,26.227895736694336
2015-02-03,26.232311248779297
2015-02-04,26.433504104614254
2015-02-05,26.62217903137207
2015-02-06,26.397993087768555
2015-02-09,26.57335090637207
2015-02-10,27.08384895324707
2015-02-11,27.718669891357425
2015-02-12,28.06937599182129
2015-02-13,28.20699119567871
2015-02-17,28.373458862304688
2015-02-18,28.571001052856445
2015-02-19,28.51107406616211
2015-02-20,28.744138717651367
2015-02-23,29.520999908447266
2015-02-24,29.33677291870117
2015-02-25,28.586538314819336
2015-02-26,28.94833755493164
2015-02-27,28.513301849365234
2015-03-02,28.653133392333984
2015-03-03,28.713058471679688
2015-03-04,28.531044006347656
2015-03-05,28.05827140808105
2015-03-06,28.10044479370117
2015-03-09,28.22030258178711
2015-03-10,27.636547088623047
2015-03-11,27.132688522338867
2015-03-12,27.62321662902832
2015-03-13,27.432342529296875
2015-03-16,27.734209060668945
2015-03-17,28.198108673095703
2015-03-18,28.515514373779297
2015-03-19,28.300207138061523
2015-03-20,27.945068359375
2015-03-23,28.235843658447266
2015-03-24,28.12042236328125
2015-03-25,27.38572120666504
2015-03-26,27.576608657836918
2015-03-27,27.35687255859375
2015-03-30,28.049392700195312
2015-03-31,27.61878776550293
2015-04-01,27.57883644104004
2015-04-02,27.816326141357425
2015-04-06,28.266918182373047
2015-04-07,27.9694938659668
2015-04-08,27.87848472595215
2015-04-09,28.09156608581543
2015-04-10,28.21142196655273
2015-04-13,28.155935287475582
2015-04-14,28.03385734558105
2015-04-15,28.14040184020996
2015-04-16,28.005001068115234
2015-04-17,27.689821243286133
2015-04-20,28.322412490844727
2015-04-21,28.169252395629883
2015-04-22,28.548809051513672
2015-04-23,28.781869888305664
2015-04-24,28.91726303100586
2015-04-27,29.44331169128418
2015-04-28,28.979421615600582
2015-04-29,28.55325126647949
2015-04-30,27.77859878540039
2015-05-01,28.622058868408203
2015-05-04,28.56656646728516
2015-05-05,27.922874450683597
2015-05-06,27.74752616882324
2015-05-07,27.919153213500977
2015-05-08,28.445167541503903
2015-05-11,28.155414581298828
2015-05-12,28.055116653442383
2015-05-13,28.086322784423828
2015-05-14,28.74161720275879
2015-05-15,28.701494216918945
2015-05-18,29.01798439025879
2015-05-19,28.991249084472656
2015-05-20,28.989023208618164
2015-05-21,29.28546142578125
2015-05-22,29.54178810119629
2015-05-26,28.890945434570312
2015-05-27,29.43033790588379
2015-05-28,29.372386932373047
2015-05-29,29.03805351257324
2015-06-01,29.09600067138672
2015-06-02,28.96672821044922
2015-06-03,29.00239372253418
2015-06-04,28.83299446105957
2015-06-05,28.67474937438965
2015-06-08,28.485286712646484
2015-06-09,28.40059280395508
2015-06-10,28.726016998291016
2015-06-11,28.66137313842773
2015-06-12,28.34486198425293
2015-06-15,28.289142608642575
2015-06-16,28.440717697143555
2015-06-17,28.37384414672852
2015-06-18,28.50311851501465
2015-06-19,28.21782493591309
2015-06-22,28.442943572998047
2015-06-23,28.313663482666016
2015-06-24,28.55438995361328
2015-06-25,28.418418884277344
2015-06-26,28.251256942749023
2015-06-29,27.756444931030277
2015-06-30,27.957040786743164
2015-07-01,28.21782493591309
2015-07-02,28.182159423828125
2015-07-06,28.084089279174805
2015-07-07,28.014989852905277
2015-07-08,27.31957626342773
2015-07-09,26.76235580444336
2015-07-10,27.47783088684082
2015-07-13,28.008302688598636
2015-07-14,27.99715805053711
2015-07-15,28.26685333251953
2015-07-16,28.643537521362305
2015-07-17,28.890945434570312
2015-07-20,29.43702507019043
2015-07-21,29.14281463623047
2015-07-22,27.91023063659668
2015-07-23,27.896867752075195
2015-07-24,27.749757766723636
2015-07-27,27.364152908325195
2015-07-28,27.500112533569336
2015-07-29,27.41318702697754
2015-07-30,27.27499771118164
2015-07-31,27.03651237487793
2015-08-03,26.39904022216797
2015-08-04,25.552061080932617
2015-08-05,25.72145652770996
2015-08-06,25.77742576599121
2015-08-07,25.86475372314453
2015-08-10,26.80513572692871
2015-08-11,25.41024208068848
2015-08-12,25.80206680297852
2015-08-13,25.781909942626957
2015-08-14,25.96327018737793
2015-08-17,26.231952667236328
2015-08-18,26.08417320251465
2015-08-19,25.750564575195312
2015-08-20,25.222166061401367
2015-08-21,23.67949485778809
2015-08-24,23.088415145874023
2015-08-25,23.22722816467285
2015-08-26,24.559423446655277
2015-08-27,25.28261947631836
2015-08-28,25.365463256835938
2015-08-31,25.246795654296875
2015-09-01,24.11834144592285
2015-09-02,25.15275382995605
2015-09-03,24.7116756439209
2015-09-04,24.46538543701172
2015-09-08,25.146039962768555
2015-09-09,24.66242027282715
2015-09-10,25.204254150390625
2015-09-11,25.57144927978516
2015-09-14,25.817737579345703
2015-09-15,26.03491973876953
2015-09-16,26.064023971557617
2015-09-17,25.506515502929688
2015-09-18,25.401281356811523
2015-09-21,25.795345306396484
2015-09-22,25.39009094238281
2015-09-23,25.5960750579834
2015-09-24,25.748327255249023
2015-09-25,25.683393478393555
2015-09-28,25.17515563964844
2015-09-29,24.41836929321289
2015-09-30,24.69600486755371
2015-10-01,24.53480339050293
2015-10-02,24.71390914916992
2015-10-05,24.803470611572266
2015-10-06,24.922143936157227
2015-10-07,24.803470611572266
2015-10-08,24.51688575744629
2015-10-09,25.10349464416504
2015-10-12,24.9870719909668
2015-10-13,25.02960586547852
2015-10-14,24.67585182189941
2015-10-15,25.045278549194336
2015-10-16,24.861690521240234
2015-10-19,25.01618003845215
2015-10-20,25.472930908203125
2015-10-21,25.470691680908203
2015-10-22,25.860275268554688
2015-10-23,26.66183280944824
2015-10-26,25.81100845336914
2015-10-27,25.64756965637207
2015-10-28,26.704368591308597
2015-10-29,26.98649024963379
2015-10-30,26.7558708190918
2015-11-02,27.132015228271484
2015-11-03,27.4432373046875
2015-11-04,27.31562042236328
2015-11-05,27.189695358276367
2015-11-06,27.221176147460938
2015-11-09,27.110994338989254
2015-11-10,26.25653839111328
2015-11-11,26.108135223388672
2015-11-12,26.02044105529785
2015-11-13,25.26042366027832
2015-11-16,25.67416000366211
2015-11-17,25.563983917236328
2015-11-18,26.37346839904785
2015-11-19,26.7085018157959
2015-11-20,26.8254337310791
2015-11-23,26.47690200805664
2015-11-24,26.73097801208496
2015-11-25,26.539857864379883
2015-11-27,26.490388870239254
2015-11-30,26.600570678710938
2015-12-01,26.384706497192383
2015-12-02,26.1463623046875
2015-12-03,25.903520584106445
2015-12-04,26.76470947265625
2015-12-07,26.5960750579834
2015-12-08,26.584827423095703
2015-12-09,25.99795150756836
2015-12-10,26.121625900268555
2015-12-11,25.44930648803711
2015-12-14,25.291902542114254
2015-12-15,24.844430923461918
2015-12-16,25.03556632995605
2015-12-17,24.504907608032227
2015-12-18,23.841577529907227
2015-12-21,24.13389205932617
2015-12-22,24.111408233642575
2015-12-23,24.42170143127441
2015-12-24,24.291284561157227
2015-12-28,24.01920890808105
2015-12-29,24.450931549072266
2015-12-30,24.131641387939453
2015-12-31,23.66843605041504
2016-01-04,23.688676834106445
2016-01-05,23.095048904418945
2016-01-06,22.643085479736328
2016-01-07,21.687450408935547
2016-01-08,21.80212783813477
2016-01-11,22.15515518188477
2016-01-12,22.47669982910156
2016-01-13,21.89881706237793
2016-01-14,22.377761840820312
2016-01-15,21.840351104736328
2016-01-19,21.734663009643555
2016-01-20,21.76389503479004
2016-01-21,21.65372085571289
2016-01-22,22.80498313903809
2016-01-25,22.35976791381836
2016-01-26,22.48344039916992
2016-01-27,21.006134033203125
2016-01-28,21.15678596496582
2016-01-29,21.88756561279297
2016-02-01,21.68295288085937
2016-02-02,21.244478225708008
2016-02-03,21.66496467590332
2016-02-04,21.83904266357422
2016-02-05,21.255754470825195
2016-02-08,21.47957420349121
2016-02-09,21.47505569458008
2016-02-10,21.312280654907227
2016-02-11,21.183412551879883
2016-02-12,21.248973846435547
2016-02-16,21.84808158874512
2016-02-17,22.182676315307617
2016-02-18,21.762176513671875
2016-02-19,21.712440490722656
2016-02-22,21.90233612060547
2016-02-23,21.40723419189453
2016-02-24,21.726003646850582
2016-02-25,21.87521171569824
2016-02-26,21.90911865234375
2016-02-29,21.859390258789062
2016-03-01,22.72751808166504
2016-03-02,22.77726173400879
2016-03-03,22.946821212768555
2016-03-04,23.288198471069336
2016-03-07,23.03046989440918
2016-03-08,22.840560913085938
2016-03-09,22.86091041564941
2016-03-10,22.87221336364746
2016-03-11,23.11863899230957
2016-03-14,23.17740821838379
2016-03-15,23.64314079284668
2016-03-16,23.95738220214844
2016-03-17,23.9189453125
2016-03-18,23.94607925415039
2016-03-21,23.943819046020508
2016-03-22,24.126935958862305
2016-03-23,23.993553161621094
2016-03-24,23.889554977416992
2016-03-28,23.78104019165039
2016-03-29,24.34397315979004
2016-03-30,24.76899719238281
2016-03-31,24.6401309967041
2016-04-01,24.86620712280273
2016-04-04,25.121679306030277
2016-04-05,24.825523376464844
2016-04-06,25.085508346557617
2016-04-07,24.53839874267578
2016-04-08,24.565528869628903
2016-04-11,24.646915435791016
2016-04-12,24.967947006225582
2016-04-13,25.329666137695312
2016-04-14,25.343233108520508
2016-04-15,24.83455848693848
2016-04-18,24.29876708984375
2016-04-19,24.169897079467773
2016-04-20,24.21963119506836
2016-04-21,23.95738220214844
2016-04-22,23.89181900024414
2016-04-25,23.75617218017578
2016-04-26,23.591142654418945
2016-04-27,22.11484909057617
2016-04-28,21.43888282775879
2016-04-29,21.192462921142575
2016-05-02,21.16984748840332
2016-05-03,21.51801300048828
2016-05-04,21.294193267822266
2016-05-05,21.207767486572266
2016-05-06,21.08948516845703
2016-05-09,21.105411529541016
2016-05-10,21.24870109558105
2016-05-11,21.041717529296875
2016-05-12,20.54814910888672
2016-05-13,20.58909034729004
2016-05-16,21.35332679748535
2016-05-17,21.264625549316406
2016-05-18,21.50799560546875
2016-05-19,21.42611312866211
2016-05-20,21.65812110900879
2016-05-23,21.93334197998047
2016-05-24,22.267698287963867
2016-05-25,22.658918380737305
2016-05-26,22.838605880737305
2016-05-27,22.824954986572266
2016-05-31,22.71350479125977
2016-06-01,22.39507484436035
2016-06-02,22.226757049560547
2016-06-03,22.272239685058597
2016-06-06,22.433738708496094
2016-06-07,22.524721145629883
2016-06-08,22.504247665405277
2016-06-09,22.66573905944824
2016-06-10,22.479230880737305
2016-06-13,22.140316009521484
2016-06-14,22.16761779785156
2016-06-15,22.09482192993164
2016-06-16,22.18809127807617
2016-06-17,21.68313789367676
2016-06-20,21.63082695007324
2016-06-21,21.81506729125977
2016-06-22,21.73318290710449
2016-06-23,21.85828018188477
2016-06-24,21.244155883789062
2016-06-27,20.934814453125
2016-06-28,21.28736686706543
2016-06-29,21.471607208251957
2016-06-30,21.744552612304688
2016-07-01,21.81051254272461
2016-07-05,21.60580825805664
2016-07-06,21.728626251220703
2016-07-07,21.82188415527344
2016-07-08,21.990203857421875
2016-07-11,22.058439254760746
2016-07-12,22.15851402282715
2016-07-13,22.033416748046875
2016-07-14,22.47013092041016
2016-07-15,22.467853546142575
2016-07-18,22.706676483154297
2016-07-19,22.71577835083008
2016-07-20,22.736255645751957
2016-07-21,22.61570167541504
2016-07-22,22.44055557250977
2016-07-25,22.140316009521484
2016-07-26,21.98792839050293
2016-07-27,23.41633415222168
2016-07-28,23.73249244689941
2016-07-29,23.70293235778809
2016-08-01,24.121442794799805
2016-08-02,23.76434326171875
2016-08-03,24.06229782104492
2016-08-04,24.2109489440918
2016-08-05,24.579139709472656
2016-08-08,24.782665252685547
2016-08-09,24.88327980041504
2016-08-10,24.69804954528809
2016-08-11,24.682039260864254
2016-08-12,24.739208221435547
2016-08-15,25.036510467529297
2016-08-16,25.013633728027344
2016-08-17,24.9770450592041
2016-08-18,24.945032119750977
2016-08-19,25.009056091308597
2016-08-22,24.814680099487305
2016-08-23,24.892427444458008
2016-08-24,24.70490837097168
2016-08-25,24.59971237182617
2016-08-26,24.455644607543945
2016-08-29,24.428199768066406
2016-08-30,24.240671157836918
2016-08-31,24.263551712036133
2016-09-01,24.407617568969727
2016-09-02,24.636310577392575
2016-09-06,24.62944221496582
2016-09-07,24.78038024902344
2016-09-08,24.13091468811035
2016-09-09,23.5843505859375
2016-09-12,24.11260986328125
2016-09-13,24.686616897583008
2016-09-14,25.560192108154297
2016-09-15,26.42919540405273
2016-09-16,26.280555725097656
2016-09-19,25.974119186401367
2016-09-20,25.97182273864746
2016-09-21,25.96725273132324
2016-09-22,26.21194267272949
2016-09-23,25.77515983581543
2016-09-26,25.814037322998047
2016-09-27,25.862062454223636
2016-09-28,26.05872917175293
2016-09-29,25.653953552246094
2016-09-30,25.8529109954834
2016-10-03,25.731708526611328
2016-10-04,25.841472625732425
2016-10-05,25.8529109954834
2016-10-06,26.045000076293945
2016-10-07,26.08388328552246
2016-10-10,26.538972854614254
2016-10-11,26.596147537231445
2016-10-12,26.833972930908203
2016-10-13,26.75164604187012
2016-10-14,26.90029525756836
2016-10-17,26.88199806213379
2016-10-18,26.86370277404785
2016-10-19,26.783666610717773
2016-10-20,26.769933700561523
2016-10-21,26.66474723815918
2016-10-24,26.904863357543945
2016-10-25,27.04207992553711
2016-10-26,26.433773040771484
2016-10-27,26.179931640625
2016-10-28,26.006134033203125
2016-10-31,25.96497344970703
2016-11-01,25.49616813659668
2016-11-02,25.519027709960938
2016-11-03,25.24549674987793
2016-11-04,25.017934799194336
2016-11-07,25.37882232666016
2016-11-08,25.528228759765625
2016-11-09,25.486854553222656
2016-11-10,24.776586532592773
2016-11-11,24.92369270324707
2016-11-14,24.29847717285156
2016-11-15,24.620281219482425
2016-11-16,25.282272338867188
2016-11-17,25.2730770111084
2016-11-18,25.298370361328125
2016-11-21,25.68223190307617
2016-11-22,25.698320388793945
2016-11-23,25.567302703857425
2016-11-25,25.696020126342773
2016-11-28,25.64545440673828
2016-11-29,25.62016868591309
2016-11-30,25.404098510742188
2016-12-01,25.167333602905277
2016-12-02,25.261585235595703
2016-12-05,25.07999610900879
2016-12-06,25.2730770111084
2016-12-07,25.52132797241211
2016-12-08,25.77188491821289
2016-12-09,26.19252014160156
2016-12-12,26.04311180114746
2016-12-13,26.47754669189453
2016-12-14,26.47754669189453
2016-12-15,26.622358322143555
2016-12-16,26.656831741333008
2016-12-19,26.81084632873535
2016-12-20,26.882099151611328
2016-12-21,26.90738296508789
2016-12-22,26.73039436340332
2016-12-23,26.78325653076172
2016-12-27,26.95335960388184
2016-12-28,26.83842086791992
2016-12-29,26.831523895263672
2016-12-30,26.622358322143555
2017-01-03,26.698213577270508
2017-01-04,26.668325424194336
2017-01-05,26.803943634033203
2017-01-06,27.102767944335938
2017-01-09,27.351015090942383
2017-01-10,27.37859916687012
2017-01-11,27.52570915222168
2017-01-12,27.41077995300293
2017-01-13,27.36249542236328
2017-01-17,27.58316802978516
2017-01-18,27.580873489379883
2017-01-19,27.53260612487793
2017-01-20,27.58316802978516
2017-01-23,27.60155868530273
2017-01-24,27.57628059387207
2017-01-25,28.015308380126957
2017-01-26,28.02910041809082
2017-01-27,28.031396865844727
2017-01-30,27.957843780517575
2017-01-31,27.893478393554688
2017-02-01,29.59444808959961
2017-02-02,29.543872833251957
2017-02-03,29.670297622680664
2017-02-06,29.94842529296875
2017-02-07,30.23345184326172
2017-02-08,30.350675582885746
2017-02-09,30.569997787475582
2017-02-10,30.500730514526367
2017-02-13,30.77084350585937
2017-02-14,31.17021369934082
2017-02-15,31.283342361450195
2017-02-16,31.246410369873047
2017-02-17,31.33182144165039
2017-02-21,31.558053970336918
2017-02-22,31.652708053588867
2017-02-23,31.518821716308597
2017-02-24,31.548837661743164
2017-02-27,31.61115455627441
2017-02-28,31.625
2017-03-01,32.27141189575195
2017-03-02,32.07979965209961
2017-03-03,32.26910781860352
2017-03-06,32.167518615722656
2017-03-07,32.209075927734375
2017-03-08,32.08902740478516
2017-03-09,32.01515197753906
2017-03-10,32.1213493347168
2017-03-13,32.135196685791016
2017-03-14,32.086727142333984
2017-03-15,32.42607116699219
2017-03-16,32.47917938232422
2017-03-17,32.31757736206055
2017-03-20,32.65693664550781
2017-03-21,32.28295135498047
2017-03-22,32.647701263427734
2017-03-23,32.53226852416992
2017-03-24,32.467647552490234
2017-03-27,32.523048400878906
2017-03-28,33.19713592529297
2017-03-29,33.2710075378418
2017-03-30,33.227149963378906
2017-03-31,33.164817810058594
2017-04-03,33.17405319213867
2017-04-04,33.42108154296875
2017-04-05,33.2479362487793
2017-04-06,33.164817810058594
2017-04-07,33.09093475341797
2017-04-10,33.05169677734375
2017-04-11,32.6961784362793
2017-04-12,32.73542404174805
2017-04-13,32.56229019165039
2017-04-17,32.74235153198242
2017-04-18,32.59691619873047
2017-04-19,32.476863861083984
2017-04-20,32.88317108154297
2017-04-21,32.84392166137695
2017-04-24,33.16020584106445
2017-04-25,33.36566925048828
2017-04-26,33.16944122314453
2017-04-27,33.19482421875
2017-04-28,33.16252136230469
2017-05-01,33.83893203735352
2017-05-02,34.053619384765625
2017-05-03,33.9497184753418
2017-05-04,33.8273811340332
2017-05-05,34.38835906982422
2017-05-08,35.323333740234375
2017-05-09,35.549564361572266
2017-05-10,35.38104248046875
2017-05-11,35.68703079223633
2017-05-12,36.18543243408203
2017-05-15,36.09270477294922
2017-05-16,36.03937149047852
2017-05-17,34.82933807373047
2017-05-18,35.36017990112305
2017-05-19,35.48072052001953
2017-05-22,35.69630432128906
2017-05-23,35.65226745605469
2017-05-24,35.545631408691406
2017-05-25,35.66849136352539
2017-05-26,35.608211517333984
2017-05-30,35.62211990356445
2017-05-31,35.41117858886719
2017-06-01,35.5085334777832
2017-06-02,36.03474044799805
2017-06-05,35.682395935058594
2017-06-06,35.80292510986328
2017-06-07,36.01619338989258
2017-06-08,35.9281120300293
2017-06-09,34.53494644165039
2017-06-12,33.70969009399414
2017-06-13,33.98091125488281
2017-06-14,33.64942932128906
2017-06-15,33.447757720947266
2017-06-16,32.9794921875
2017-06-19,33.92294692993164
2017-06-20,33.61465835571289
2017-06-21,33.814002990722656
2017-06-22,33.75836944580078
2017-06-23,33.9090690612793
2017-06-26,33.80241775512695
2017-06-27,33.31793975830078
2017-06-28,33.804744720458984
2017-06-29,33.30634307861328
2017-06-30,33.38516998291016
2017-07-03,33.264617919921875
2017-07-05,33.40138244628906
2017-07-06,33.08613204956055
2017-07-07,33.4222526550293
2017-07-10,33.626243591308594
2017-07-11,33.735198974609375
2017-07-12,33.783878326416016
2017-07-13,34.25444412231445
2017-07-14,34.54884338378906
2017-07-17,34.66938400268555
2017-07-18,34.7899284362793
2017-07-19,35.0078239440918
2017-07-20,34.85020065307617
2017-07-21,34.83397674560547
2017-07-24,35.2558708190918
2017-07-25,35.40653610229492
2017-07-26,35.57344436645508
2017-07-27,34.90120315551758
2017-07-28,34.65548324584961
2017-07-31,34.47698974609375
2017-08-01,34.78297805786133
2017-08-02,36.42649459838867
2017-08-03,36.06256484985352
2017-08-04,36.25265121459961
2017-08-07,36.81362533569336
2017-08-08,37.108009338378906
2017-08-09,37.33518600463867
2017-08-10,36.14601516723633
2017-08-11,36.64867782592773
2017-08-14,37.2002182006836
2017-08-15,37.60747528076172
2017-08-16,37.456199645996094
2017-08-17,36.73710632324219
2017-08-18,36.6533203125
2017-08-21,36.58583450317383
2017-08-22,37.183929443359375
2017-08-23,37.23046875
2017-08-24,37.06523895263672
2017-08-25,37.202545166015625
2017-08-28,37.57722473144531
2017-08-29,37.912330627441406
2017-08-30,38.01473236083984
2017-08-31,38.16599655151367
2017-09-01,38.17765045166016
2017-09-05,37.719181060791016
2017-09-06,37.67961883544922
2017-09-07,37.52835464477539
2017-09-08,36.916297912597656
2017-09-11,37.58420181274414
2017-09-12,37.43526840209961
2017-09-13,37.15367889404297
2017-09-14,36.83485794067383
2017-09-15,37.20721435546875
2017-09-18,36.92560195922852
2017-09-19,36.9395751953125
2017-09-20,36.32053756713867
2017-09-21,35.696861267089844
2017-09-22,35.347774505615234
2017-09-25,35.03593063354492
2017-09-26,35.6386604309082
2017-09-27,35.892337799072266
2017-09-28,35.671241760253906
2017-09-29,35.866737365722656
2017-10-02,35.79459762573242
2017-10-03,35.95050811767578
2017-10-04,35.71778869628906
2017-10-05,36.16230010986328
2017-10-06,36.14134216308594
2017-10-09,36.26701354980469
2017-10-10,36.28097534179688
2017-10-11,36.43223571777344
2017-10-12,36.30424499511719
2017-10-13,36.53463745117188
2017-10-16,37.20721435546875
2017-10-17,37.34450149536133
2017-10-18,37.17927932739258
2017-10-19,36.299583435058594
2017-10-20,36.36241912841797
2017-10-23,36.34381103515625
2017-10-24,36.560245513916016
2017-10-25,36.399662017822266
2017-10-26,36.63238143920898
2017-10-27,37.94491958618164
2017-10-30,38.79899597167969
2017-10-31,39.33890914916992
2017-11-01,38.83855438232422
2017-11-02,39.12249374389648
2017-11-03,40.14413070678711
2017-11-06,40.5513801574707
2017-11-07,40.68170547485352
2017-11-08,41.01448822021485
2017-11-09,40.93070983886719
2017-11-10,40.79524612426758
2017-11-13,40.63175964355469
2017-11-14,40.01751327514648
2017-11-15,39.48966598510742
2017-11-16,39.9614486694336
2017-11-17,39.73957443237305
2017-11-20,39.699851989746094
2017-11-21,40.43791198730469
2017-11-22,40.862979888916016
2017-11-24,40.86531829833984
2017-11-27,40.659786224365234
2017-11-28,40.42155456542969
2017-11-29,39.58309555053711
2017-11-30,40.13662338256836
2017-12-01,39.94978332519531
2017-12-04,39.65782928466797
2017-12-05,39.6204719543457
2017-12-06,39.47331237792969
2017-12-07,39.54572677612305
2017-12-08,39.557395935058594
2017-12-11,40.328125
2017-12-12,40.10158920288086
2017-12-13,40.23469924926758
2017-12-14,40.22303771972656
2017-12-15,40.63175964355469
2017-12-18,41.20396423339844
2017-12-19,40.764892578125
2017-12-20,40.72050094604492
2017-12-21,40.87466049194336
2017-12-22,40.87466049194336
2017-12-26,39.83767318725586
2017-12-27,39.84467697143555
2017-12-28,39.956790924072266
2017-12-29,39.52470779418945
2018-01-02,40.23237991333008
2018-01-03,40.225379943847656
2018-01-04,40.41220474243164
2018-01-05,40.87233352661133
2018-01-08,40.72050094604492
2018-01-09,40.7158432006836
2018-01-10,40.70649719238281
2018-01-11,40.93771362304688
2018-01-12,41.36045455932617
2018-01-16,41.15024948120117
2018-01-17,41.82991027832031
2018-01-18,41.86726760864258
2018-01-19,41.6804313659668
2018-01-22,41.33943557739258
2018-01-23,41.348777770996094
2018-01-24,40.69015121459961
2018-01-25,39.96379089355469
2018-01-26,40.05720520019531
2018-01-29,39.22808456420898
2018-01-30,38.99687194824219
2018-01-31,39.104305267333984
2018-02-01,39.1860466003418
2018-02-02,37.48577117919922
2018-02-05,36.5491828918457
2018-02-06,38.07666015625
2018-02-07,37.26153945922852
2018-02-08,36.23623275756836
2018-02-09,36.67945861816406
2018-02-12,38.1568603515625
2018-02-13,38.53910827636719
2018-02-14,39.24966430664063
2018-02-15,40.56758499145508
2018-02-16,40.43628692626953
2018-02-20,40.30026626586914
2018-02-21,40.11734390258789
2018-02-22,40.45269775390625
2018-02-23,41.15621948242188
2018-02-26,41.9699592590332
2018-02-27,41.833946228027344
2018-02-28,41.77062225341797
2018-03-01,41.03897476196289
2018-03-02,41.32270812988281
2018-03-05,41.465782165527344
2018-03-06,41.43059539794922
2018-03-07,41.045997619628906
2018-03-08,41.493919372558594
2018-03-09,42.206817626953125
2018-03-12,42.61486053466797
2018-03-13,42.2044677734375
2018-03-14,41.84567260742188
2018-03-15,41.89492416381836
2018-03-16,41.74717712402344
2018-03-19,41.10931015014648
2018-03-20,41.09524917602539
2018-03-21,40.16425323486328
2018-03-22,39.59674453735352
2018-03-23,38.679813385009766
2018-03-26,40.51601409912109
2018-03-27,39.47713470458984
2018-03-28,39.040958404541016
2018-03-29,39.3458137512207
2018-04-02,39.08784866333008
2018-04-03,39.48886489868164
2018-04-04,40.24398422241211
2018-04-05,40.523040771484375
2018-04-06,39.486515045166016
2018-04-09,39.87813568115234
2018-04-10,40.62857055664063
2018-04-11,40.43861389160156
2018-04-12,40.83728790283203
2018-04-13,40.97564697265625
2018-04-16,41.231258392333984
2018-04-17,41.79877853393555
2018-04-18,41.70497131347656
2018-04-19,40.523040771484375
2018-04-20,38.86272811889648
2018-04-23,38.75016403198242
2018-04-24,38.21079635620117
2018-04-25,38.377288818359375
2018-04-26,38.51097106933594
2018-04-27,38.06539535522461
2018-04-30,38.754844665527344
2018-05-01,39.65536117553711
2018-05-02,41.40714263916016
2018-05-03,41.48218536376953
2018-05-04,43.10966873168945
2018-05-07,43.42157745361328
2018-05-08,43.63027191162109
2018-05-09,43.93748474121094
2018-05-10,44.56596374511719
2018-05-11,44.396461486816406
2018-05-14,44.29289245605469
2018-05-15,43.89033126831055
2018-05-16,44.29995346069336
2018-05-17,44.019813537597656
2018-05-18,43.85972595214844
2018-05-21,44.17047500610352
2018-05-22,44.05983352661133
2018-05-23,44.34232711791992
2018-05-24,44.29289245605469
2018-05-25,44.39411926269531
2018-05-29,44.23404312133789
2018-05-30,44.13986587524414
2018-05-31,43.99157333374024
2018-06-01,44.7849006652832
2018-06-04,45.1592025756836
2018-06-05,45.50761413574219
2018-06-06,45.66534805297852
2018-06-07,45.542930603027344
2018-06-08,45.128604888916016
2018-06-11,45.01796340942383
2018-06-12,45.26514434814453
2018-06-13,44.893192291259766
2018-06-14,44.91673278808594
2018-06-15,44.4553337097168
2018-06-18,44.431785583496094
2018-06-19,43.71377944946289
2018-06-20,43.90445709228516
2018-06-21,43.65963745117188
2018-06-22,43.532501220703125
2018-06-25,42.88512802124024
2018-06-26,43.41715240478516
2018-06-27,43.35359573364258
2018-06-28,43.66904830932617
2018-06-29,43.57722854614258
2018-07-02,44.06454086303711
2018-07-03,43.29710388183594
2018-07-05,43.6454963684082
2018-07-06,44.2505111694336
2018-07-09,44.86494827270508
2018-07-10,44.81079864501953
2018-07-11,44.22933578491211
2018-07-12,44.97088241577149
2018-07-13,45.041500091552734
2018-07-16,44.94263458251953
2018-07-17,45.06975555419922
2018-07-18,44.82256317138672
2018-07-19,45.17098236083984
2018-07-20,45.067413330078125
2018-07-23,45.10741424560547
2018-07-24,45.43465042114258
2018-07-25,45.86310195922852
2018-07-26,45.71950149536133
2018-07-27,44.9591064453125
2018-07-30,44.70720672607422
2018-07-31,44.79667663574219
2018-08-01,47.43564224243164
2018-08-02,48.82222366333008
2018-08-03,48.963470458984375
2018-08-06,49.217735290527344
2018-08-07,48.75632095336914
2018-08-08,48.78926849365234
2018-08-09,49.172996520996094
2018-08-10,49.02653121948242
2018-08-13,49.34308242797852
2018-08-14,49.55098342895508
2018-08-15,49.66674041748047
2018-08-16,50.39435577392578
2018-08-17,51.40073776245117
2018-08-20,50.89990997314453
2018-08-21,50.80068206787109
2018-08-22,50.80304336547852
2018-08-23,50.90699005126953
2018-08-24,51.06527328491211
2018-08-27,51.48576736450195
2018-08-28,51.90155029296875
2018-08-29,52.67640686035156
2018-08-30,53.16070938110352
2018-08-31,53.77492141723633
2018-09-04,53.9473762512207
2018-09-05,53.59536743164063
2018-09-06,52.70476150512695
2018-09-07,52.27953338623047
2018-09-10,51.57789993286133
2018-09-11,52.88193130493164
2018-09-12,52.22519302368164
2018-09-13,53.4867057800293
2018-09-14,52.87957000732422
2018-09-17,51.47159194946289
2018-09-18,51.55664443969727
2018-09-19,51.58735275268555
2018-09-20,51.9795036315918
2018-09-21,51.41961669921875
2018-09-24,52.15904235839844
2018-09-25,52.489776611328125
2018-09-26,52.07164001464844
2018-09-27,53.141788482666016
2018-09-28,53.32843017578125
2018-10-01,53.6875114440918
2018-10-02,54.16470718383789
2018-10-03,54.82381057739258
2018-10-04,53.859962463378906
2018-10-05,52.98587417602539
2018-10-08,52.86304473876953
2018-10-09,53.59536743164063
2018-10-10,51.112525939941406
2018-10-11,50.66130065917969
2018-10-12,52.47088241577149
2018-10-15,51.34876251220703
2018-10-16,52.48033142089844
2018-10-17,52.253543853759766
2018-10-18,51.03218460083008
2018-10-19,51.809417724609375
2018-10-22,52.125972747802734
2018-10-23,52.61735153198242
2018-10-24,50.812496185302734
2018-10-25,51.925174713134766
2018-10-26,51.098331451416016
2018-10-29,50.13920593261719
2018-10-30,50.38961791992188
2018-10-31,51.7031135559082
2018-11-01,52.49687194824219
2018-11-02,49.01471328735352
2018-11-05,47.62326431274414
2018-11-06,48.13826751708984
2018-11-07,49.59822463989258
2018-11-08,49.42516708374024
2018-11-09,48.4721908569336
2018-11-12,46.03042984008789
2018-11-13,45.57052993774414
2018-11-14,44.28327941894531
2018-11-15,45.37614822387695
2018-11-16,45.87872314453125
2018-11-19,44.06044387817383
2018-11-20,41.95534133911133
2018-11-21,41.90792083740234
2018-11-23,40.843509674072266
2018-11-26,41.39585113525391
2018-11-27,41.3057861328125
2018-11-28,42.89410400390625
2018-11-29,42.5645751953125
2018-11-30,42.33463668823242
2018-12-03,43.81389617919922
2018-12-04,41.88658905029297
2018-12-06,41.4195671081543
2018-12-07,39.942665100097656
2018-12-10,40.205810546875
2018-12-11,39.97586441040039
2018-12-12,40.08727645874024
2018-12-13,40.52584457397461
2018-12-14,39.22911071777344
2018-12-17,38.864044189453125
2018-12-18,39.36897277832031
2018-12-19,38.140995025634766
2018-12-20,37.17852783203125
2018-12-21,35.73243713378906
2018-12-24,34.807891845703125
2018-12-26,37.25912094116211
2018-12-27,37.01732635498047
2018-12-28,37.03627395629883
2018-12-31,37.39424133300781
2019-01-02,37.43691253662109
2019-01-03,33.70792770385742
2019-01-04,35.14689636230469
2019-01-07,35.06865692138672
2019-01-08,35.73717498779297
2019-01-09,36.34405517578125
2019-01-10,36.46023178100586
2019-01-11,36.10226058959961
2019-01-14,35.55937957763672
2019-01-15,36.28715133666992
2019-01-16,36.73046112060547
2019-01-17,36.94855499267578
2019-01-18,37.176151275634766
2019-01-22,36.34169006347656
2019-01-23,36.488651275634766
2019-01-24,36.1994514465332
2019-01-25,37.39897918701172
2019-01-28,37.052879333496094
2019-01-29,36.66883850097656
2019-01-30,39.174583435058594
2019-01-31,39.456687927246094
2019-02-01,39.47565078735352
2019-02-04,40.59696578979492
2019-02-05,41.29154968261719
2019-02-06,41.3057861328125
2019-02-07,40.523468017578125
2019-02-08,40.57109069824219
2019-02-11,40.33776092529297
2019-02-12,40.68535614013672
2019-02-13,40.51632690429688
2019-02-14,40.663944244384766
2019-02-15,40.5734748840332
2019-02-19,40.69488143920898
2019-02-20,40.956787109375
2019-02-21,40.72583770751953
2019-02-22,41.18056488037109
2019-02-25,41.48054504394531
2019-02-26,41.504356384277344
2019-02-27,41.632911682128906
2019-02-28,41.223419189453125
2019-03-01,41.65673065185547
2019-03-04,41.866241455078125
2019-03-05,41.79004669189453
2019-03-06,41.549591064453125
2019-03-07,41.06867218017578
2019-03-08,41.16627883911133
2019-03-11,42.592376708984375
2019-03-12,43.07093048095703
2019-03-13,43.26139068603516
2019-03-14,43.7422981262207
2019-03-15,44.31131362915039
2019-03-18,44.763668060302734
2019-03-19,44.40893173217773
2019-03-20,44.796993255615234
2019-03-21,46.44688415527344
2019-03-22,45.48504257202149
2019-03-25,44.9350814819336
2019-03-26,44.4708251953125
2019-03-27,44.87080001831055
2019-03-28,44.93032455444336
2019-03-29,45.2231674194336
2019-04-01,45.53027725219727
2019-04-02,46.19213485717773
2019-04-03,46.5087776184082
2019-04-04,46.58974075317383
2019-04-05,46.9015998840332
2019-04-08,47.63966369628906
2019-04-09,47.49682235717773
2019-04-10,47.76346206665039
2019-04-11,47.365867614746094
2019-04-12,47.3468132019043
2019-04-15,47.43253326416016
2019-04-16,47.43729782104492
2019-04-17,48.36103439331055
2019-04-18,48.53483963012695
2019-04-22,48.69436264038086
2019-04-23,49.39668273925781
2019-04-24,49.320499420166016
2019-04-25,48.8729133605957
2019-04-26,48.63959884643555
2019-04-29,48.71339797973633
2019-04-30,47.77536392211914
2019-05-01,50.12044906616211
2019-05-02,49.79427719116211
2019-05-03,50.41328430175781
2019-05-06,49.634765625
2019-05-07,48.296756744384766
2019-05-08,48.3062858581543
2019-05-09,47.78726577758789
2019-05-10,47.12524032592773
2019-05-13,44.38636016845703
2019-05-14,45.0890007019043
2019-05-15,45.62913131713867
2019-05-16,45.42837142944336
2019-05-17,45.17026138305664
2019-05-20,43.75779342651367
2019-05-21,44.596675872802734
2019-05-22,43.68370819091797
2019-05-23,42.93803405761719
2019-05-24,42.773136138916016
2019-05-28,42.59627151489258
2019-05-29,42.39313888549805
2019-05-30,42.61301040649414
2019-05-31,41.84106063842773
2019-06-03,41.41802978515625
2019-06-04,42.93326568603516
2019-06-05,43.62635040283203
2019-06-06,44.266849517822266
2019-06-07,45.44511032104492
2019-06-10,46.02586364746094
2019-06-11,46.55883407592773
2019-06-12,46.41065216064453
2019-06-13,46.40109252929688
2019-06-14,46.06410598754883
2019-06-17,46.33895492553711
2019-06-18,47.42877578735352
2019-06-19,47.2901496887207
2019-06-20,47.67015075683594
2019-06-21,47.50764083862305
2019-06-24,47.459842681884766
2019-06-25,46.74046325683594
2019-06-26,47.75142288208008
2019-06-27,47.737091064453125
2019-06-28,47.30210876464844
2019-07-01,48.16965866088867
2019-07-02,48.45168685913086
2019-07-03,48.85319900512695
2019-07-05,48.8101692199707
2019-07-08,47.80400466918945
2019-07-09,48.09557342529297
2019-07-10,48.571170806884766
2019-07-11,48.21746444702149
2019-07-12,48.58790969848633
2019-07-15,49.04439163208008
2019-07-16,48.874698638916016
2019-07-17,48.599857330322266
2019-07-18,49.15195083618164
2019-07-19,48.41822052001953
2019-07-22,49.52477264404297
2019-07-23,49.91193771362305
2019-07-24,49.871315002441406
2019-07-25,49.47697830200195
2019-07-26,49.64904022216797
2019-07-29,50.112701416015625
2019-07-30,49.89759063720703
2019-07-31,50.91572189331055
2019-08-01,49.81394958496094
2019-08-02,48.75999069213867
2019-08-05,46.20751190185547
2019-08-06,47.082218170166016
2019-08-07,47.569786071777344
2019-08-08,48.61898422241211
2019-08-09,48.21833038330078
2019-08-12,48.09598159790039
2019-08-13,50.13278198242188
2019-08-14,48.64056396484375
2019-08-15,48.39826965332031
2019-08-16,49.54021072387695
2019-08-19,50.46383666992188
2019-08-20,50.46623992919922
2019-08-21,51.013221740722656
2019-08-22,50.97003936767578
2019-08-23,48.61417388916016
2019-08-26,49.53780364990234
2019-08-27,48.97883224487305
2019-08-28,49.30750274658203
2019-08-29,50.14236068725586
2019-08-30,50.07758712768555
2019-09-03,49.34830093383789
2019-09-04,50.18555068969727
2019-09-05,51.166751861572266
2019-09-06,51.16197204589844
2019-09-09,51.38027191162109
2019-09-10,51.98721694946289
2019-09-11,53.64017868041992
2019-09-12,53.52022552490234
2019-09-13,52.479034423828125
2019-09-16,52.75492477416992
2019-09-17,52.94683837890625
2019-09-18,53.44344329833984
2019-09-19,53.00923538208008
2019-09-20,52.23432540893555
2019-09-23,52.47183609008789
2019-09-24,52.22233581542969
2019-09-25,53.02602005004883
2019-09-26,52.75252151489258
2019-09-27,52.49583053588867
2019-09-30,53.73134231567383
2019-10-01,53.88006591796875
2019-10-02,52.529415130615234
2019-10-03,52.97563934326172
2019-10-04,54.46064758300781
2019-10-07,54.47262954711914
2019-10-08,53.83448791503906
2019-10-09,54.46543884277344
2019-10-10,55.19956207275391
2019-10-11,56.66775894165039
2019-10-14,56.58619689941406
2019-10-15,56.45425033569336
2019-10-16,56.226341247558594
2019-10-17,56.44465637207031
2019-10-18,56.71574783325195
2019-10-21,57.6993522644043
2019-10-22,57.5674057006836
2019-10-23,58.33989715576172
2019-10-24,58.43585586547852
2019-10-25,59.15557098388672
2019-10-28,59.74813079833984
2019-10-29,58.36628723144531
2019-10-30,58.35909652709961
2019-10-31,59.67856216430664
2019-11-01,61.37228393554688
2019-11-04,61.77532196044922
2019-11-05,61.68655776977539
2019-11-06,61.71293640136719
2019-11-07,62.42519378662109
2019-11-08,62.59604644775391
2019-11-11,63.09171295166016
2019-11-12,63.03396224975586
2019-11-13,63.63794708251953
2019-11-14,63.19758605957031
2019-11-15,63.9483528137207
2019-11-18,64.27078247070312
2019-11-19,64.07588958740234
2019-11-20,63.329925537109375
2019-11-21,63.04600524902344
2019-11-22,62.99066162109375
2019-11-25,64.09512329101562
2019-11-26,63.59464263916016
2019-11-27,64.44884490966797
2019-11-29,64.306884765625
2019-12-02,63.563323974609375
2019-12-03,62.43001556396485
2019-12-04,62.98103332519531
2019-12-05,63.905059814453125
2019-12-06,65.13941955566406
2019-12-09,64.22747802734375
2019-12-10,64.60286712646484
2019-12-11,65.15386199951172
2019-12-12,65.31989288330078
2019-12-13,66.20780944824219
2019-12-16,67.34114837646484
2019-12-17,67.47349548339844
2019-12-18,67.3122787475586
2019-12-19,67.37963104248047
2019-12-20,67.24008178710938
2019-12-23,68.33734893798828
2019-12-24,68.40229034423828
2019-12-26,69.7593994140625
2019-12-27,69.73296356201172
2019-12-30,70.14682006835938
2019-12-31,70.65935516357422
2020-01-02,72.27154541015625
2020-01-03,71.56891632080078
2020-01-06,72.1391830444336
2020-01-07,71.79991912841797
2020-01-08,72.95491790771484
2020-01-09,74.50454711914062
2020-01-10,74.6729736328125
2020-01-13,76.26829528808594
2020-01-14,75.23844146728516
2020-01-15,74.91600799560547
2020-01-16,75.85443878173828
2020-01-17,76.69420623779297
2020-01-21,76.17447662353516
2020-01-22,76.4463882446289
2020-01-23,76.81455993652344
2020-01-24,76.59315490722656
2020-01-27,74.34090423583984
2020-01-28,76.4439697265625
2020-01-29,78.04412841796875
2020-01-30,77.93103790283203
2020-01-31,74.47566986083984
2020-02-03,74.27112579345703
2020-02-04,76.72309112548828
2020-02-05,77.34873962402344
2020-02-06,78.25347137451172
2020-02-07,77.1897964477539
2020-02-10,77.55641174316406
2020-02-11,77.08849334716797
2020-02-12,78.91917419433594
2020-02-13,78.357177734375
2020-02-14,78.37648010253906
2020-02-18,76.94136810302734
2020-02-19,78.05567932128906
2020-02-20,77.25492095947266
2020-02-21,75.50623321533203
2020-02-24,71.9196548461914
2020-02-25,69.48358917236328
2020-02-26,70.58586120605469
2020-02-27,65.9717788696289
2020-02-28,65.93318939208984
2020-03-02,72.07162475585938
2020-03-03,69.78269958496094
2020-03-04,73.0195083618164
2020-03-05,70.6510009765625
2020-03-06,69.71272277832031
2020-03-09,64.1989974975586
2020-03-10,68.82272338867188
2020-03-11,66.43247985839844
2020-03-12,59.871952056884766
2020-03-13,67.04512023925781
2020-03-16,58.41995620727539
2020-03-17,60.98868179321289
2020-03-18,59.49570083618164
2020-03-19,59.03983688354492
2020-03-20,55.29165649414063
2020-03-23,54.11703872680664
2020-03-24,59.54633712768555
2020-03-25,59.21830368041992
2020-03-26,62.33456039428711
2020-03-27,59.7537727355957
2020-03-30,61.45902633666992
2020-03-31,61.33359909057617
2020-04-01,58.10641098022461
2020-04-02,59.07601547241211
2020-04-03,58.22700881958008
2020-04-06,63.30657958984375
2020-04-07,62.57334518432617
2020-04-08,64.17487335205078
2020-04-09,64.63797760009766
2020-04-13,65.90666198730469
2020-04-14,69.23516082763672
2020-04-15,68.60323333740234
2020-04-16,69.1483383178711
2020-04-17,68.2100830078125
2020-04-20,66.79425811767578
2020-04-21,64.7296142578125
2020-04-22,66.59407806396484
2020-04-23,66.33599853515625
2020-04-24,68.25108337402344
2020-04-27,68.2993392944336
2020-04-28,67.1922378540039
2020-04-29,69.39918518066406
2020-04-30,70.86322021484375
2020-05-01,69.72237396240234
2020-05-04,70.7088851928711
2020-05-05,71.7701187133789
2020-05-06,72.5105972290039
2020-05-07,73.26070404052734
2020-05-08,75.00442504882812
2020-05-11,76.18466186523438
2020-05-12,75.31401824951172
2020-05-13,74.40465545654297
2020-05-14,74.86175537109375
2020-05-15,74.41915893554688
2020-05-18,76.17257690429688
2020-05-19,75.732421875
2020-05-20,77.20526123046875
2020-05-21,76.62966918945312
2020-05-22,77.12303161621094
2020-05-26,76.60066223144531
2020-05-27,76.93440246582031
2020-05-28,76.96825408935547
2020-05-29,76.89328002929688
2020-06-01,77.83891296386719
2020-06-02,78.19927978515625
2020-06-03,78.6297607421875
2020-06-04,77.95257568359375
2020-06-05,80.17274475097656
2020-06-08,80.64675903320312
2020-06-09,83.19342041015625
2020-06-10,85.33377838134766
2020-06-11,81.23687744140625
2020-06-12,81.938232421875
2020-06-15,82.95157623291016
2020-06-16,85.14996337890625
2020-06-17,85.03147888183594
2020-06-18,85.06533813476562
2020-06-19,84.57923889160156
2020-06-22,86.79215240478516
2020-06-23,88.64469909667969
2020-06-24,87.07991790771484
2020-06-25,88.23596954345703
2020-06-26,85.52484893798828
2020-06-29,87.49591064453125
2020-06-30,88.22630310058594
2020-07-01,88.05941009521484
2020-07-02,88.05941009521484
2020-07-06,90.4150390625
2020-07-07,90.1344757080078
2020-07-08,92.2337417602539
2020-07-09,92.63035583496094
2020-07-10,92.79238891601562
2020-07-13,92.36431121826172
2020-07-14,93.89281463623048
2020-07-15,94.53853607177734
2020-07-16,93.37525939941406
2020-07-17,93.18659210205078
2020-07-20,95.1504135131836
2020-07-21,93.837158203125
2020-07-22,94.1007843017578
2020-07-23,89.8176498413086
2020-07-24,89.59515380859375
2020-07-27,91.71858215332033
2020-07-28,90.2118682861328
2020-07-29,91.94108581542967
2020-07-30,93.0535888671875
2020-07-31,102.79525756835938
2020-08-03,105.38544464111328
2020-08-04,106.0892333984375
2020-08-05,106.47376251220705
2020-08-06,110.18853759765624
2020-08-07,107.68331146240234
2020-08-10,109.2484893798828
2020-08-11,105.99943542480467
2020-08-12,109.52225494384766
2020-08-13,111.46053314208984
2020-08-14,111.36121368408205
2020-08-17,111.0704574584961
2020-08-18,111.9959716796875
2020-08-19,112.1364974975586
2020-08-20,114.62476348876952
2020-08-21,120.53166198730467
2020-08-24,121.97325897216795
2020-08-25,120.9726333618164
2020-08-26,122.61772918701172
2020-08-27,121.15191650390624
2020-08-28,120.95568084716795
2020-08-31,125.05754089355467
2020-09-01,130.03887939453125
2020-09-02,127.3447036743164
2020-09-03,117.14938354492188
2020-09-04,117.2269058227539
2020-09-08,109.33815002441406
2020-09-09,113.6992416381836
2020-09-10,109.9874496459961
2020-09-11,108.5434112548828
2020-09-14,111.79974365234376
2020-09-15,111.9741668701172
2020-09-16,108.66942596435548
2020-09-17,106.93466186523438
2020-09-18,103.5426788330078
2020-09-21,106.68270111083984
2020-09-22,108.35928344726562
2020-09-23,103.81401824951172
2020-09-24,104.88008880615234
2020-09-25,108.81478118896484
2020-09-28,111.41207122802734
2020-09-29,110.56890869140624
2020-09-30,112.23584747314452
2020-10-01,113.18562316894533
2020-10-02,109.53194427490234
2020-10-05,112.90455627441406
2020-10-06,109.66764068603516
2020-10-07,111.52837371826172
2020-10-08,111.42176818847656
2020-10-09,113.36005401611328
2020-10-12,120.5607452392578
2020-10-13,117.3625946044922
2020-10-14,117.44982147216795
2020-10-15,116.984619140625
2020-10-16,115.34678649902344
2020-10-19,112.40060424804688
2020-10-20,113.8833999633789
2020-10-21,113.26313018798828
2020-10-22,112.17769622802734
2020-10-23,111.48958587646484
2020-10-26,111.49932098388672
2020-10-27,113.00146484375
2020-10-28,107.7681121826172
2020-10-29,111.76097106933594
2020-10-30,105.50032043457033
2020-11-02,105.41310119628906
2020-11-03,107.03158569335938
2020-11-04,111.40239715576172
2020-11-05,115.35648345947266
2020-11-06,115.22541046142578
2020-11-09,112.92459106445312
2020-11-10,112.5848159790039
2020-11-11,116.00205993652344
2020-11-12,115.73021697998048
2020-11-13,115.77877807617188
2020-11-16,116.78843688964844
2020-11-17,115.90497589111328
2020-11-18,114.58468627929688
2020-11-19,115.1768798828125
2020-11-20,113.91481018066406
2020-11-23,110.52670288085938
2020-11-24,111.8081512451172
2020-11-25,112.64305877685548
2020-11-27,113.1867218017578
2020-11-30,115.57491302490234
2020-12-01,119.13777923583984
2020-12-02,119.4872817993164
2020-12-03,119.3513641357422
2020-12-04,118.68148803710938
2020-12-07,120.13771057128906
2020-12-08,120.74932098388672
2020-12-09,118.22521209716795
2020-12-10,119.6426010131836
2020-12-11,118.83682250976562
2020-12-14,118.22521209716795
2020-12-15,124.14716339111328
2020-12-16,124.07921600341795
2020-12-17,124.94322967529295
2020-12-18,122.96276092529295
2020-12-21,124.48692321777344
2020-12-22,128.03041076660156
2020-12-23,127.13726806640624
2020-12-24,128.1177978515625
2020-12-28,132.69998168945312
2020-12-29,130.93312072753906
2020-12-30,129.81671142578125
2020-12-31,128.81671142578125
2021-01-04,125.63248443603516
2021-01-05,127.185791015625
2021-01-06,122.9045181274414
2021-01-07,127.0984344482422
2021-01-08,128.19541931152344
2021-01-11,125.21505737304688
2021-01-12,125.0403060913086
2021-01-13,127.06934356689452
2021-01-14,125.14707946777344
2021-01-15,123.42874145507812
2021-01-19,124.09861755371094
2021-01-20,128.17599487304688
2021-01-21,132.87474060058594
2021-01-22,135.010498046875
2021-01-25,138.74815368652344
2021-01-26,138.98114013671875
2021-01-27,137.91323852539062
2021-01-28,133.0883026123047
2021-01-29,128.10809326171875
2021-02-01,130.22442626953125
2021-02-02,131.0496368408203
2021-02-03,130.0302734375
2021-02-04,133.37953186035156
2021-02-05,132.96630859375
2021-02-08,133.11216735839844
2021-02-09,132.23715209960938
2021-02-10,131.6343536376953
2021-02-11,131.381591796875
2021-02-12,131.61489868164062
2021-02-16,129.49534606933594
2021-02-17,127.21052551269533
2021-02-18,126.11192321777344
2021-02-19,126.26747131347656
2021-02-22,122.50482940673828
2021-02-23,122.36870574951172
2021-02-24,121.87284088134766
2021-02-25,117.63380432128906
2021-02-26,117.89630126953124
2021-03-01,124.24517822265624
2021-03-02,121.64924621582033
2021-03-03,118.6741180419922
2021-03-04,116.79766845703124
2021-03-05,118.0518798828125
2021-03-08,113.13224029541016
2021-03-09,117.73103332519533
2021-03-10,116.65184020996094
2021-03-11,118.57686614990234
2021-03-12,117.67268371582033
2021-03-15,120.55057525634766
2021-03-16,122.08675384521484
2021-03-17,121.29920196533205
2021-03-18,117.18655395507812
2021-03-19,116.66153717041016
2021-03-22,119.96722412109376
2021-03-23,119.14081573486328
2021-03-24,116.75875091552734
2021-03-25,117.24488830566406
2021-03-26,117.8476791381836
2021-03-29,118.02268981933594
2021-03-30,116.57404327392578
2021-03-31,118.7616195678711
2021-04-01,119.58802795410156
2021-04-05,122.4075927734375
2021-04-06,122.70901489257812
2021-04-07,124.35211944580078
2021-04-08,126.743896484375
2021-04-09,129.31063842773438
2021-04-12,127.59944915771484
2021-04-13,130.70094299316406
2021-04-14,128.36752319335938
2021-04-15,130.76902770996094
2021-04-16,130.4384765625
2021-04-19,131.09959411621094
2021-04-20,129.4176025390625
2021-04-21,129.79678344726562
2021-04-22,128.28004455566406
2021-04-23,130.59405517578125
2021-04-26,130.9829559326172
2021-04-27,130.66209411621094
2021-04-28,129.87454223632812
2021-04-29,129.77731323242188
2021-04-30,127.8133316040039
2021-05-03,128.86338806152344
2021-05-04,124.3035125732422
2021-05-05,124.54656982421876
2021-05-06,126.14105987548828
2021-05-07,126.8131103515625
2021-05-10,123.54074096679688
2021-05-11,122.62525177001952
2021-05-12,119.56717681884766
2021-05-13,121.70977783203124
2021-05-14,124.12507629394533
2021-05-17,122.97586059570312
2021-05-18,121.5928955078125
2021-05-19,121.43709564208984
2021-05-20,123.9887237548828
2021-05-21,122.15777587890624
2021-05-24,123.78421783447266
2021-05-25,123.58942413330078
2021-05-26,123.54074096679688
2021-05-27,122.0116958618164
2021-05-28,121.3591766357422
2021-06-01,121.03778076171876
2021-06-02,121.79742431640624
2021-06-03,120.31707763671876
2021-06-04,122.60577392578124
2021-06-07,122.61550903320312
2021-06-08,123.43360137939452
2021-06-09,123.8134307861328
2021-06-10,122.8200454711914
2021-06-11,124.02769470214844
2021-06-14,127.07603454589844
2021-06-15,126.2579345703125
2021-06-16,126.75462341308594
2021-06-17,128.3518524169922
2021-06-18,127.05656433105467
2021-06-21,128.84852600097656
2021-06-22,130.4847412109375
2021-06-23,130.21202087402344
2021-06-24,129.9296112060547
2021-06-25,129.63743591308594
2021-06-28,131.26385498046875
2021-06-29,132.77342224121094
2021-06-30,133.38697814941406
2021-07-01,133.68890380859375
2021-07-02,136.3087158203125
2021-07-06,138.31497192382812
2021-07-07,140.7984161376953
2021-07-08,139.50315856933594
2021-07-09,141.32440185546875
2021-07-12,140.7302703857422
2021-07-13,141.84054565429688
2021-07-14,145.2589569091797
2021-07-15,144.60646057128906
2021-07-16,142.5709991455078
2021-07-19,138.73373413085938
2021-07-20,142.3372344970703
2021-07-21,141.60675048828125
2021-07-22,142.9702911376953
2021-07-23,144.68438720703125
2021-07-26,145.10313415527344
2021-07-27,142.94105529785156
2021-07-28,141.19775390625
2021-07-29,141.84054565429688
2021-07-30,142.0547637939453
2021-08-02,141.72366333007812
2021-08-03,143.51564025878906
2021-08-04,143.11634826660156
2021-08-05,143.2235107421875
2021-08-06,142.54074096679688
2021-08-09,142.491943359375
2021-08-10,142.01406860351562
2021-08-11,142.26760864257812
2021-08-12,145.22300720214844
2021-08-13,145.42782592773438
2021-08-16,147.39810180664062
2021-08-17,146.4910430908203
2021-08-18,142.7552947998047
2021-08-19,143.08694458007812
2021-08-20,144.5402069091797
2021-08-23,146.0228271484375
2021-08-24,145.93502807617188
2021-08-25,144.70606994628906
2021-08-26,143.90621948242188
2021-08-27,144.9401397705078
2021-08-30,149.3488006591797
2021-08-31,148.0906219482422
2021-09-01,148.75384521484375
2021-09-02,149.86575317382812
2021-09-03,150.49981689453125
2021-09-07,152.8308868408203
2021-09-08,151.28982543945312
2021-09-09,150.2754364013672
2021-09-10,145.30101013183594
2021-09-13,145.86679077148438
2021-09-14,144.471923828125
2021-09-15,145.3595733642578
2021-09-16,145.12547302246094
2021-09-17,142.46270751953125
2021-09-20,139.4195556640625
2021-09-21,139.89749145507812
2021-09-22,142.2578887939453
2021-09-23,143.2137451171875
2021-09-24,143.30154418945312
2021-09-27,141.78970336914062
2021-09-28,138.41490173339844
2021-09-29,139.31227111816406
2021-09-30,138.01502990722656
2021-10-01,139.13668823242188
2021-10-04,135.71311950683594
2021-10-05,137.63465881347656
2021-10-06,138.50274658203125
2021-10-07,139.76092529296875
2021-10-08,139.38050842285156
2021-10-11,139.29275512695312
2021-10-12,138.02474975585938
2021-10-13,137.4395751953125
2021-10-14,140.21934509277344
2021-10-15,141.2727508544922
2021-10-18,142.9406280517578
2021-10-19,145.09619140625
2021-10-20,145.58384704589844
2021-10-21,145.79849243164062
2021-10-22,145.02798461914062
2021-10-25,144.9791717529297
2021-10-26,145.64242553710938
2021-10-27,145.18399047851562
2021-10-28,148.81236267089844
2021-10-29,146.11061096191406
2021-11-01,145.29129028320312
2021-11-02,146.3251953125
2021-11-03,147.7589874267578
2021-11-04,147.24200439453125
2021-11-05,147.7694854736328
2021-11-08,146.948974609375
2021-11-09,147.3104248046875
2021-11-10,144.48745727539062
2021-11-11,144.43856811523438
2021-11-12,146.50946044921875
2021-11-15,146.5192108154297
2021-11-16,147.4959716796875
2021-11-17,149.9281768798828
2021-11-18,154.2065887451172
2021-11-19,156.8243865966797
2021-11-22,157.28347778320312
2021-11-23,157.66441345214844
2021-11-24,158.18211364746094
2021-11-26,153.17117309570312
2021-11-29,156.5215606689453
2021-11-30,161.4641571044922
2021-12-01,160.94644165039062
2021-12-02,159.9598846435547
2021-12-03,158.08444213867188
2021-12-06,161.4837188720703
2021-12-07,167.20774841308594
2021-12-08,171.0171661376953
2021-12-09,170.50927734375
2021-12-10,175.2858123779297
2021-12-13,171.66188049316406
2021-12-14,170.2846221923828
2021-12-15,175.13925170898438
2021-12-16,168.26260375976562
2021-12-17,167.1686248779297
2021-12-20,165.8109130859375
2021-12-21,168.97572326660156
2021-12-22,171.564208984375
2021-12-23,172.1893768310547
2021-12-27,176.1453399658203
2021-12-28,175.1295166015625
2021-12-29,175.2174072265625
2021-12-30,174.06480407714844
2021-12-31,173.44944763183594
2022-01-03,177.78640747070312
2022-01-04,175.52996826171875
2022-01-05,170.86093139648438
2022-01-06,168.00869750976562
2022-01-07,168.17474365234375
2022-01-10,168.19427490234375
2022-01-11,171.0171661376953
2022-01-12,171.45675659179688
2022-01-13,168.19427490234375
2022-01-14,169.05384826660156
2022-01-18,165.8597412109375
2022-01-19,162.37257385253906
2022-01-20,160.6925048828125
2022-01-21,158.6412353515625
2022-01-24,157.86953735351562
2022-01-25,156.07223510742188
2022-01-26,155.98434448242188
2022-01-27,155.52525329589844
2022-01-28,166.37742614746094
2022-01-31,170.72413635253906
2022-02-01,170.55812072753906
2022-02-02,171.7595672607422
2022-02-03,168.8877716064453
2022-02-04,168.60415649414062
2022-02-07,167.8901824951172
2022-02-08,170.9906005859375
2022-02-09,172.40872192382812
2022-02-10,168.340087890625
2022-02-11,164.9364776611328
2022-02-14,165.17124938964844
2022-02-15,168.99537658691406
2022-02-16,168.7606201171875
2022-02-17,165.17124938964844
2022-02-18,163.62596130371094
2022-02-22,160.71139526367188
2022-02-23,156.5547332763672
2022-02-24,159.16610717773438
2022-02-25,161.22976684570312
2022-02-28,161.49380493164062
2022-03-01,159.61599731445312
2022-03-02,162.90220642089844
2022-03-03,162.57943725585938
2022-03-04,159.5866241455078
2022-03-07,155.8016815185547
2022-03-08,153.98251342773438
2022-03-09,159.37147521972656
2022-03-10,155.0387725830078
2022-03-11,151.33200073242188
2022-03-14,147.31224060058594
2022-03-15,151.68408203125
2022-03-16,156.08526611328125
2022-03-17,157.09263610839844
2022-03-18,160.37890625
2022-03-21,161.7481231689453
2022-03-22,165.11257934570312
2022-03-23,166.4720458984375
2022-03-24,170.24728393554688
2022-03-25,170.8830108642578
2022-03-28,171.74368286132812
2022-03-29,175.02987670898438
2022-03-30,173.8660125732422
2022-03-31,170.77542114257812
2022-04-01,170.48202514648438
2022-04-04,174.52130126953125
2022-04-05,171.21554565429688
2022-04-06,168.0564727783203
2022-04-07,168.35964965820312
2022-04-08,166.35467529296875
2022-04-11,162.1099853515625
2022-04-12,163.97802734375
2022-04-13,166.6578826904297
2022-04-14,161.6600799560547
2022-04-18,161.4448699951172
2022-04-19,163.72373962402344
2022-04-20,163.55747985839844
2022-04-21,162.76528930664062
2022-04-22,158.23692321777344
2022-04-25,159.3030548095703
2022-04-26,153.35655212402344
2022-04-27,153.13160705566406
2022-04-28,160.04629516601562
2022-04-29,154.18788146972656
2022-05-02,154.49105834960938
2022-05-03,155.97772216796875
2022-05-04,162.37408447265625
2022-05-05,153.32720947265625
2022-05-06,154.052001953125
2022-05-09,148.9391326904297
2022-05-10,151.33885192871094
2022-05-11,143.4932403564453
2022-05-12,139.63412475585938
2022-05-13,144.0907440185547
2022-05-16,142.5529327392578
2022-05-17,146.17701721191406
2022-05-18,137.92979431152344
2022-05-19,134.5310821533203
2022-05-20,134.76611328125
2022-05-23,140.17282104492188
2022-05-24,137.479248046875
2022-05-25,137.63601684570312
2022-05-26,140.82908630371094
2022-05-27,146.56881713867188
2022-05-31,145.78526306152344
2022-06-01,145.65789794921875
2022-06-02,148.1066131591797
2022-06-03,142.39625549316406
2022-06-06,143.14064025878906
2022-06-07,145.65789794921875
2022-06-08,144.9232635498047
2022-06-09,139.71249389648438
2022-06-10,134.3155517578125
2022-06-13,129.17330932617188
2022-06-14,130.03526306152344
2022-06-15,132.65045166015625
2022-06-16,127.3906707763672
2022-06-17,128.85987854003906
2022-06-21,133.08140563964844
2022-06-22,132.5721435546875
2022-06-23,135.43212890625
2022-06-24,138.75257873535156
2022-06-27,138.75257873535156
2022-06-28,134.61920166015625
2022-06-29,136.37245178222656
2022-06-30,133.9139862060547
2022-07-01,136.07862854003906
2022-07-05,138.65463256835938
2022-07-06,139.9867401123047
2022-07-07,143.34632873535156
2022-07-08,144.0221710205078
2022-07-11,141.89669799804688
2022-07-12,142.86639404296875
2022-07-13,142.5040283203125
2022-07-14,145.42283630371094
2022-07-15,147.0879364013672
2022-07-18,144.05157470703125
2022-07-19,147.90086364746094
2022-07-20,149.89906311035156
2022-07-21,152.16162109375
2022-07-22,150.927490234375
2022-07-25,149.8108673095703
2022-07-26,148.4886016845703
2022-07-27,153.572021484375
2022-07-28,154.12057495117188
2022-07-29,159.17465209960938
2022-08-01,158.19515991210938
2022-08-02,156.72601318359375
2022-08-03,162.72039794921875
2022-08-04,162.40695190429688
2022-08-05,162.18138122558594
2022-08-08,161.71054077148438
2022-08-09,161.75958251953125
2022-08-10,165.99679565429688
2022-08-11,165.26119995117188
2022-08-12,168.80201721191406
2022-08-15,169.87107849121094
2022-08-16,169.71414184570312
2022-08-17,171.20506286621094
2022-08-18,170.81271362304688
2022-08-19,168.23313903808594
2022-08-22,164.35882568359375
2022-08-23,164.02529907226562
2022-08-24,164.31961059570312
2022-08-25,166.7716827392578
2022-08-26,160.48451232910156
2022-08-29,158.28741455078125
2022-08-30,155.86474609375
2022-08-31,154.2071533203125
2022-09-01,154.93296813964844
2022-09-02,152.82415771484375
2022-09-06,151.5686798095703
2022-09-07,152.9713134765625
2022-09-08,151.50001525878906
2022-09-09,154.35427856445312
2022-09-12,160.2981414794922
2022-09-13,150.89193725585938
2022-09-14,152.33375549316406
2022-09-15,149.45008850097656
2022-09-16,147.81210327148438
2022-09-19,151.5196533203125
2022-09-20,153.89328002929688
2022-09-21,150.7742462158203
2022-09-22,149.81298828125
2022-09-23,147.54727172851562
2022-09-26,147.8807373046875
2022-09-27,148.85177612304688
2022-09-28,146.9685516357422
2022-09-29,139.74961853027344
2022-09-30,135.55162048339844
2022-10-03,139.72015380859375
2022-10-04,143.30023193359375
2022-10-05,143.59449768066406
2022-10-06,142.64309692382812
2022-10-07,137.4053955078125
2022-10-10,137.72909545898438
2022-10-11,136.31668090820312
2022-10-12,135.68894958496094
2022-10-13,140.24984741210938
2022-10-14,135.72816467285156
2022-10-17,139.68096923828125
2022-10-18,140.9952850341797
2022-10-19,141.10317993164062
2022-10-20,140.64218139648438
2022-10-21,144.44781494140625
2022-10-24,146.58604431152344
2022-10-25,149.42063903808594
2022-10-26,146.48797607421875
2022-10-27,142.02513122558594
2022-10-28,152.75550842285156
2022-10-31,150.40147399902344
2022-11-01,147.76304626464844
2022-11-02,142.25071716308594
2022-11-03,136.21859741210938
2022-11-04,135.9533233642578
2022-11-07,136.48387145996094
2022-11-08,137.05368041992188
2022-11-09,132.50491333007812
2022-11-10,144.29446411132812
2022-11-11,147.0748291015625
2022-11-14,145.67971801757812
2022-11-15,147.40884399414062
2022-11-16,146.1807861328125
2022-11-17,148.0769500732422
2022-11-18,148.636962890625
2022-11-21,145.41445922851562
2022-11-22,147.5464324951172
2022-11-23,148.42080688476562
2022-11-25,145.5126953125
2022-11-28,141.69094848632812
2022-11-29,138.6943817138672
2022-11-30,145.43411254882812
2022-12-01,145.7091827392578
2022-12-02,145.21795654296875
2022-12-05,144.0586700439453
2022-12-06,140.40390014648438
2022-12-07,138.46844482421875
2022-12-08,140.14842224121094
2022-12-09,139.66705322265625
2022-12-12,141.9561767578125
2022-12-13,142.9190216064453
2022-12-14,140.69862365722656
2022-12-15,134.10629272460938
2022-12-16,132.15115356445312
2022-12-19,130.0487060546875
2022-12-20,129.9799346923828
2022-12-21,133.07470703125
2022-12-22,129.9111785888672
2022-12-23,129.5476837158203
2022-12-27,127.74974822998048
2022-12-28,123.82974243164062
2022-12-29,127.3371353149414
2022-12-30,127.6515121459961
2023-01-03,122.87672424316406
2023-01-04,124.14413452148438
2023-01-05,122.82759857177734
2023-01-06,127.34693908691406
2023-01-09,127.8676300048828
2023-01-10,128.43746948242188
2023-01-11,131.14907836914062
2023-01-12,131.07046508789062
2023-01-13,132.39678955078125
2023-01-17,133.55613708496094
2023-01-18,132.8389434814453
2023-01-19,132.89788818359375
2023-01-20,135.45228576660156
2023-01-23,138.635498046875
2023-01-24,140.0305633544922
2023-01-25,139.3723602294922
2023-01-26,141.4354705810547
2023-01-27,143.37095642089844
2023-01-30,140.49232482910156
2023-01-31,141.7596893310547
2023-02-01,142.8797149658203
2023-02-02,148.17520141601562
2023-02-03,151.7906494140625
2023-02-06,149.06924438476562
2023-02-07,151.93798828125
2023-02-08,149.25588989257812
2023-02-09,148.2242889404297
2023-02-10,148.58837890625
2023-02-13,151.38282775878906
2023-02-14,150.7432403564453
2023-02-15,152.83912658691406
2023-02-16,151.24505615234375
2023-02-17,150.1037139892578
2023-02-21,146.0989227294922
2023-02-22,146.5220947265625
2023-02-23,147.0041961669922
2023-02-24,144.35733032226562
2023-02-27,145.5479278564453
2023-02-28,145.04612731933594
2023-03-01,142.97975158691406
2023-03-02,143.5701904296875
2023-03-03,148.60801696777344
2023-03-06,151.3631591796875
2023-03-07,149.1688995361328
2023-03-08,150.41854858398438
2023-03-09,148.1751251220703
2023-03-10,146.11865234375
2023-03-13,148.0570526123047
2023-03-14,150.14300537109375
2023-03-15,150.53662109375
2023-03-16,153.35076904296875
2023-03-17,152.51438903808594
2023-03-20,154.8759307861328
2023-03-21,156.7257537841797
2023-03-22,155.29901123046875
2023-03-23,156.38134765625
2023-03-24,157.68020629882812
2023-03-27,155.7417755126953
2023-03-28,155.1219024658203
2023-03-29,158.19186401367188
2023-03-30,159.75634765625
2023-03-31,162.255615234375
2023-04-03,163.50526428222656
2023-04-04,162.97393798828125
2023-04-05,161.13388061523438
2023-04-06,162.01950073242188
2023-04-10,159.43167114257812
2023-04-11,158.2213897705078
2023-04-12,157.53262329101562
2023-04-13,162.90505981445312
2023-04-14,162.56068420410156
2023-04-17,162.58033752441406
2023-04-18,163.8004608154297
2023-04-19,164.94187927246094
2023-04-20,163.9775390625
2023-04-21,162.3737030029297
2023-04-24,162.67874145507812
2023-04-25,161.14378356933594
2023-04-26,161.13388061523438
2023-04-27,165.7093505859375
2023-04-28,166.95896911621094
2023-05-01,166.87042236328125
2023-05-02,165.83726501464844
2023-05-03,164.7647247314453
2023-05-04,163.13136291503906
2023-05-05,170.78662109375
2023-05-08,170.7177276611328
2023-05-09,169.01547241210938
2023-05-10,170.77676391601562
2023-05-11,170.96372985839844
2023-05-12,170.03750610351562
2023-05-15,169.54483032226562
2023-05-16,169.54483032226562
2023-05-17,170.15573120117188
2023-05-18,172.48109436035156
2023-05-19,172.58949279785156
2023-05-22,171.64361572265625
2023-05-23,169.04232788085938
2023-05-24,169.31820678710938
2023-05-25,170.4513702392578
2023-05-26,172.8555450439453
2023-05-30,174.6980743408203
2023-05-31,174.64881896972656
2023-06-01,177.44715881347656
2023-06-02,178.2945098876953
2023-06-05,176.9446258544922
2023-06-06,176.580078125
2023-06-07,175.21047973632812
2023-06-08,177.92010498046875
2023-06-09,178.30438232421875
2023-06-12,181.0928649902344
2023-06-13,180.6198883056641
2023-06-14,181.25048828125
2023-06-15,183.28024291992188
2023-06-16,182.20628356933597
2023-06-20,182.29493713378903
2023-06-21,181.2603912353516
2023-06-22,184.25575256347656
2023-06-23,183.94044494628903
2023-06-26,182.55116271972656
2023-06-27,185.3002014160156
2023-06-28,186.4727020263672
2023-06-29,186.80772399902344
2023-06-30,191.1234588623047
2023-07-03,189.63560485839844
2023-07-05,188.522216796875
2023-07-06,188.9951629638672
2023-07-07,187.8817443847656
2023-07-10,185.8421173095703
2023-07-11,185.31988525390625
2023-07-12,186.98509216308597
2023-07-13,187.74375915527344
2023-07-14,187.8916015625
2023-07-17,191.1431579589844
2023-07-18,190.8869781494141
2023-07-19,192.2368927001953
2023-07-20,190.29576110839844
2023-07-21,189.1232452392578
2023-07-24,189.9213714599609
2023-07-25,190.77859497070312
2023-07-26,191.6456756591797
2023-07-27,190.3844757080078
2023-07-28,192.95616149902344
2023-07-31,193.5670623779297
2023-08-01,192.7393951416016
2023-08-02,189.75387573242188
2023-08-03,188.36453247070312
2023-08-04,179.3192596435547
2023-08-07,176.225341796875
2023-08-08,177.161376953125
2023-08-09,175.5750274658203
2023-08-10,175.35824584960938
2023-08-11,175.41746520996094
2023-08-14,177.065185546875
2023-08-15,175.0819854736328
2023-08-16,174.21377563476562
2023-08-17,171.67803955078125
2023-08-18,172.16151428222656
2023-08-21,173.4934844970703
2023-08-22,174.86489868164062
2023-08-23,178.7030487060547
2023-08-24,174.02627563476562
2023-08-25,176.2265167236328
2023-08-28,177.78543090820312
2023-08-29,181.66297912597656
2023-08-30,185.1458740234375
2023-08-31,185.3629302978516
2023-09-01,186.93174743652344
2023-09-05,187.1685333251953
2023-09-06,180.4691467285156
2023-09-07,175.19052124023438
2023-09-08,175.80224609375
2023-09-11,176.9665069580078
2023-09-12,173.9473419189453
2023-09-13,171.88525390625
2023-09-14,173.39480590820312
2023-09-15,172.67457580566406
2023-09-18,175.59506225585938
2023-09-19,176.68038940429688
2023-09-20,173.148193359375
2023-09-21,171.6089630126953
2023-09-22,172.45748901367188
2023-09-25,173.7302703857422
2023-09-26,169.66525268554688
2023-09-27,168.15570068359375
2023-09-28,168.4121856689453
2023-09-29,168.92527770996094
2023-10-02,171.43138122558594
2023-10-03,170.099365234375
2023-10-04,171.34255981445312
2023-10-05,172.5758819580078
2023-10-06,175.1214599609375
2023-10-09,176.60145568847656
2023-10-10,176.00949096679688
2023-10-11,177.40061950683594
2023-10-12,178.2985076904297
2023-10-13,176.46331787109375
2023-10-16,176.33505249023438
2023-10-17,174.78598022460938
2023-10-18,173.4934844970703
2023-10-19,173.11856079101562
2023-10-20,170.57298278808594
2023-10-23,170.6913604736328
2023-10-24,171.1255340576172
2023-10-25,168.81674194335938
2023-10-26,164.6629180908203
2023-10-27,165.97515869140625
2023-10-30,168.0175323486328
2023-10-31,168.49114990234375
2023-11-01,171.64842224121094
2023-11-02,175.20037841796875
2023-11-03,174.2926788330078
2023-11-06,176.83824157714844
2023-11-07,179.39369201660156
2023-11-08,180.4494171142578
2023-11-09,179.97579956054688
2023-11-10,184.15484619140625
2023-11-13,182.5741271972656
2023-11-14,185.18231201171875
2023-11-15,185.74546813964844
2023-11-16,187.42498779296875
2023-11-17,187.4052276611328
2023-11-20,189.14401245117188
2023-11-21,188.34378051757807
2023-11-22,189.00570678710935
2023-11-24,187.6818389892578
2023-11-27,187.5040283203125
2023-11-28,188.10667419433597
2023-11-29,187.08908081054688
2023-11-30,187.662109375
2023-12-01,188.9365692138672
2023-12-04,187.1483459472656
2023-12-05,191.0903167724609
2023-12-06,190.00357055664065
2023-12-07,191.9300537109375
2023-12-08,193.35272216796875
2023-12-11,190.8531951904297
2023-12-12,192.36476135253903
2023-12-13,195.5756378173828
2023-12-14,195.7238006591797
2023-12-15,195.1903381347656
2023-12-18,193.53054809570312
2023-12-19,194.56790161132807
2023-12-20,192.48333740234372
2023-12-21,192.3350982666016
2023-12-22,191.26812744140625
2023-12-26,190.7247467041016
2023-12-27,190.82354736328125
2023-12-28,191.24838256835935
2023-12-29,190.21099853515625
2024-01-02,183.4040069580078
2024-01-03,182.03076171875
2024-01-04,179.7189483642578
2024-01-05,178.99774169921875
2024-01-08,183.3249664306641
2024-01-09,182.9100341796875
2024-01-10,183.94737243652344
2024-01-11,183.3546142578125
2024-01-12,183.6806488037109
2024-01-16,181.4182281494141
2024-01-17,180.47967529296875
2024-01-18,186.35801696777344
2024-01-19,189.25267028808597
2024-01-22,191.55465698242188
2024-01-23,192.8290863037109
2024-01-24,192.1573028564453
2024-01-25,191.8312530517578
2024-01-26,190.10235595703125
2024-01-29,189.420654296875
2024-01-30,185.77511596679688
2024-01-31,182.17892456054688
2024-02-01,184.6093292236328
2024-02-02,183.6114959716797
2024-02-05,185.4194183349609
2024-02-06,187.0198974609375
2024-02-07,187.12860107421875
2024-02-08,186.0517425537109
2024-02-09,186.8134307861328
2024-02-12,185.13177490234372
2024-02-13,183.04449462890625
2024-02-14,182.16407775878903
2024-02-15,181.87725830078125
2024-02-16,180.3439483642578
2024-02-20,179.60203552246094
2024-02-21,180.35385131835935
2024-02-22,182.3817443847656
2024-02-23,180.5516815185547
2024-02-26,179.20635986328125
2024-02-27,180.66050720214844
2024-02-28,179.4635467529297
2024-02-29,178.80078125
2024-03-01,177.72251892089844
2024-03-04,173.2117156982422
2024-03-05,168.285400390625
2024-03-06,167.29617309570312
2024-03-07,167.177490234375
2024-03-08,168.88880920410156
2024-03-11,170.88706970214844
2024-03-12,171.3618621826172
2024-03-13,169.28453063964844
2024-03-14,171.13436889648438
2024-03-15,170.7584228515625
2024-03-18,171.84658813476562
2024-03-19,174.18113708496094
2024-03-20,176.74317932128906
2024-03-21,169.52191162109375
2024-03-22,170.42213439941406
2024-03-25,169.00753784179688
2024-03-26,167.87986755371094
2024-03-27,171.44100952148438
2024-03-28,169.6307373046875
2024-04-01,168.19639587402344
2024-04-02,167.01922607421875
2024-04-03,167.82044982910156
2024-04-04,166.99945068359375
2024-04-05,167.75123596191406
2024-04-08,166.63343811035156
2024-04-09,167.8402862548828
2024-04-10,165.9706268310547
2024-04-11,173.15234375
2024-04-12,174.64608764648438
2024-04-15,170.8276824951172
2024-04-16,167.5534210205078
2024-04-17,166.1882781982422
2024-04-18,165.23861694335938
2024-04-19,163.22061157226562
2024-04-22,164.05157470703125
2024-04-23,165.10011291503906
2024-04-24,167.19729614257812
2024-04-25,168.05787658691406
2024-04-26,167.47425842285156
2024-04-29,171.62896728515625
2024-04-30,168.49317932128906
2024-05-01,167.47425842285156
2024-05-02,171.1640167236328
2024-05-03,181.4023895263672
2024-05-06,179.7504425048828
2024-05-07,180.4329833984375
2024-05-08,180.7693328857422
2024-05-09,182.57958984375
2024-05-10,181.3215789794922
2024-05-13,184.5210723876953
2024-05-14,185.66021728515625
2024-05-15,187.9286193847656
2024-05-16,188.0474395751953
2024-05-17,188.0771484375
2024-05-20,189.23614501953125
2024-05-21,190.5337371826172
2024-05-22,189.09747314453125
2024-05-23,185.11541748046875
2024-05-24,188.1861114501953
2024-05-28,188.196044921875
2024-05-29,188.49322509765625
2024-05-30,189.4837646484375
2024-05-31,190.4346923828125
2024-06-03,192.1978912353516
2024-06-04,192.514892578125
2024-06-05,194.02052307128903
2024-06-06,192.6436462402344
2024-06-07,195.0308837890625
2024-06-10,191.2964782714844
2024-06-11,205.1940155029297
2024-06-12,211.05812072753903
2024-06-13,212.2170867919922
2024-06-14,210.48361206054688
2024-06-17,214.62413024902344
2024-06-18,212.2666015625
2024-06-20,207.70013427734372
2024-06-21,205.5308074951172
2024-06-24,206.1746826171875
2024-06-25,207.0958709716797
2024-06-26,211.2364044189453
2024-06-27,212.07839965820312
2024-06-28,208.6312255859375
2024-07-01,214.703369140625
2024-07-02,218.1901092529297
2024-07-03,219.4580535888672
2024-07-05,224.2028045654297
2024-07-08,225.6688690185547
2024-07-09,226.5207061767578
2024-07-10,230.7801055908203
2024-07-11,225.42120361328125
2024-07-12,228.36314392089844
2024-07-15,232.1866912841797
2024-07-16,232.60276794433597
2024-07-17,226.71881103515625
2024-07-18,222.06320190429688
2024-07-19,222.1919860839844
2024-07-22,221.8453063964844
2024-07-23,222.8853759765625
2024-07-24,216.4764709472656
2024-07-25,215.43638610839844
2024-07-26,215.90196228027344
2024-07-29,216.17930603027344
2024-07-30,216.7340240478516
2024-07-31,219.9830474853516
2024-08-01,216.29815673828125
2024-08-02,217.7840118408203
2024-08-05,207.29400634765625
2024-08-06,205.2732696533203
2024-08-07,207.8388214111328
2024-08-08,211.2958526611328
2024-08-09,214.1981964111328
2024-08-12,215.72540283203125
2024-08-13,219.43438720703125
2024-08-14,219.8806610107422
2024-08-15,222.85577392578125
2024-08-16,224.1747283935547
2024-08-19,224.01605224609372
2024-08-20,224.6309051513672
2024-08-21,224.52183532714844
2024-08-22,222.66734313964844
2024-08-23,224.9581756591797
2024-08-26,225.2953643798828
2024-08-27,226.1383056640625
2024-08-28,224.611083984375
2024-08-29,227.8836975097656
2024-08-30,227.10025024414065
2024-09-03,220.92193603515625
2024-09-04,219.0178985595703
2024-09-05,220.53515625
2024-09-06,218.9881591796875
2024-09-09,219.07736206054688
2024-09-10,218.28399658203125
2024-09-11,220.81285095214844
2024-09-12,220.92193603515625
2024-09-13,220.6542053222656
2024-09-16,214.5254364013672
2024-09-17,214.99156188964844
2024-09-18,218.8592071533203
2024-09-19,226.9713134765625
2024-09-20,226.306884765625
2024-09-23,224.5912628173828
2024-09-24,225.4837951660156
2024-09-25,224.4920654296875
2024-09-26,225.63253784179688
2024-09-27,225.9002990722656
2024-09-30,231.06707763671875
2024-10-01,224.3334197998047
2024-10-02,224.898681640625
2024-10-03,223.79788208007807
2024-10-04,224.9185028076172
2024-10-07,219.8509063720703
2024-10-08,223.8970489501953
2024-10-09,227.6357879638672
2024-10-10,227.13992309570312
2024-10-11,225.6623077392578
2024-10-14,229.38119506835935
2024-10-15,231.9100341796875
2024-10-16,229.8571929931641
2024-10-17,230.22413635253903
2024-10-18,233.0504913330078
2024-10-21,234.5182037353516
2024-10-22,233.90335083007807
2024-10-23,228.8456573486328
2024-10-24,228.6572265625
2024-10-25,229.49026489257807
2024-10-28,231.46376037597656
2024-10-29,231.7315368652344
2024-10-30,228.19114685058597
2024-10-31,224.0359039306641
2024-11-01,221.060791015625
2024-11-04,220.16824340820312
2024-11-05,221.59629821777344
2024-11-06,220.8723602294922
2024-11-07,225.59288024902344
2024-11-08,225.32481384277344
2024-11-11,222.61447143554688
2024-11-12,222.61447143554688
2024-11-13,223.49806213378903
2024-11-14,226.5757293701172
2024-11-15,223.37893676757807
2024-11-18,226.37716674804688
2024-11-19,226.63531494140625
2024-11-20,227.35011291503903
2024-11-21,226.8735809326172
2024-11-22,228.2138519287109
2024-11-25,231.1922149658203
2024-11-26,233.3664703369141
2024-11-27,233.2373962402344
2024-11-29,235.6201019287109
2024-12-02,237.86380004882807
2024-12-03,240.9017639160156
2024-12-04,241.2591857910156
2024-12-05,241.28895568847656
2024-12-06,241.09039306640625
2024-12-09,244.97222900390625
2024-12-10,245.9849090576172
2024-12-11,244.71409606933597
2024-12-12,246.17352294921875
2024-12-13,246.34228515625
2024-12-16,249.23129272460935
2024-12-17,251.6537322998047
2024-12-18,246.26287841796875
2024-12-19,247.9903259277344
2024-12-20,252.65646362304688
2024-12-23,253.43084716796875
2024-12-24,256.3397521972656
2024-12-26,257.15380859375
2024-12-27,253.7485198974609
2024-12-30,250.3829498291016
2024-12-31,248.6157684326172
2025-01-02,242.0931396484375
2025-01-03,241.60667419433597
2025-01-06,243.2348175048828
2025-01-07,240.4649353027344
2025-01-08,240.95138549804688
2025-01-10,235.1435546875
2025-01-13,232.71121215820312
2025-01-14,231.59927368164065
2025-01-15,236.1562042236328
2025-01-16,226.61546325683597
2025-01-17,228.32305908203125
2025-01-21,221.03594970703125
2025-01-22,222.21739196777344
2025-01-23,222.048583984375
2025-01-24,221.1749420166016
2025-01-27,228.2039337158203
2025-01-28,236.54339599609372
2025-01-29,237.63548278808597
2025-01-30,235.87823486328125
2025-01-31,234.29966735839844
2025-02-03,226.36724853515625
2025-02-04,231.1227264404297
2025-02-05,230.7951202392578
2025-02-06,231.53970336914065
2025-02-07,225.989990234375
2025-02-10,226.25833129882807
2025-02-11,231.1979522705078
2025-02-12,235.4219665527344
2025-02-13,240.05349731445312
2025-02-14,243.10472106933597
2025-02-18,242.97552490234372
2025-02-19,243.373046875
2025-02-20,244.3271942138672
2025-02-21,244.0489196777344
2025-02-24,245.5894470214844
2025-02-25,245.52980041503903
2025-02-26,238.890625
2025-02-27,235.84934997558597
2025-02-28,240.36160278320312
2025-03-03,236.57489013671875
2025-03-04,234.4877014160156
2025-03-05,234.29888916015625
2025-03-06,233.89138793945312
2025-03-07,237.6085357666016
2025-03-10,226.08938598632807
2025-03-11,219.48995971679688
2025-03-12,215.65354919433597
2025-03-13,208.398193359375
2025-03-14,212.18490600585935
2025-03-17,212.6918029785156
2025-03-18,211.38980102539065
2025-03-19,213.92420959472656
2025-03-20,212.7911529541016
2025-03-21,216.9356842041016
2025-03-24,219.3806304931641
2025-03-25,222.3822021484375
2025-03-26,220.17575073242188
2025-03-27,222.4815826416016
2025-03-28,216.56793212890625
2025-03-31,220.7720947265625
2025-04-01,221.8256072998047
2025-04-02,222.5213165283203
2025-04-03,201.94786071777344
2025-04-04,187.22840881347656
2025-04-07,180.3507080078125
2025-04-08,171.365966796875
2025-04-09,197.6343994140625
2025-04-10,189.2559356689453
2025-04-11,196.9386749267578
2025-04-14,201.28196716308597
2025-04-15,200.904296875
2025-04-16,193.0823974609375
2025-04-17,195.77581787109372
2025-04-21,191.9792022705078
2025-04-22,198.5189514160156
2025-04-23,203.3492584228516
2025-04-24,207.09619140625
2025-04-25,208.0006256103516
2025-04-28,208.8553924560547
2025-04-29,209.91883850097656
2025-04-30,211.2009429931641
2025-05-01,212.0159454345703
2025-05-02,204.0946502685547
2025-05-05,197.6741485595703
2025-05-06,197.29649353027344
2025-05-07,195.0502777099609
2025-05-08,196.2826995849609
2025-05-09,197.3163299560547
2025-05-12,209.776123046875
2025-05-13,211.9058380126953
2025-05-14,211.3087310791016
2025-05-15,210.43296813964844
2025-05-16,210.24386596679688
2025-05-19,207.7758026123047
2025-05-20,205.8650360107422
2025-05-21,201.1179656982422
2025-05-22,200.39149475097656
2025-05-23,194.33079528808597
2025-05-27,199.2470550537109
2025-05-28,199.45602416992188
2025-05-29,198.98825073242188
2025-05-30,199.8839263916016
2025-06-02,200.72984313964844
2025-06-03,202.2923126220703
2025-06-04,201.844482421875
2025-06-05,199.66500854492188
2025-06-06,202.9391632080078
2025-06-09,200.48106384277344
2025-06-10,201.6951904296875
2025-06-11,197.8238983154297
2025-06-12,198.24188232421875
2025-06-13,195.50511169433597
2025-06-16,197.46563720703125
2025-06-17,194.69900512695312
2025-06-18,195.63449096679688
2025-06-20,200.03321838378903
2025-06-23,200.53082275390625
2025-06-24,199.3365936279297
2025-06-25,200.59051513671875
2025-06-26,200.03321838378903
2025-06-27,200.1128387451172
2025-06-30,204.1831817626953
2025-07-01,206.8204345703125
2025-07-02,211.418212890625
2025-07-03,212.52284240722656
2025-07-07,208.94017028808597
2025-07-08,208.9998779296875
2025-07-09,210.12445068359372
2025-07-10,211.3883514404297
2025-07-11,210.1443328857422
2025-07-14,207.6165771484375
2025-07-15,208.10421752929688
2025-07-16,209.1491851806641
2025-07-17,209.0098571777344
2025-07-18,210.16424560546875
2025-07-21,211.4580078125
2025-07-22,213.36875915527344
2025-07-23,213.1199493408203
2025-07-24,212.7318420410156
2025-07-25,212.85128784179688
2025-07-28,213.02044677734372
2025-07-29,210.25384521484372
2025-07-30,208.04449462890625
2025-07-31,206.57162475585935
2025-08-01,201.40660095214844
2025-08-04,202.37191772460935
2025-08-05,201.94400024414065
2025-08-06,212.2242889404297
2025-08-07,218.97169494628903
2025-08-08,228.2468719482422
2025-08-11,226.3438873291016
2025-08-12,228.8047790527344
2025-08-13,232.47125244140625
2025-08-14,231.92327880859372
2025-08-15,230.73765563964844
2025-08-18,230.0402374267578
2025-08-19,229.71145629882807
2025-08-20,225.17819213867188
2025-08-21,224.072265625
2025-08-22,226.9217529296875
2025-08-25,226.323974609375
2025-08-26,228.46603393554688
2025-08-27,229.6417236328125
2025-08-28,231.7040863037109
2025-08-29,231.28561401367188
2025-09-02,228.87454223632807
2025-09-03,237.59234619140625
2025-09-04,238.8975067138672
2025-09-05,238.80784606933597
2025-09-08,237.0045166015625
2025-09-09,233.4875030517578
2025-09-10,225.9553375244141
2025-09-11,229.18341064453125
2025-09-12,233.20852661132807
2025-09-15,235.828857421875
2025-09-16,237.2735137939453
2025-09-17,238.1104431152344
2025-09-18,237.0045166015625
2025-09-19,244.59646606445312
2025-09-22,255.13751220703125
2025-09-23,253.49359130859372
2025-09-24,251.3813934326172
2025-09-25,255.9246063232422
2025-09-26,254.51980590820312
2025-09-29,253.49359130859372
2025-09-30,253.6928558349609
2025-10-01,254.5098419189453
2025-10-02,256.18365478515625
2025-10-03,257.07037353515625
2025-10-06,255.7452850341797
2025-10-07,255.53607177734372
2025-10-08,257.1102294921875
2025-10-09,253.1050262451172
2025-10-10,244.3673095703125
2025-10-13,246.7485198974609
2025-10-14,246.8581085205078
2025-10-15,248.42233276367188
2025-10-16,246.53929138183597
2025-10-17,251.36148071289065
2025-10-20,261.2748413085937
2025-10-21,261.80291748046875
2025-10-22,257.49884033203125
2025-10-23,258.6246337890625
2025-10-24,261.85272216796875
2025-10-27,267.8207092285156
2025-10-28,268.0099792480469
2025-10-29,268.7073974609375
2025-10-30,270.4011535644531
2025-10-31,269.3749389648437
2025-11-03,268.05975341796875
2025-11-04,269.0461730957031
2025-11-05,269.14581298828125
2025-11-06,268.7771301269531
2025-11-07,267.4819030761719
2025-11-10,268.6986083984375
2025-11-11,274.5028381347656
2025-11-12,272.7276306152344
2025-11-13,272.2090759277344
2025-11-14,271.6705322265625
2025-11-17,266.73394775390625
2025-11-18,266.7140197753906
2025-11-19,267.8309631347656
2025-11-20,265.5272521972656
2025-11-21,270.7530212402344
2025-11-24,275.1710205078125
2025-11-25,276.2181396484375
2025-11-26,276.79656982421875
2025-11-28,278.093017578125
2025-12-01,282.3314819335937
2025-12-02,285.4131164550781
2025-12-03,283.378662109375
2025-12-04,279.93804931640625
2025-12-05,278.02325439453125
2025-12-08,277.1356506347656
2025-12-09,276.4275817871094
2025-12-10,278.02325439453125
2025-12-11,277.2752380371094
2025-12-12,277.52459716796875
2025-12-15,273.3658752441406
2025-12-16,273.8645324707031
2025-12-17,271.10205078125
2025-12-18,271.4511108398437
2025-12-19,272.9271240234375
2025-12-22,270.2344665527344
2025-12-23,271.62066650390625
2025-12-24,273.0667419433594
2025-12-26,272.6578063964844
2025-12-29,273.0168762207031
2025-12-30,272.33868408203125
2025-12-31,271.1220092773437
2026-01-02,270.2743225097656
2026-01-05,266.5345153808594
2026-01-06,261.6477966308594
2026-01-07,259.623291015625
2026-01-08,258.3368530273437
2026-01-09,258.6659240722656
2026-01-12,259.54351806640625
2026-01-13,260.3413391113281
2026-01-14,259.2543334960937
2026-01-15,257.5090637207031
2026-01-16,254.8363494873047
2026-01-20,246.0303192138672
2026-01-21,246.97775268554688
2026-01-22,247.67584228515625
2026-01-23,247.3666839599609
2026-01-26,254.7166748046875
2026-01-27,257.5688781738281
2026-01-28,255.74388122558597
2026-01-29,257.5788879394531
2026-01-30,258.775634765625
2026-02-02,269.2770690917969
2026-02-03,268.7485046386719
2026-02-04,275.73944091796875
2026-02-05,275.1610107421875
2026-02-06,277.3650207519531
2026-02-09,274.1307983398437
2026-02-10,273.19244384765625
2026-02-11,275.0092163085937
2026-02-12,261.2637634277344
2026-02-13,255.3243560791016
2026-02-17,263.4099426269531
2026-02-18,263.8791198730469
2026-02-19,260.11578369140625
2026-02-20,264.1086730957031
2026-02-23,265.705810546875
2026-02-24,271.6552429199219
2026-02-25,273.74151611328125
2026-02-26,272.4637756347656
2026-02-27,263.7094116210937
2026-03-02,264.2484130859375
2026-03-03,263.2801818847656
2026-03-04,262.0523376464844
2026-03-05,259.8263244628906
2026-03-06,257.0013427734375
2026-03-09,259.41705322265625
2026-03-10,260.3653564453125
2026-03-11,260.34539794921875
2026-03-12,255.3043975830078
2026-03-13,249.6744384765625
2026-03-16,252.36964416503903
2026-03-17,253.7771148681641
2026-03-18,249.4947662353516
2026-03-19,248.5165252685547
2026-03-20,247.54823303222656
2026-03-23,251.04200744628903
2026-03-24,251.1917266845703
2026-03-25,252.16998291015625
2026-03-26,252.43951416015625
2026-03-27,248.35679626464844
2026-03-30,246.19065856933597
2026-03-31,253.33790588378903
2026-04-01,255.1746368408203
2026-04-02,255.464111328125
2026-04-06,258.3988647460937
2026-04-07,253.0484161376953
2026-04-08,258.4388122558594
2026-04-09,260.0259704589844
2026-04-10,260.0159912109375
2026-04-13,258.73828125
2026-04-14,258.3689270019531
2026-04-15,265.95538330078125
2026-04-16,262.9307861328125
2026-04-17,269.7486267089844
2026-04-20,272.5635681152344
2026-04-21,265.69586181640625
2026-04-22,272.68341064453125
2026-04-23,272.9429016113281
2026-04-24,270.5771179199219
2026-04-27,267.1332702636719
2026-04-28,270.2277526855469
2026-04-29,269.688720703125
2026-04-30,270.8666381835937
