Date,Close,High,Low,Open,Volume
2000-01-03,0.8377241492271423,0.8419335898578445,0.7610145178077674,0.7848694802121977,535796800
2000-01-04,0.7670956254005432,0.827901399832967,0.7572728643773224,0.8101275341259804,512377600
2000-01-05,0.7783207297325134,0.8274337394232996,0.7708373511832788,0.7764498726051713,778321600
2000-01-06,0.7109660506248474,0.8007724789728964,0.7109660506248474,0.7942245047027412,767972800
2000-01-07,0.7446436882019043,0.7558696278497519,0.7147085319293209,0.7221919088264547,460734400
2000-01-10,0.731546938419342,0.7652238079649306,0.7090951591476434,0.7633529512592618,505064000
2000-01-11,0.6941279768943787,0.7437087322388302,0.6772895568938668,0.7179829506267711,441548800
2000-01-12,0.6524990200996399,0.7147087876043082,0.6473533254624358,0.7109662235147554,976068800
2000-01-13,0.7240629196166992,0.7390305269508232,0.6922568976670791,0.7071071486399376,1032684800
2000-01-14,0.7516596913337708,0.7652241199112005,0.7437085845634742,0.7483857032542285,390376000
2000-01-18,0.7778530120849609,0.793289143829344,0.7516595148732694,0.7558697550409323,459177600
2000-01-19,0.7974985837936401,0.8138693207187155,0.7736436189290025,0.7904820826301999,597643200
2000-01-20,0.849418044090271,0.9092883802272557,0.849418044090271,0.864385603144446,1831132800
2000-01-21,0.8330470323562622,0.8550303384611415,0.8246274016875903,0.8550303384611415,495924800
2000-01-24,0.7951599955558777,0.8438044262743912,0.7867403146387967,0.81153068140336,440876800
2000-01-25,0.8400627970695496,0.8466116715914086,0.7661602653796953,0.7858049904601115,497145600
2000-01-26,0.8246275186538696,0.8545627329452914,0.8213535809726124,0.8232243882304348,367158400
2000-01-27,0.8232241868972778,0.8456760167860332,0.8007724069686465,0.8143368304133811,340144000
2000-01-28,0.760546863079071,0.8297723238442872,0.7530634845251307,0.8096599227608742,423348800
2000-01-31,0.776449978351593,0.7773854320227325,0.7072245581620794,0.7558698976662456,701680000
2000-02-01,0.750256359577179,0.7858049424785782,0.7483855524459805,0.7783207147511294,318035200
2000-02-02,0.7394981384277344,0.7642885043058504,0.7259336636500653,0.7539988660224076,464195200
2000-02-03,0.773175835609436,0.780192335806366,0.750256277494036,0.7507240042057295,475193600
2000-02-04,0.8082566857337952,0.8232242402284533,0.7755143671597118,0.7778529507517558,425320000
2000-02-07,0.8536275029182434,0.8550306836693025,0.792821704741803,0.8082570427244976,441067200
2000-02-08,0.8597083687782288,0.8690625043527446,0.8325794171749289,0.8531594946574658,408643200
2000-02-09,0.8428688049316406,0.8765465226905502,0.8414657248987353,0.8540947441580243,299364800
2000-02-10,0.849418044090271,0.8522243052874838,0.8232244910045393,0.844740875481393,302982400
2000-02-11,0.8138692378997803,0.854094885636017,0.8101275239918275,0.8503531717280642,212251200
2000-02-14,0.8667241930961609,0.8671919199790856,0.8129340527953002,0.8180788986270358,367539200
2000-02-15,0.8905792832374573,0.8975957869471626,0.862047240097956,0.8625149670438145,485744000
2000-02-16,0.8540948033332825,0.8840308098781334,0.8391272497019754,0.8812237503356634,378246400
2000-02-17,0.8597083687782288,0.8643854365654867,0.8466116197393577,0.8620469026718577,289497600
2000-02-18,0.8325794339179993,0.8634500004038025,0.829772323882884,0.8578374789781197,233441600
2000-02-22,0.8517562747001648,0.8751435082887055,0.7984338337578182,0.824159650816864,422296000
2000-02-23,0.8699978590011597,0.8905788334270135,0.8307076163499678,0.8474295706407518,473099200
2000-02-24,0.8621635437011719,0.891514526730342,0.8363212113800258,0.877950048820465,376432000
2000-02-25,0.8260306119918823,0.8756113985901817,0.8241598048180515,0.8592406617560155,249144000
2000-02-28,0.8475470542907715,0.8606438045804652,0.8110631143062512,0.824159864595945,328328000
2000-02-29,0.8578373193740845,0.8774820399914038,0.8424012396409867,0.8498853662048299,368961600
2000-03-01,0.9752397537231445,0.9883365037929948,0.8868372902732962,0.8873050170728947,1077003200
2000-03-02,0.9130308032035828,0.9574659489109318,0.9032080406730421,0.9504502466592192,311259200
2000-03-03,0.9579334259033203,0.9596878258130322,0.898063105120707,0.9345461899728458,323366400
2000-03-06,0.9406274557113647,0.9663532286346553,0.9354817615572392,0.9429659897511945,210560000
2000-03-07,0.9195789694786072,0.953724432297271,0.9064822165074696,0.9462402023240949,273011200
2000-03-08,0.9130308032035828,0.9275307338753568,0.8873050295030903,0.9195787786491445,271230400
2000-03-09,0.9149015545845032,0.9354816304698178,0.8849663446480707,0.9046110670006859,276718400
2000-03-10,0.9410946369171143,0.9574653649079428,0.905546022448572,0.910691713619556,248606400
2000-03-13,0.9078851938247681,0.9467077171376085,0.8943207169892499,0.9139662417259768,303956800
2000-03-14,0.8550304174423218,0.9298691988707192,0.853159510356779,0.9071835012159724,428579200
2000-03-15,0.8699978590011597,0.899933867220699,0.8540948511132921,0.8653207917454605,443609600
2000-03-16,0.9097559452056885,0.913030732035407,0.856901221506128,0.8779499253449747,378100800
2000-03-17,0.9354819655418396,0.9354819655418396,0.8952562536134975,0.898998868127922,305043200
2000-03-20,0.9205142259597778,0.9448368190753099,0.9158370578505635,0.924256739825287,204489600
2000-03-21,1.0098527669906616,1.0234171416726898,0.9102243774009533,0.9172400783817805,524328000
2000-03-22,1.079078197479248,1.080482177105953,0.9845946951494222,0.993715916430738,567996800
2000-03-23,1.057563066482544,1.1253853700526424,1.047740301317093,1.0627078628897204,562564800
2000-03-24,1.0379167795181274,1.0772070121752346,1.014061824113063,1.065981074398559,446913600
2000-03-27,1.0444657802581787,1.0832882948346352,1.024352533249187,1.0299659530090304,279182400
2000-03-28,1.041191816329956,1.0627073446115713,1.02622336277467,1.0271588161816856,202966400
2000-03-29,1.0173370838165283,1.0435305844620135,1.0015505796032682,1.0430629575736587,239836800
2000-03-30,0.9410946369171143,1.030433200167836,0.9387560043128018,0.9995618509079184,414400000
2000-03-31,1.0164018869400024,1.027159205517137,0.9429661687275434,0.9537243865872944,404633600
2000-04-03,0.99769127368927,1.0439980130824016,0.9686915203952318,1.0140620070763149,328563200
2000-04-04,0.9527885317802429,0.995352759139803,0.8737403241116005,0.9925464989565247,660329600
2000-04-05,0.9757083654403687,0.9944176389053848,0.9279985290532201,0.9464738891377896,457665600
2000-04-06,0.9368858337402344,1.0065790311132168,0.9223851027135224,0.9775792677045799,259627200
2000-04-07,0.98599773645401,0.9869330899116534,0.9392240683568571,0.9523208153283595,242435200
2000-04-10,0.9354819655418396,0.9934823985657727,0.9336111578860949,0.9855304418458495,212262400
2000-04-11,0.893852949142456,0.9345462778599795,0.8835624604482337,0.9242566884481739,541822400
2000-04-12,0.8176110982894897,0.8905790833978399,0.7848696698646624,0.8905790833978399,941136000
2000-04-13,0.8517562747001648,0.8980630151911201,0.8119983073364678,0.8344501375128811,529827200
2000-04-14,0.837256669998169,0.8830948493881635,0.8157402362364069,0.818078820467456,667620800
2000-04-17,0.92706298828125,0.9275307150779217,0.8162078905395316,0.8194827275182797,409561600
2000-04-18,0.9495144486427307,0.9495144486427307,0.8933849540973863,0.9242564109098862,390924800
2000-04-19,0.9064822793006897,0.9747723103858983,0.8961917871156969,0.9443694600492545,520150400
2000-04-20,0.8896434307098389,0.9336108430427504,0.8760789556767619,0.9256596883665583,722120000
2000-04-24,0.9018047451972961,0.9018047451972961,0.8587727901666123,0.8606435970249668,443620800
2000-04-25,0.9602717161178589,0.9635465015191547,0.9134980603480238,0.9139657869136998,391641600
2000-04-26,0.9078851938247681,0.9579335599809842,0.8980632308185894,0.9476430708141923,366912000
2000-04-27,0.948578417301178,0.9504501236457308,0.872453866067109,0.8770144266574399,326603200
2000-04-28,0.9284656643867493,0.9541915262820571,0.9078847950140906,0.9513852666444778,249580800
2000-05-01,0.9303370714187622,0.936418119921234,0.9120955246358748,0.9345464131802704,226195200
2000-05-02,0.8821590542793274,0.9448365246703307,0.879352794256321,0.9223847458421497,236432000
2000-05-03,0.8611117005348206,0.9074176627709105,0.8353859217096059,0.8901114677350134,489798400
2000-05-04,0.8283692598342896,0.8625147158207412,0.8274338062150404,0.8615792622014921,399515200
2000-05-05,0.8466115593910217,0.8587728540374511,0.8286029811848049,0.8293045213188333,284076800
2000-05-08,0.8241598606109619,0.8508210379087494,0.8232244070005854,0.8388935547352143,184900800
2000-05-09,0.7890790104866028,0.8325795023608668,0.7848696190713043,0.8255630006796922,327140800
2000-05-10,0.7432405352592468,0.7858047599141098,0.7390302959297509,0.7787882605796564,535091200
2000-05-11,0.7694344520568848,0.7801926706442486,0.7409024109566082,0.7586762834296696,499744000
2000-05-12,0.805450439453125,0.8269660197236623,0.784050566846278,0.7932891443341685,306913600
2000-05-15,0.7558697462081909,0.8087244168011218,0.7493209223406146,0.8087244168011218,678932800
2000-05-16,0.7909498810768127,0.8162079286382603,0.7689666206868365,0.7821798783295116,440451200
2000-05-17,0.7586759924888611,0.7759821314128497,0.751191765238294,0.7755144046797864,398092800
2000-05-18,0.7539990544319153,0.7853373525247932,0.7530636007432233,0.7708374706290777,373777600
2000-05-19,0.7034826874732971,0.7427729292056516,0.6988047210447093,0.7427729292056516,740667200
2000-05-22,0.6730789542198181,0.7016118316442491,0.6436114727188228,0.7016118316442491,755507200
2000-05-23,0.6422086358070374,0.6988050411137515,0.640805505028449,0.6772895031994839,517585600
2000-05-24,0.6562405824661255,0.6716758654031972,0.6211597263237337,0.6450146905149123,678462400
2000-05-25,0.653083086013794,0.6934260920674176,0.6436115443574578,0.6623216635767906,406750400
2000-05-26,0.6464176774024963,0.6726111696756221,0.6379988972989189,0.6585789702208028,181148800
2000-05-30,0.6553053259849548,0.6595147179156194,0.6118056781072669,0.6557730028927105,713059200
2000-05-31,0.6286438703536987,0.6829017163922895,0.6272407402118935,0.6501602478257098,433507200
2000-06-01,0.6669986844062805,0.6702726213106259,0.6015149503069454,0.611805436945874,903840000
2000-06-02,0.6927247643470764,0.7465149060202962,0.6660635319778221,0.7016121249109933,792848000
2000-06-05,0.6833697557449341,0.712837252963409,0.6712084553941132,0.698337367828587,323668800
2000-06-06,0.6950631737709045,0.7240629354734137,0.6758861746935185,0.6882813848171035,525481600
2000-06-07,0.722659707069397,0.7259336943800241,0.6857080450317985,0.70067645002745,337019200
2000-06-08,0.7095628976821899,0.7371595228090967,0.6969338769066818,0.7306115987088823,238526400
2000-06-09,0.7165794968605042,0.7329501825347182,0.7062890089958194,0.7240628249276372,252358400
2000-06-12,0.68243408203125,0.7217243292446879,0.6800955481318581,0.7212566024807563,290337600
2000-06-13,0.7072246074676514,0.708627738112042,0.6599824451766129,0.6824342341317586,351456000
2000-06-14,0.6768215894699097,0.7203212295270923,0.6744830055109937,0.7086276102906226,277446400
2000-06-15,0.6913214325904846,0.698804810931356,0.6660633382905611,0.6829018013698044,248572800
2000-06-16,0.68243408203125,0.7016119285152332,0.6665310722967807,0.6997402220973812,303564800
2000-06-19,0.723127543926239,0.7324826298575641,0.6721436720262556,0.6777570433299382,394004800
2000-06-20,0.7577405571937561,0.7778530070383018,0.73622417771441,0.7371595812428384,501390400
2000-06-21,0.8325794339179993,0.8522241581902967,0.7530634845601594,0.7558697952331346,490000000
2000-06-22,0.8045143485069275,0.8625147750495997,0.8017080873767497,0.8344504151428798,467712000
2000-06-23,0.7736434936523438,0.8176108526509637,0.7605467463606199,0.8049818320596226,204965600
2000-06-26,0.8101276755332947,0.8194827614151926,0.7801925098262943,0.7858050317779657,185354400
2000-06-27,0.7745791673660278,0.8307078362202376,0.7727083099924967,0.8049820610200115,203470400
2000-06-28,0.8148045539855957,0.8288367040569407,0.7708371970581636,0.7979661437644024,286428800
2000-06-29,0.7670956254005432,0.8073212736399759,0.7642885155923336,0.7942245253963733,203660800
2000-06-30,0.7839341163635254,0.8222889614374038,0.773643627572529,0.790482091461854,323097600
2000-07-03,0.7979662418365479,0.8129337971440195,0.7801923760742012,0.7801923760742012,70828800
2000-07-05,0.7727080583572388,0.8260304487665869,0.7596113116054212,0.7970306950965943,265216000
2000-07-06,0.7755142450332642,0.7923535030798807,0.7427728308975226,0.7858047306435634,309545600
2000-07-07,0.8148045539855957,0.8204179236073957,0.7801922801865105,0.7872079305611314,263603200
2000-07-10,0.8550304174423218,0.8718696803351481,0.8045142274881202,0.8096599214152344,397796000
2000-07-11,0.8522241711616516,0.8868372517936376,0.8297723365125087,0.8531595247999905,357896000
2000-07-12,0.881223738193512,0.8821590916272855,0.84380430506947,0.8699977983440275,225433600
2000-07-13,0.845676064491272,0.9074172887149664,0.8194825695642264,0.8756112731502096,445659200
2000-07-14,0.8634500503540039,0.8830947757627401,0.851288753892603,0.8550304683662705,190276800
2000-07-17,0.8728049397468567,0.8802882666637692,0.855030227264747,0.8718694864121508,260002400
2000-07-18,0.8569011688232422,0.8812238586342956,0.851288647772524,0.8756113375835775,318404800
2000-07-19,0.7886112928390503,0.8503533308860152,0.7745791386360016,0.8260306871280569,457872800
2000-07-20,0.8250951766967773,0.8540949349827271,0.8101275707982524,0.8232243196347091,465572800
2000-07-21,0.8017078638076782,0.8325793255579748,0.792353629342236,0.8136353445872359,196235200
2000-07-24,0.7287406325340271,0.7914172509013931,0.710965921203592,0.7867401344112748,412171200
2000-07-25,0.7493208646774292,0.7577404949442149,0.7343532603691783,0.7530633777660436,211607200
2000-07-26,0.7493208646774292,0.7670955786227108,0.7371595206840558,0.7460468776566965,210470400
2000-07-27,0.7783207297325134,0.7970308497700795,0.7465147097238202,0.7483855668511623,294985600
2000-07-28,0.723127543926239,0.78580503592972,0.7016120103554232,0.7825310481205676,237893600
2000-07-31,0.760546863079071,0.7727082087965145,0.7296762965947037,0.7357564948321548,155299200
2000-08-01,0.738095223903656,0.7656918582910733,0.737159770175342,0.7530636326399827,137284000
2000-08-02,0.7072246074676514,0.7474502672142889,0.706289203691439,0.7334181114479348,162355200
2000-08-03,0.7184505462646484,0.7193860000587107,0.6623218697766499,0.6819665493323978,339897600
2000-08-04,0.7090954184532166,0.767095794508123,0.6931924062177632,0.740434565409027,263121600
2000-08-07,0.7175148725509644,0.7343532843113667,0.7062889816033023,0.7165794690688837,187348000
2000-08-08,0.6997404098510742,0.7184505345914091,0.6931924831997635,0.7175151307726921,176674400
2000-08-09,0.7109660506248474,0.7249982519715936,0.7072243867277076,0.7203211346300725,379640800
2000-08-10,0.7119016647338867,0.724998415591976,0.7090954036876722,0.7184504398440489,251714400
2000-08-11,0.7137730717658997,0.7184501885268937,0.681966209761103,0.7011440521532482,238056000
2000-08-14,0.7044180035591125,0.7137730359739505,0.6931921145416661,0.7123691066501088,156660000
2000-08-15,0.6988048553466797,0.7175149760524874,0.6959985945355064,0.7072244871025032,114200800
2000-08-16,0.7259339094161987,0.7334181391110689,0.7006766575819204,0.7016121113535604,143673600
2000-08-17,0.7699020504951477,0.7848696589162734,0.7231275684921469,0.7240629722007654,270900000
2000-08-18,0.7483857274055481,0.7755146353960335,0.746514869876843,0.7689667089857822,190176000
2000-08-21,0.7558697462081909,0.7717727551918243,0.7427729977553876,0.7521271828714449,134467200
2000-08-22,0.7736434936523438,0.7904819546268768,0.7539988223558928,0.7577404860785759,276802400
2000-08-23,0.8129339218139648,0.819482746601646,0.7642886351826534,0.7703697331627707,236863200
2000-08-24,0.83982914686203,0.847547189982114,0.7989018955746057,0.8183127610319788,310766400
2000-08-25,0.8503532409667969,0.8606437294335555,0.8438044667126546,0.8456761731412263,334460000
2000-08-28,0.8690625429153442,0.883094746102419,0.8540949860814732,0.8569012468624022,359004800
2000-08-29,0.8859018087387085,0.8896434227549499,0.8634499263955634,0.866256186867874,267030400
2000-08-30,0.8905792832374573,0.8980635138930211,0.8786517964766946,0.8830950525818935,285392800
2000-08-31,0.912095308303833,0.9205140897503541,0.8821591986203995,0.8826269253541382,419596800
2000-09-01,0.9495144486427307,0.9523207085414851,0.9149013785787172,0.9177076384774716,256872000
2000-09-05,0.9345463514328003,0.9598044986589326,0.9317400904704495,0.9378212384914097,298642400
2000-09-06,0.8746756315231323,0.9336105827462582,0.8643851465927874,0.9186429316774247,355404000
2000-09-07,0.9279983639717102,0.936417945206366,0.8718696542788517,0.8849664031673175,217464800
2000-09-08,0.881223738193512,0.9223847848931425,0.875611217909882,0.9223847848931425,195518400
2000-09-11,0.8746756315231323,0.9036753805288232,0.869997666022788,0.8784173444498767,187381600
2000-09-12,0.8643854260444641,0.8989986049525187,0.8531594842730819,0.8583051780428763,187997600
2000-09-13,0.868127167224884,0.8905789515468051,0.8494178965180872,0.8494178965180872,305984000
2000-09-14,0.8510550260543823,0.8924499011138238,0.850353385824809,0.87654688857919,426552000
2000-09-15,0.8267320990562439,0.8709341221671552,0.8119983578066211,0.8643853486328547,394514400
2000-09-18,0.9078851938247681,0.9092882742997803,0.8241598486999266,0.8269661095702244,424536000
2000-09-19,0.8971277475357056,0.9055465298680205,0.8765467698831478,0.8943206873961088,271510400
2000-09-20,0.9137321710586548,0.9195785045925041,0.8765465521281703,0.8891755718115878,227388000
2000-09-21,0.8484826683998108,0.8924499958194485,0.8269662819445915,0.875611627725657,510490400
2000-09-22,0.7811279296875,0.7848696443729223,0.748385653003709,0.7530635707426486,726700800
2000-09-25,0.800772488117218,0.8307076481609286,0.7792569087703692,0.7895465470551655,435551200
2000-09-26,0.7699020504951477,0.8194827935841444,0.7689666467865292,0.7979664099600215,290936800
2000-09-27,0.7324826121330261,0.7895466814918553,0.722192122773868,0.7745791239015275,402259200
2000-09-28,0.800772488117218,0.8054504048742126,0.72032114285569,0.7380950083025425,979585600
2000-09-29,0.3854182958602905,0.43406363441012763,0.37980577378412334,0.4219022872826335,7421640800
2000-10-02,0.36296743154525757,0.4003868617735513,0.3517415350305628,0.39945143284751805,2424788800
2000-10-03,0.33396753668785095,0.3741932137393832,0.3320958551900284,0.3732577851615813,2038120000
2000-10-04,0.3536123037338257,0.3554831362663225,0.3274187997535423,0.33490302916612164,1466024000
2000-10-05,0.3302248418331146,0.3667088122960406,0.3292894136977843,0.35174123770914817,873006400
2000-10-06,0.3320959508419037,0.34332184641087987,0.3143220783224017,0.3395801560020399,612656800
2000-10-09,0.3255479633808136,0.3423863802373194,0.3161928765660201,0.3386447152164633,597564800
2000-10-10,0.31245118379592896,0.3358383991544267,0.306837787480597,0.3236770771440913,691101600
2000-10-11,0.2937409281730652,0.3143218998936646,0.2862575765834773,0.3012251540647619,1198422400
2000-10-12,0.2993543744087219,0.3115156940337633,0.2918701472170528,0.30403146684209414,1191064000
2000-10-13,0.3302248418331146,0.33116026996844494,0.2993542645239995,0.30309592710520994,1247752800
2000-10-16,0.32180628180503845,0.34799978616210525,0.3199345749430978,0.3339676052138317,820176000
2000-10-17,0.3012252449989319,0.3283541731626656,0.2946772947688032,0.32461248374829665,601720000
2000-10-18,0.3012252449989319,0.3152574233801033,0.28064426706532686,0.29093475603212937,834265600
2000-10-19,0.2834513187408447,0.29654806582216997,0.27409626030215567,0.2867253056706749,1506724800
2000-10-20,0.2918701469898224,0.30496689508336783,0.2834513406482034,0.2853221976041474,791263200
2000-10-23,0.3049669861793518,0.3077740967939042,0.29093480541631406,0.3033299920989342,551292000
2000-10-24,0.28251588344573975,0.31245106287415797,0.281580455145587,0.30964477797369966,804451200
2000-10-25,0.27690258622169495,0.28719307550701045,0.2759671825742008,0.2853222432319536,663969600
2000-10-26,0.27690258622169495,0.28251598232933395,0.26193500375870293,0.28158055370177126,721851200
2000-10-27,0.27783793210983276,0.2871929899816733,0.2675474458889977,0.28251589819682277,744503200
2000-10-30,0.2890639007091522,0.29841896032956494,0.28064424463251103,0.2862576401177061,639189600
2000-10-31,0.29280558228492737,0.3030960451841404,0.28812846476623866,0.2956126921263297,885880800
2000-11-01,0.3068377375602722,0.3124511329623445,0.29093472846862056,0.29093472846862056,575366400
2000-11-02,0.33396753668785095,0.33583836886338747,0.31525741636764465,0.3161928199653793,590693600
2000-11-03,0.33303120732307434,0.34425712290399413,0.32835411511696977,0.34425712290399413,515821600
2000-11-06,0.3208707571029663,0.3386446228361869,0.3124511263103205,0.3358383373659755,393478400
2000-11-07,0.3189990222454071,0.32648322329196366,0.31151564554085376,0.3218061315866633,301963200
2000-11-08,0.30028975009918213,0.3208707234887026,0.2965480615109427,0.3199344457745098,422088800
2000-11-09,0.3021606206893921,0.30683771290334627,0.2853221844408613,0.2974835034953745,476834400
2000-11-10,0.28532230854034424,0.2974836328843634,0.28532230854034424,0.2897655643132134,422251200
2000-11-13,0.2899993062019348,0.2993543908652864,0.27316089321785436,0.28064424651864917,431816000
2000-11-14,0.30309608578681946,0.30683777530699324,0.2928056215090982,0.2984189926216536,409001600
2000-11-15,0.2974835932254791,0.302160711830258,0.2881285316735799,0.2998221525278686,282357600
2000-11-16,0.28438684344291687,0.29654816623652014,0.2825160109781464,0.291870223262141,239372000
2000-11-17,0.27690258622169495,0.2881285041345732,0.2731609216715812,0.28719307550701045,446180000
2000-11-20,0.2834513187408447,0.2918701244317919,0.2731608568765436,0.2783056756376606,408066400
2000-11-21,0.2815804183483124,0.2918700533651513,0.28064414084847955,0.2871929374556585,301952000
2000-11-22,0.27690258622169495,0.28625767185951634,0.27503175394663804,0.28158055370177126,280532000
2000-11-24,0.2890639007091522,0.29187016130059834,0.2815805224785854,0.2822820876264469,160932800
2000-11-27,0.27970874309539795,0.2984188557813104,0.2769024585070416,0.2974834275851916,258792800
2000-11-28,0.26988697052001953,0.28438685312320283,0.26848383987866253,0.2797089099895905,269124800
2000-11-29,0.2628704309463501,0.27409632381766813,0.2581933128142247,0.2708223611092351,492150400
2000-11-30,0.2469673752784729,0.25445072796440177,0.2413539802167734,0.24977363565820423,809597600
2000-12-01,0.25538715720176697,0.26193511029787553,0.25164461682701705,0.25445087887105233,385705600
2000-12-04,0.24977369606494904,0.2572578998830749,0.2460320063270403,0.2572578998830749,371520800
2000-12-05,0.2544507384300232,0.2609995372342776,0.24509652845282323,0.25351533491834866,613978400
2000-12-06,0.21422512829303741,0.22451559294069906,0.20954800997966147,0.21890307094870343,1374464000
2000-12-07,0.21422512829303741,0.2226447606033903,0.20954800997966147,0.21609680995270564,408917600
2000-12-08,0.22545091807842255,0.22919345533699698,0.21609671072693915,0.2217092301418176,435624000
2000-12-11,0.2273218333721161,0.23012894312806004,0.22264471599581545,0.2273218333721161,332511200
2000-12-12,0.23012900352478027,0.2394832157523043,0.2245156068817969,0.22825729676882067,386260000
2000-12-13,0.22451558709144592,0.23293524416251285,0.22264475480287757,0.23293524416251285,344887200
2000-12-14,0.21609678864479065,0.22825726008840502,0.21609678864479065,0.22498329757592178,263317600
2000-12-15,0.2104834020137787,0.2198384613550199,0.20954797351785623,0.21796760436317497,513945600
2000-12-18,0.21328969299793243,0.21890306413762992,0.20861258732011728,0.21796763550804632,325808000
2000-12-19,0.2095480114221573,0.22825728416667346,0.2095480114221573,0.21516053345278863,374007200
2000-12-20,0.21516044437885284,0.21890298183229503,0.20393539247459708,0.20627395067924725,565331200
2000-12-21,0.2104834020137787,0.22451555387450212,0.20767712901604382,0.21328966252148104,366844800
2000-12-22,0.22451558709144592,0.22451558709144592,0.21141883680892373,0.21141883680892373,318052000
2000-12-26,0.21983852982521057,0.22451562380140522,0.21328972895200357,0.22264479120694192,216815200
2000-12-27,0.22170929610729218,0.22170929610729218,0.21235423665041547,0.21469279542909545,325466400
2000-12-28,0.22170929610729218,0.22358015312226232,0.21422509366538559,0.21516049719280528,305177600
2000-12-29,0.22264482080936432,0.22451565365256992,0.2170322972996714,0.21983855905451788,630336000
2001-01-02,0.22264482080936432,0.22825734431905725,0.21796770123123613,0.22264482080936432,452312000
2001-01-03,0.2450965791940689,0.24977369764098423,0.2160968161226228,0.2170322448080199,817073600
2001-01-04,0.25538715720176697,0.2769026988487666,0.25164461682701705,0.2715240382577252,739396000
2001-01-05,0.2450965791940689,0.2600641875625256,0.24041863640483999,0.25351538740250246,412356000
2001-01-08,0.2479027956724167,0.2542169069378492,0.23854773611924993,0.25351534179503066,373699200
2001-01-09,0.257257878780365,0.2640396924352708,0.2479028183706398,0.25164450780161995,588929600
2001-01-10,0.2479027956724167,0.2544507453320783,0.24041859315347644,0.2497736527066432,580781600
2001-01-11,0.26941925287246704,0.2769026075285867,0.243225750481079,0.243225750481079,803734400
2001-01-12,0.257257878780365,0.2694192249983762,0.25538704655490885,0.2675475184705435,423376800
2001-01-16,0.2563224136829376,0.27316084891620024,0.25445070760400296,0.260999505614888,306118400
2001-01-17,0.25164443254470825,0.26287034680272986,0.24696734088976738,0.26287034680272986,840873600
2001-01-18,0.27970874309539795,0.2806441463114597,0.26380571435966726,0.2666119989480236,1227010400
2001-01-19,0.2918701469898224,0.2928055754677944,0.279708827374249,0.2909347185118504,776664000
2001-01-22,0.28812846541404724,0.2937409864650404,0.2759671454879899,0.28532220488855065,519327200
2001-01-23,0.3068377375602722,0.31338653649226467,0.2853222073688381,0.2890638964287149,879530400
2001-01-24,0.3068377375602722,0.3096448474323879,0.29280558548859165,0.30870944390246774,717091200
2001-01-25,0.2984190285205841,0.3077740902786996,0.29561276728788594,0.3077740902786996,489708800
2001-01-26,0.29280558228492737,0.2965480956460153,0.28532220424705146,0.29187015378517656,482820800
2001-01-29,0.32461249828338623,0.32554792692388085,0.2928056263402293,0.2928056263402293,855528800
2001-01-30,0.3255479633808136,0.3292896284016697,0.3124512115451639,0.3227416771450639,692423200
2001-01-31,0.323677122592926,0.33677387510440343,0.3208708611924374,0.32180628998595795,730704800
2001-02-01,0.3161928057670593,0.32180620132402554,0.30683774602703573,0.30964485597660973,369695200
2001-02-02,0.30870944261550903,0.3283541406851419,0.3068377362811163,0.3161927957240003,427341600
2001-02-05,0.3021606206893921,0.3077739906603187,0.2956126716058055,0.30683771290334627,286115200
2001-02-06,0.3161928057670593,0.3201683583091487,0.29935439268085484,0.30169292655024915,462711200
2001-02-07,0.3105802834033966,0.312451140468311,0.2965481060145577,0.3091771530947438,393887200
2001-02-08,0.3105802834033966,0.3152574010856166,0.30216065222923494,0.307774022786091,604128000
2001-02-09,0.28625765442848206,0.3115157246387546,0.2797088550721237,0.3068377574435329,590083200
2001-02-12,0.29467713832855225,0.29935425385851067,0.28158039549888,0.28532208292683586,274120000
2001-02-13,0.28625765442848206,0.30590235385299813,0.28438679728727834,0.2984189752483174,237070400
2001-02-14,0.2918701469898224,0.2937409789657019,0.276902541940333,0.28719302958002685,309120000
2001-02-15,0.30028975009918213,0.3077739765977784,0.2946772297068541,0.2946772297068541,311416000
2001-02-16,0.28438684344291687,0.291870223262141,0.2806443042108875,0.28438684344291687,263911200
2001-02-20,0.2740962505340576,0.29093468565793984,0.27222541876944256,0.28719299714864793,314893600
2001-02-21,0.28251588344573975,0.29841888897007174,0.27316082606235753,0.27316082606235753,390258400
2001-02-22,0.2815804183483124,0.2899991970093315,0.2694191026337873,0.28532210607989533,431961600
2001-02-23,0.2815804183483124,0.28251584652622225,0.2731607903653703,0.2787733094727164,293865600
2001-02-26,0.2918701469898224,0.2946772567658693,0.277837970418305,0.2853221976041474,206438400
2001-02-27,0.2899993062019348,0.2909347347320589,0.279708842968591,0.28859617589678166,348516000
2001-02-28,0.2731608748435974,0.2909347151622386,0.27129001790919305,0.28999928669503644,508233600
2001-03-01,0.28064414858818054,0.28064414858818054,0.25725776903394904,0.2666120011109089,330461600
2001-03-02,0.28812846541404724,0.3059023313711629,0.27316088496249336,0.2740962884842821,406201600
2001-03-05,0.3049669861793518,0.30683781871406335,0.28812854412421074,0.2899993766589223,324172800
2001-03-06,0.32180628180503845,0.330225065792483,0.3096449334161729,0.31011266029107915,731802400
2001-03-07,0.3180636465549469,0.32367701684446276,0.31058026861182175,0.31899907504285374,419540800
2001-03-08,0.31151583790779114,0.3161929325012861,0.30590246508097846,0.3096449800863323,204859200
2001-03-09,0.30309608578681946,0.30964488552443536,0.2993544212467142,0.3087094818794433,299135200
2001-03-12,0.2787734270095825,0.2974835472198752,0.27129004839126347,0.29467728648302227,391020000
2001-03-13,0.29280558228492737,0.29280558228492737,0.2722254558485861,0.2825159437278643,443329600
2001-03-14,0.3059023320674896,0.3068377355914076,0.27596714611617507,0.27690254964009303,477775200
2001-03-15,0.29467713832855225,0.3199343465640401,0.29467713832855225,0.3124509966881829,529317600
2001-03-16,0.2937409281730652,0.3040314140333649,0.2825158882986532,0.28438671995103515,470316000
2001-03-19,0.30777397751808167,0.3087094059129542,0.29187012106132043,0.2956126589828682,356008800
2001-03-20,0.29467713832855225,0.31338639981013094,0.29467713832855225,0.31011243892320367,499206400
2001-03-21,0.3012252449989319,0.3124511625643436,0.2899993274335202,0.2960804251766831,371375200
2001-03-22,0.323677122592926,0.3255479801799671,0.3021607365575009,0.3049669979579895,723301600
2001-03-23,0.344257116317749,0.3526767464378477,0.3292895122702642,0.33022494068561403,944888000
2001-03-26,0.32599714398384094,0.35548303830898054,0.31626740861993446,0.3462034187384559,734451200
2001-03-27,0.3423115909099579,0.345005540198444,0.3277924322646299,0.32839175379692986,543821600
2001-03-28,0.3318343162536621,0.33677377449212736,0.32180619384529596,0.33048734115992845,584662400
2001-03-29,0.3372221887111664,0.35099282339784027,0.3218061672041034,0.32584706717070705,613065600
2001-03-30,0.3303373456001282,0.3400662328258293,0.3194106641061921,0.33752231264463006,400349600
2001-04-02,0.3231531083583832,0.33916845110962895,0.32030912821062835,0.3306364856863016,340911200
2001-04-03,0.30294689536094666,0.32030919150852183,0.30129983459591764,0.3197107190461185,368687200
2001-04-04,0.2918701469898224,0.30309603812742375,0.28064423087215645,0.29576186618945643,685484800
2001-04-05,0.31237661838531494,0.3367738817831029,0.29935448109363244,0.30833486747431166,446762400
2001-04-06,0.30818548798561096,0.31492036180814537,0.2978572825743969,0.3113287038834474,324889600
2001-04-09,0.307437002658844,0.31941057031330283,0.3002520127441007,0.30968168594442685,266582400
2001-04-10,0.3298879861831665,0.3397669266446122,0.3110286880871157,0.31282492947846524,457374400
2001-04-11,0.3262963593006134,0.3442571248920315,0.31851289624848406,0.34395788871112065,334096000
2001-04-12,0.33557599782943726,0.3445563811483848,0.3165674673461952,0.3206083925370783,298933600
2001-04-16,0.32090774178504944,0.335276879742688,0.31222659160624533,0.33063663119823394,285224800
2001-04-17,0.30534154176712036,0.3174651403216463,0.29336712414389204,0.31731511006823476,685199200
2001-04-18,0.3411138355731964,0.3604224213451044,0.3155196426613894,0.32285383770356973,1100842400
2001-04-19,0.38496989011764526,0.3854183073634895,0.35323845594247344,0.38242514535404465,1873670400
2001-04-20,0.37479168176651,0.38362288542096684,0.36820601141929754,0.3731454702652729,693403200
2001-04-23,0.36296743154525757,0.3741933530400289,0.359224891498599,0.36431440723221686,541525600
2001-04-24,0.3596740961074829,0.3704507233375425,0.351890630883687,0.3641642887581472,377137600
2001-04-25,0.37000223994255066,0.37209771790252194,0.3527891497450052,0.36236800650931145,330780800
2001-04-26,0.369552880525589,0.39065688574462404,0.3694028502766341,0.37673702129285025,799696800
2001-04-27,0.3921539783477783,0.3935009535207463,0.37045067163337714,0.37718637184042836,453012000
2001-04-30,0.3815273344516754,0.4059245884136509,0.3722468660374191,0.39963813052994945,494776800
2001-05-01,0.38811299204826355,0.3966441082551121,0.37718631277099524,0.38032955410980923,427252000
2001-05-02,0.39799121022224426,0.39963824622771926,0.3855683710818498,0.39424952031791444,368524800
2001-05-03,0.37359383702278137,0.39290242695417393,0.3701513844233385,0.3887114717301396,301543200
2001-05-04,0.3854182958602905,0.3869153264616018,0.3586263466885003,0.3628173029541346,281052800
2001-05-07,0.37359383702278137,0.3855682553121138,0.3717975955921813,0.38347277770009663,276550400
2001-05-08,0.3677566349506378,0.3809279717077092,0.3584770168586142,0.3794318159258424,315436800
2001-05-09,0.3589255213737488,0.3674574627404825,0.3542861236914321,0.3613202353515615,324889600
2001-05-10,0.344257116317749,0.3667089220699826,0.34350861371306657,0.3623679366996547,288976800
2001-05-11,0.3420124351978302,0.3515912901826586,0.34066546023696875,0.3444071489440373,203044800
2001-05-14,0.34859809279441833,0.35443525888311395,0.3405154189489642,0.3426108964517836,309220800
2001-05-15,0.3469519317150116,0.381676546408084,0.34485645391018627,0.3497950878711259,237025600
2001-05-16,0.36072173714637756,0.36670893383382785,0.3420124438173711,0.3481488464252989,322330400
2001-05-17,0.35248997807502747,0.3641643149375455,0.3479997851015678,0.36266813350798255,332119200
2001-05-18,0.3521907329559326,0.3538369446583564,0.34605347907022976,0.3496459630958497,159051200
2001-05-21,0.3526390492916107,0.35787776850032477,0.34500564117873983,0.35368678813734067,460997600
2001-05-22,0.35174134373664856,0.36117099275959097,0.35024431354409646,0.3592246961348767,412916000
2001-05-23,0.3476995527744293,0.3554829902933214,0.34216162296592295,0.3554829902933214,281041600
2001-05-24,0.3472512364387512,0.3487474177787083,0.33857008729765586,0.34859821181588063,271756800
2001-05-25,0.3406655192375183,0.3485981644598405,0.3367737995976365,0.3472511892656937,158743200
2001-05-29,0.32135695219039917,0.33677382668523065,0.311478034182437,0.33407905173796526,515989600
2001-05-30,0.296061247587204,0.31072962363735873,0.2888771023935584,0.31072962363735873,777078400
2001-05-31,0.29860591888427734,0.3029469305769766,0.29172101173959936,0.2963604103758838,442892800
2001-06-01,0.3126757740974426,0.3156689606720712,0.2990551677155678,0.3012998265809189,456075200
2001-06-04,0.30923324823379517,0.31596812252710094,0.3062392380216426,0.31551968046889306,281920800
2001-06-05,0.313424289226532,0.3158190034494185,0.3045931107515636,0.3113288112387256,471794400
2001-06-06,0.31028103828430176,0.3132742246497418,0.30429384121126657,0.3132742246497418,223176800
2001-06-07,0.3242010176181793,0.32479946525084535,0.30609018919196346,0.3099810855172156,325180800
2001-06-08,0.3191114664077759,0.3240509257618312,0.30998105055238256,0.3240509257618312,342624800
2001-06-11,0.29995280504226685,0.3153696757029236,0.2986058300747719,0.3150704395259343,294000000
2001-06-12,0.3039945960044861,0.3096817323645822,0.2957618661645462,0.29591189643234406,303794400
2001-06-13,0.30638936161994934,0.32524868905137516,0.3002521084402847,0.3206084414338954,511487200
2001-06-14,0.29755812883377075,0.30609009547408295,0.2959119174815475,0.29995284289396534,297348800
2001-06-15,0.30594006180763245,0.3105802839403552,0.28962548073790284,0.30085139752884443,454624800
2001-06-18,0.30429381132125854,0.31207642484379833,0.29935435361264096,0.30549075601299963,345912000
2001-06-19,0.30219823122024536,0.32030902044471843,0.29950343291407344,0.31207631894336146,321087200
2001-06-20,0.3243500590324402,0.32704485829499136,0.29905512209204765,0.2993543582696381,431620000
2001-06-21,0.33662375807762146,0.34425716681782814,0.31581898474060716,0.3225538604865562,341331200
2001-06-22,0.3331812918186188,0.34425715313134947,0.3256970643334712,0.3364745387629742,286025600
2001-06-25,0.3590755760669708,0.3592247570281985,0.3360252940123893,0.33677379674551494,439549600
2001-06-26,0.3554830253124237,0.3557822615015458,0.3444071646043133,0.3493466225801244,272781600
2001-06-27,0.3493465483188629,0.35922463782856195,0.3367736849956609,0.35668074357078966,374130400
2001-06-28,0.35233986377716064,0.3578778199751804,0.3433594793341172,0.34500569080215077,348409600
2001-06-29,0.3479996919631958,0.3756893452790902,0.3472511642974847,0.3541360950380251,515390400
2001-07-02,0.35772860050201416,0.36266805906159205,0.3463526529381394,0.35383688089924925,230048000
2001-07-03,0.3568299114704132,0.3619194234244283,0.35174127381842757,0.3518904547247133,112543200
2001-07-05,0.34710124135017395,0.35578239137205114,0.3444072903225892,0.35323849564492543,152292000
2001-07-06,0.3297387957572937,0.3436586357120548,0.3250985493449591,0.3406654497073327,302920800
2001-07-09,0.3397670090198517,0.3442572014158161,0.32450016502504775,0.3306365689530006,337467200
2001-07-10,0.31641754508018494,0.3453050016798424,0.3119273518880532,0.34350875953450455,395270400
2001-07-11,0.3373722732067108,0.33752230349200674,0.314321990878046,0.31477125739170686,470506400
2001-07-12,0.36461347341537476,0.37134917304935716,0.3487473352477858,0.3487473352477858,614801600
2001-07-13,0.37194764614105225,0.37434236006510124,0.35683001060913394,0.3611710213117606,454742400
2001-07-16,0.3586263656616211,0.37568942788266724,0.3578778628114008,0.37239700455251323,278667200
2001-07-17,0.3756893575191498,0.3774855991547881,0.3444071950497761,0.35892553470944827,647830400
2001-07-18,0.3111788332462311,0.3409648215851121,0.30564090111093983,0.32599723691996135,1137012800
2001-07-19,0.29875585436820984,0.3206083364457331,0.2956126383222784,0.31776435654579516,861140000
2001-07-20,0.29905515909194946,0.30025207897033407,0.29172096165620953,0.2948641784229268,444584000
2001-07-23,0.292469322681427,0.3068376000754744,0.2920200564060538,0.30070119979312854,241360000
2001-07-24,0.2857336699962616,0.298156502683064,0.2803449468858683,0.2902238604172976,348376000
2001-07-25,0.27645328640937805,0.2888769721343403,0.26896990824985495,0.28618302194428513,443878400
2001-07-26,0.278249591588974,0.2813928339566771,0.26717372774941944,0.2766034048923862,369140800
2001-07-27,0.2837876081466675,0.2881285958841106,0.27690267439653304,0.2806443651181917,334135200
2001-07-30,0.2833389937877655,0.28977463197431064,0.2770525615076844,0.28618297377285334,243359200
2001-07-31,0.28124359250068665,0.29067324347364865,0.27705263651270357,0.2884277351905515,235026400
2001-08-01,0.28528451919555664,0.29606114543910145,0.2836383077208868,0.28453601643191107,304136000
2001-08-02,0.2966603636741638,0.297408016854492,0.2882784296149186,0.29411559505450496,252089600
2001-08-03,0.2918701469898224,0.29785734388601853,0.2843867691261754,0.2977081629404034,186054400
2001-08-06,0.2863321602344513,0.29426480299907753,0.28438671318836195,0.284985185457625,99652000
2001-08-07,0.28812846541404724,0.294414898664229,0.2840875401855669,0.2893262345607184,168548800
2001-08-08,0.28288984298706055,0.2948642401306463,0.27750109198966694,0.2882785690043826,276169600
2001-08-09,0.2851352393627167,0.2866314201600604,0.28019578187638977,0.2837874401320517,200664800
2001-08-10,0.28468599915504456,0.28917619064442784,0.2782495109568596,0.28498523534205505,186961600
2001-08-13,0.2857336699962616,0.2893261520698571,0.280794213230547,0.28588287588320993,147996800
2001-08-14,0.28034496307373047,0.289774610804974,0.2794472546744539,0.28737989739827213,228950400
2001-08-15,0.2760050296783447,0.28348841218752635,0.2724125194619776,0.28079446043163236,289279200
2001-08-16,0.2791481614112854,0.28064431786242977,0.26896998098700786,0.2734601739654306,288092000
2001-08-17,0.2704668939113617,0.2761540045770869,0.26926909996575044,0.26941915519476584,208426400
2001-08-20,0.2712146043777466,0.2728616650757311,0.2665752064696176,0.27151468991903555,252302400
2001-08-21,0.26822152733802795,0.27151480075610074,0.26492827890003207,0.27151480075610074,185701600
2001-08-22,0.2725624144077301,0.2731608868140463,0.263581181622134,0.26852063982963653,173975200
2001-08-23,0.26657524704933167,0.27450789325865116,0.2631327934932558,0.27241241506431574,217078400
2001-08-24,0.27795031666755676,0.2786988193516976,0.26418048019422147,0.2694191996211099,290332000
2001-08-27,0.28318896889686584,0.2888769289746507,0.2718138730833363,0.2783995416429629,175644000
2001-08-28,0.2754055857658386,0.2864822979340202,0.2754055857658386,0.28288981428694165,171735200
2001-08-29,0.26687443256378174,0.28184203832246146,0.26687443256378174,0.2760048714175011,239971200
2001-08-30,0.26687443256378174,0.2721131270534051,0.2586417273131336,0.26552745745818856,368692800
2001-08-31,0.2776510715484619,0.2783995742085724,0.26418047171281833,0.26537741649528573,216904800
2001-09-04,0.2731608748435974,0.28558371061213195,0.272113111027315,0.27690253875227755,348213600
2001-09-05,0.2776510715484619,0.2836382684872092,0.2712145831651563,0.27301082468099414,360057600
2001-09-06,0.26522818207740784,0.28333900185496796,0.26418044333422985,0.2754055090036669,282368800
2001-09-07,0.2586418390274048,0.2709154748961413,0.25744489367973833,0.2619350874185393,241830400
2001-09-10,0.2599894404411316,0.2619348873161489,0.2532537428073322,0.2544506622605481,308845600
2001-09-17,0.2543015778064728,0.255498522693712,0.23544225177250858,0.2394831772802542,458007200
2001-09-18,0.2436741292476654,0.26522822962423165,0.24202791788243003,0.25295459866930436,327101600
2001-09-19,0.2547507584095001,0.2559477028931351,0.23349590108368057,0.24696732189814907,373318400
2001-09-20,0.234693706035614,0.2537030588678285,0.23199975619082508,0.24382411866746298,411174400
2001-09-21,0.23544226586818695,0.24322573045013193,0.21972615573563212,0.2215224224963073,570516800
2001-09-24,0.24621878564357758,0.2520559506474716,0.23873458552066362,0.2411301230861651,294537600
2001-09-25,0.23259833455085754,0.24277649057767442,0.2297543531551729,0.24157872102175276,374404800
2001-09-26,0.2267610877752304,0.23783694890216608,0.2234678159060533,0.23663917975826632,493796800
2001-09-27,0.23214907944202423,0.23574156394558704,0.22750967999593627,0.22825733364016865,322240800
2001-09-28,0.23214907944202423,0.23813627883380406,0.23035283719024285,0.23514309130915137,365108800
2001-10-01,0.23259833455085754,0.2393340365752457,0.22795811099250715,0.2318498316212107,208208000
2001-10-02,0.2252640575170517,0.23693921409575877,0.22271928860149057,0.23095201772273402,235883200
2001-10-03,0.22421638667583466,0.22990434860440997,0.2219708532474402,0.22376709513763812,683043200
2001-10-04,0.237686887383461,0.2432256665409906,0.22436634433334926,0.22975424391720534,401122400
2001-10-05,0.24157863855361938,0.24172866882530605,0.22436637441725732,0.230502777397673,342686400
2001-10-08,0.2424772083759308,0.24472189239754286,0.23199981802900108,0.23304755706369404,207984000
2001-10-09,0.23948314785957336,0.2424771583942727,0.23394521758090867,0.24023165049324818,174025600
2001-10-10,0.251756876707077,0.2522061432881649,0.2387347156142635,0.24098022417735204,307759200
2001-10-11,0.2655273973941803,0.2655273973941803,0.25220603094220695,0.25325376960312634,334163200
2001-10-12,0.2695683538913727,0.2706160926770347,0.2523552419062676,0.25909096603475257,287812000
2001-10-15,0.2692691385746002,0.2751063053062963,0.2686706661770277,0.2686706661770277,318752000
2001-10-16,0.2695683538913727,0.2724123340727526,0.26597587109993676,0.2707661229358785,202949600
2001-10-17,0.2543015778064728,0.2755556179571243,0.2538523113026537,0.2745078540296186,285538400
2001-10-18,0.26941925287246704,0.2728617064261936,0.2587918066245223,0.2587918066245223,612572800
2001-10-19,0.27390941977500916,0.2754055759761415,0.2676229608071531,0.2685206695158734,166790400
2001-10-22,0.28468599915504456,0.2854345017936273,0.27076613325525845,0.27256239969949836,391938400
2001-10-23,0.2715146243572235,0.29067315682823264,0.2674728505408237,0.28618296594274634,684980800
2001-10-24,0.2836383283138275,0.2857338064672725,0.2656767087289534,0.2703169315950988,374427200
2001-10-25,0.28723081946372986,0.2881285282629347,0.27181396917655926,0.27600492559084516,254951200
2001-10-26,0.2794472873210907,0.28812843356280293,0.2786987847299337,0.28229126743066313,278964000
2001-10-29,0.26388034224510193,0.27944724006800264,0.26343190023988555,0.2779502351388244,239181600
2001-10-30,0.26343199610710144,0.2694192186407996,0.25534932062681087,0.260138748932827,276763200
2001-10-31,0.26283276081085205,0.2754056313126613,0.26103734303266296,0.26537750584357467,273750400
2001-11-01,0.278249591588974,0.2810935976829529,0.25819334216828616,0.2641805406698256,312995200
2001-11-02,0.27795031666755676,0.2822913024987085,0.27181391360506274,0.27720178900335035,197204000
2001-11-05,0.2854345738887787,0.28812852459442495,0.278548817499815,0.28199212035549265,235793600
2001-11-06,0.29291799664497375,0.2936664995829131,0.27735193830014165,0.2837875797500227,316019200
2001-11-07,0.29321712255477905,0.3012997971619591,0.28932622769033334,0.2912716751225562,382989600
2001-11-08,0.2800457775592804,0.2977081566619565,0.2779502999069104,0.29381641256433194,342143200
2001-11-09,0.2800457775592804,0.28812845198158094,0.2776510637197309,0.27839956635873636,134293600
2001-11-12,0.28064414858818054,0.28693060481476235,0.26881978853046373,0.27929719892139526,201499200
2001-11-13,0.2899247407913208,0.2902239770273654,0.280045823290608,0.2855837545130536,224672000
2001-11-14,0.2935171127319336,0.29785727301810155,0.2866313845514282,0.2932170522677047,221149600
2001-11-15,0.29112163186073303,0.29785733112310137,0.2878292095312875,0.29112163186073303,213029600
2001-11-16,0.2839374840259552,0.28872691149166047,0.2754055185519079,0.28842767531781344,230664000
2001-11-19,0.2993543744087219,0.3001028770640955,0.2837874726180019,0.2843867693475797,332589600
2001-11-20,0.2923193573951721,0.3023474774936625,0.291870091020024,0.2966603672037276,276584000
2001-11-21,0.2945649325847626,0.296360349813782,0.2882784992567083,0.2935171936967535,201583200
2001-11-23,0.2969597280025482,0.2986059397516803,0.2929179772734573,0.29501345562413017,60004000
2001-11-26,0.3198598623275757,0.3225538122228599,0.29755808689860896,0.2984557954163459,460689600
2001-11-27,0.31432193517684937,0.3221053731039376,0.3068377084450352,0.3173151212723013,268553600
2001-11-28,0.30728697776794434,0.3174651287080918,0.3054907365029746,0.3120764049131826,250611200
2001-11-29,0.30564096570014954,0.30983192326573616,0.3021985111773545,0.3083349171801529,202764800
2001-11-30,0.3188121020793915,0.32090757948837983,0.3030959965319175,0.3063892678726823,303912000
2001-12-03,0.31507042050361633,0.3185128728442849,0.30833472173072296,0.3152196264120601,181165600
2001-12-04,0.33527684211730957,0.33767155662109205,0.3101310783340096,0.3150705376478356,380419200
2001-12-05,0.35563308000564575,0.3596740050656944,0.33183429809298165,0.3346782783984015,568579200
2001-12-06,0.3409647047519684,0.3517413540245848,0.3313850251907541,0.35144211784175017,338934400
2001-12-07,0.3373722732067108,0.33991701766115323,0.32928957269188197,0.3361745039510241,203515200
2001-12-10,0.3373722732067108,0.3441079735427164,0.33273205081148677,0.3336305838388085,170010400
2001-12-11,0.32599714398384094,0.3420124632532869,0.324050847190148,0.339317688768429,205475200
2001-12-12,0.32165613770484924,0.32809262627296704,0.3180636545700219,0.32734412359136467,192460800
2001-12-13,0.31432193517684937,0.32255381519590287,0.3068377084450352,0.32165610666989153,197842400
2001-12-14,0.3051915168762207,0.31177718564306317,0.3007013006615867,0.3102810047929168,189884800
2001-12-17,0.308633953332901,0.3143219132945675,0.30219831515598355,0.30534153129132185,173712000
2001-12-18,0.3144720196723938,0.3192614479879796,0.3026468055035005,0.3126757779684934,235239200
2001-12-19,0.3236016035079956,0.32450013651360865,0.3063893382261604,0.3080355496135083,289956800
2001-12-20,0.3093825876712799,0.3213569850041018,0.30863408479518173,0.32030924584603926,220864000
2001-12-21,0.31432193517684937,0.3224046092792747,0.3113287490813974,0.31447196543555833,256334400
2001-12-24,0.31971070170402527,0.3210576768424861,0.312824971390951,0.312824971390951,50629600
2001-12-26,0.32165613770484924,0.33377976283725663,0.31641744327579285,0.3195606599332267,146400800
2001-12-27,0.3303373456001282,0.3330312710906236,0.32300314762844307,0.32300314762844307,191508800
2001-12-28,0.33572596311569214,0.3442570783147442,0.3286910286187639,0.3288402095379238,299124000
2001-12-31,0.3277924954891205,0.3391684407114402,0.32674475674796766,0.33692293297666415,137782400
2002-01-02,0.3487474024295807,0.3487474024295807,0.32869115427585,0.3300381295936961,529496800
2002-01-03,0.35293829441070557,0.3554830386267325,0.3408146944155296,0.34425714723254563,612007200
2002-01-04,0.35458531975746155,0.35847703865918196,0.34410790709663924,0.3493466009370191,409976000
2002-01-07,0.34276098012924194,0.35922474220999917,0.3405154720224934,0.3550337865511483,444584000
2002-01-08,0.33841994404792786,0.3450056127728405,0.33617443627390586,0.3405154215668574,450038400
2002-01-09,0.32405078411102295,0.3432093412450415,0.31851285463250256,0.3412638941522597,327835200
2002-01-10,0.31776440143585205,0.32120685411408656,0.303096032835935,0.3176151955127772,452737600
2002-01-11,0.31507042050361633,0.32689478266227295,0.30833472173072296,0.3201590838893795,348801600
2002-01-14,0.3165675103664398,0.32030919986745776,0.3128249965231657,0.3144720323511088,415996000
2002-01-15,0.3247993588447571,0.3256970674697728,0.31746518654286104,0.3191113978598091,290320800
2002-01-16,0.31102877855300903,0.3204584303437449,0.3068377972215006,0.3204584303437449,566893600
2002-01-17,0.33647459745407104,0.3403654931458638,0.32734418205527943,0.3286911573858704,660576000
2002-01-18,0.3318343162536621,0.33826995551729666,0.32869109958756265,0.3292895470175648,338811200
2002-01-22,0.3265955150127411,0.3348273931568999,0.3265955150127411,0.3333312126209848,327314400
2002-01-23,0.34455642104148865,0.3448564816167199,0.32315317415124645,0.32629641609108534,443279200
2002-01-24,0.3474002778530121,0.35189046843074534,0.34276088138312355,0.34291008727527883,344002400
2002-01-25,0.3479996919631958,0.3505435869037271,0.3391684893715441,0.3426109422517815,185914400
2002-01-28,0.3482988774776459,0.3524898577142176,0.3400661728854458,0.35024432484298,186446400
2002-01-29,0.3453048765659332,0.35233981227686906,0.3420124541111081,0.34755038451959963,240324000
2002-01-30,0.36057260632514954,0.36132028476746625,0.34335949032632007,0.3453049380924364,471576000
2002-01-31,0.37000223994255066,0.37015144588698606,0.3608718253537851,0.3616203281026655,468445600
2002-02-01,0.3653619885444641,0.37359386944518047,0.36431424964752734,0.36431424964752734,398305600
2002-02-04,0.37943193316459656,0.3819758284368471,0.36221881719662097,0.36401505900796377,522373600
2002-02-05,0.380928099155426,0.38886159436710643,0.37539016762841415,0.3755401979258116,456887200
2002-02-06,0.36925366520881653,0.38886149075502163,0.3614702273484989,0.3831735304461684,597576000
2002-02-07,0.3637157380580902,0.3785332869518625,0.36042249144720734,0.368954431978531,347832800
2002-02-08,0.3596740961074829,0.368804511712175,0.3497951526905553,0.3652120278547131,355331200
2002-02-11,0.3738930821418762,0.3741931676526278,0.3553338437135894,0.3581769746960002,398602400
2002-02-12,0.3698521852493286,0.37479164359219663,0.3659604658173059,0.36910368254984194,224280000
2002-02-13,0.3743424117565155,0.3777848650190741,0.3689545107689477,0.3701514557251822,312872000
2002-02-14,0.3682059049606323,0.37763557837238043,0.3649126585680641,0.3749407793103902,260170400
2002-02-15,0.35772860050201416,0.3738931270198318,0.35698009776968825,0.36715825111333117,260187200
2002-02-19,0.33857011795043945,0.3572794182836956,0.3364746395424473,0.35563320648953334,390258400
2002-02-20,0.34620341658592224,0.3472511554507001,0.3345282588031927,0.34081469199186004,285443200
2002-02-21,0.32180628180503845,0.3442572467407566,0.3210577539367108,0.3430603015934585,446751200
2002-02-22,0.340365469455719,0.3435086864557593,0.3218062280345524,0.32420094227140456,406476000
2002-02-25,0.3563816249370575,0.37000223136096355,0.3346783181117686,0.3420124908015642,426848800
2002-02-26,0.35428598523139954,0.36476337000346887,0.3479995543681579,0.35787764262336696,260131200
2002-02-27,0.32869115471839905,0.36296733256961283,0.3134243103257851,0.35832710975788434,1030159200
2002-02-28,0.3247993588447571,0.3381207533200055,0.3195606643434028,0.3315350837100418,456937600
2002-03-01,0.35099273920059204,0.3517412666227965,0.32659551642770535,0.3282417022152332,348992000
2002-03-04,0.36356574296951294,0.3679067287844153,0.3406654927828412,0.34814887091191143,348258400
2002-03-05,0.3521907329559326,0.3656613115384603,0.35024443565266483,0.3614703549560253,274702400
2002-03-06,0.36027243733406067,0.36431418628626094,0.3432093567632193,0.35144208555434014,226206400
2002-03-07,0.364912748336792,0.3671582565671246,0.35338759466058633,0.36012331998942326,258249600
2002-03-08,0.3691037595272064,0.3755402246113861,0.3637158579147322,0.37030152896461843,269774400
2002-03-11,0.3750908076763153,0.37628860161366895,0.360721701898914,0.3682059031124431,262785600
2002-03-12,0.37000223994255066,0.37030147617365594,0.36072179506711527,0.3668590230025937,254055200
2002-03-13,0.3665589392185211,0.3719476640639019,0.36147027492748,0.36476352194557643,200765600
2002-03-14,0.3656611740589142,0.3682059179821647,0.3572792640454347,0.3637157268095228,217296800
2002-03-15,0.37344464659690857,0.3735938525227587,0.36296725810212793,0.3661104746505621,240900800
2002-03-18,0.37030136585235596,0.37494076256565617,0.3640149338453149,0.37344458185587653,304556000
2002-03-19,0.37194764614105225,0.3786833707677279,0.36371576550575,0.36955293221700325,242345600
2002-03-20,0.372995525598526,0.3762887986793406,0.36670909005002905,0.36910380487672506,294319200
2002-03-21,0.3632664680480957,0.36371573447744787,0.3481488338058508,0.3571292163404608,616352800
2002-03-22,0.36057260632514954,0.3676067189472981,0.357279358941406,0.36251805409126586,202193600
2002-03-25,0.34949594736099243,0.3605726611582795,0.3478497355899143,0.3602726005249934,262830400
2002-03-26,0.351142942905426,0.3538368933629189,0.3442571871507442,0.3472511981855098,257840800
2002-03-27,0.35129213333129883,0.35503382288326635,0.34814891626550193,0.3494958915305195,127702400
2002-03-28,0.35428598523139954,0.3574292006630203,0.3511427697997787,0.35473440221169045,108455200
2002-04-01,0.36611056327819824,0.3697022228157795,0.3484481795071666,0.34994518518085205,199046400
2002-04-02,0.36027243733406067,0.3637157139755742,0.3572792514386009,0.3592246736392845,203795200
2002-04-03,0.3554830253124237,0.36655891100059834,0.353238366703013,0.3599732418135565,214530400
2002-04-04,0.372696191072464,0.37494087498113327,0.35428615591553775,0.35428615591553775,338497600
2002-04-05,0.37030136585235596,0.3770362399013365,0.3607216875998219,0.37344458185587653,278348000
2002-04-08,0.3676066994667053,0.3694029411860795,0.3559323648041182,0.3616203261917648,261514400
2002-04-09,0.36072173714637756,0.37419316075872994,0.35937476215156916,0.3680559088286363,191531200
2002-04-10,0.3691037595272064,0.37344474635267905,0.3593748710892596,0.3623680581692617,224980000
2002-04-11,0.3720977008342743,0.37718636521411386,0.3704506651253937,0.37464162085309577,407254400
2002-04-12,0.3750908076763153,0.3767370186933235,0.3677566367107058,0.3743423051207602,320241600
2002-04-15,0.3741931617259979,0.3764378202957166,0.3711991262234186,0.37509084529742626,299370400
2002-04-16,0.3852689862251282,0.389010674686413,0.37598851870328565,0.3764377851080885,614577600
2002-04-17,0.3908068835735321,0.39170459196670865,0.3798802059290514,0.3881129340520437,396250400
2002-04-18,0.3803296387195587,0.38197582524351176,0.37239696811945966,0.3816765890011683,401710400
2002-04-19,0.3738930821418762,0.3815273394700066,0.3731454038415095,0.3815273394700066,375407200
2002-04-22,0.36715826392173767,0.37314546164699347,0.3626680717133571,0.3717976620764588,269427200
2002-04-23,0.36296743154525757,0.37090007966986527,0.3605727165081605,0.3673075949429568,233469600
2002-04-24,0.35578224062919617,0.3667089197528437,0.3544352656861092,0.36371573369510274,140448000
2002-04-25,0.3610210120677948,0.36431425911900095,0.3524898947378994,0.3526390756943207,194202400
2002-04-26,0.3444071412086487,0.3647634690873908,0.34425711095321987,0.3634156698147197,304981600
2002-04-29,0.3586263656616211,0.3601233713620617,0.3456042046408782,0.3466519437627174,272288800
2002-04-30,0.3632664680480957,0.36491267916629067,0.3554830052222658,0.3575785077498757,280963200
2002-05-01,0.3589255213737488,0.3635657433982265,0.3496458766868889,0.3635657433982265,214704000
2002-05-02,0.35458531975746155,0.3643142048407287,0.3532383448188021,0.35638156112303,239344000
2002-05-03,0.35189053416252136,0.35952479132691645,0.3506935894339122,0.3527890920311414,230781600
2002-05-06,0.33901840448379517,0.3517413243859214,0.33617442447335566,0.3494957917106606,249664800
2002-05-07,0.33632439374923706,0.34350853325576797,0.3313849371889235,0.34335932737502417,242748800
2002-05-08,0.3647634983062744,0.3670081819230747,0.34485643525712784,0.34725114914137495,436682400
2002-05-09,0.3620687425136566,0.36446345652109907,0.3562315755991298,0.36296727548030455,224616000
2002-05-10,0.34904745221138,0.3635657673062885,0.3439579383943855,0.3635657673062885,235396000
2002-05-13,0.35832709074020386,0.3605725990486602,0.3433594833971978,0.3520406317071662,265608000
2002-05-14,0.3833228051662445,0.3843705441983194,0.36251805481887556,0.3659605081610823,526506400
2002-05-15,0.37838417291641235,0.3888615626097712,0.37179765355003985,0.3797311481138119,335826400
2002-05-16,0.37733644247055054,0.38092807665060296,0.3704506867205753,0.3750909092159432,227052000
2002-05-17,0.3743424117565155,0.38586756582275056,0.3683552139485741,0.3815274038430161,236493600
2002-05-20,0.37030136585235596,0.3731453457139206,0.36715814984883544,0.3677566221327473,269914400
2002-05-21,0.351142942905426,0.37419322574731023,0.3502443848780302,0.37164845625614046,280991200
2002-05-22,0.36401504278182983,0.36476354553171386,0.34904746081085636,0.34979511423843707,290875200
2002-05-23,0.3768872022628784,0.37778491108952883,0.36027258205981155,0.36596054432233505,369398400
2002-05-24,0.3614703118801117,0.3740431801291256,0.35862633106060615,0.3740431801291256,166174400
2002-05-28,0.3589255213737488,0.3622187683070919,0.35069361557356704,0.3545853598958886,149716000
2002-05-29,0.3589255213737488,0.36581125144489146,0.3509928517780235,0.35802781276037937,221793600
2002-05-30,0.36221879720687866,0.3649127476040859,0.35189058846713894,0.3557823081198976,196375200
2002-05-31,0.3487474024295807,0.3629673320809144,0.34844816617475927,0.36057261770004356,365495200
2002-06-03,0.34291014075279236,0.3509928147899995,0.3379706830443839,0.3500951312512945,235110400
2002-06-04,0.3409647047519684,0.34485642381302106,0.3319834725763596,0.34246088566614136,347821600
2002-06-05,0.34006625413894653,0.34171329005618234,0.33452832256137394,0.34171329005618234,277082400
2002-06-06,0.33168432116508484,0.34769964239951884,0.32988805442210584,0.34365871668965703,259996800
2002-06-07,0.3203091323375702,0.3283918314358989,0.31327419700607817,0.325697032188359,612376800
2002-06-10,0.32150617241859436,0.3268948982100734,0.319410694223407,0.32150617241859436,277575200
2002-06-11,0.30623921751976013,0.3247992768296968,0.30549071501683217,0.32390159341142094,349496000
2002-06-12,0.3007012903690338,0.31058023033225196,0.2984557826575754,0.30549074258976133,528718400
2002-06-13,0.292469322681427,0.3001027526338782,0.29007378544062945,0.2996534613784507,352083200
2002-06-14,0.3008514940738678,0.30474236543326544,0.2710654785556409,0.2879785374757449,424900000
2002-06-17,0.307437002658844,0.30878397749859515,0.2971087966706789,0.302946811745671,324609600
2002-06-18,0.30159902572631836,0.30818554417682087,0.29905513095046576,0.30564080007879285,353360000
2002-06-19,0.25624707341194153,0.2634320414498873,0.2526554137353319,0.259989587741023,1709467200
2002-06-20,0.25609785318374634,0.26343202678104427,0.25220613310362455,0.2569955619673203,396636800
2002-06-21,0.25220608711242676,0.26178494309305994,0.25130752917032234,0.2540023286943372,445177600
2002-06-24,0.25849246978759766,0.2653773742163173,0.2499605050521192,0.25100824374092456,431933600
2002-06-25,0.2565462291240692,0.2646289034572952,0.2523552488854516,0.2604379481987413,301201600
2002-06-26,0.24771587550640106,0.2587917359760256,0.239183909780534,0.2514575643030389,558952800
2002-06-27,0.25534936785697937,0.2584925853283477,0.2457696601507676,0.2513075922180774,251658400
2002-06-28,0.26522818207740784,0.2667243628947706,0.25445070916004536,0.2559477392995183,269858400
2002-07-01,0.25534936785697937,0.2676230014607566,0.25519933754494445,0.2650782565527803,222689600
2002-07-02,0.2535530924797058,0.25684633983001465,0.25190688097568414,0.2549000677413841,305188800
2002-07-03,0.2626834809780121,0.26462892852861036,0.25070906145557703,0.25160761941452114,199029600
2002-07-05,0.2804950475692749,0.2806442285136363,0.2650781761880474,0.2650781761880474,161649600
2002-07-08,0.2695683538913727,0.27854873652788087,0.2646288961386687,0.2772017615666128,211204000
2002-07-09,0.262384295463562,0.2737593954371767,0.2613365563472156,0.2707662083943334,226749600
2002-07-10,0.259240984916687,0.27196305570307944,0.2581932461770055,0.2650781509400425,206880800
2002-07-11,0.27390941977500916,0.2746579225367337,0.2540023538336125,0.2583425157724669,373676800
2002-07-12,0.26208505034446716,0.2812436150419538,0.25834253623934816,0.2776511312379651,443492000
2002-07-15,0.2728617787361145,0.27839971195033025,0.2516077299301779,0.260887353954058,295993600
2002-07-16,0.26732370257377625,0.2779503226060591,0.2635811890731119,0.2716638641554938,446768000
2002-07-17,0.23394523561000824,0.24247717708089034,0.22735956600509258,0.2414294381814226,1215485600
2002-07-18,0.22436638176441193,0.2328974989761116,0.2207738985478125,0.2319997903430513,559462400
2002-07-19,0.22391706705093384,0.2270602831029473,0.21748057972255921,0.2200253234814277,385207200
2002-07-22,0.22331860661506653,0.22735953132135353,0.21867836026175086,0.22077386272108285,430897600
2002-07-23,0.21658295392990112,0.22646189722662102,0.21613368736760355,0.22301859439202432,399890400
2002-07-24,0.22750969231128693,0.22780892864570276,0.21328975887756627,0.21448752855774858,406593600
2002-07-25,0.2149367332458496,0.22376708776338083,0.2096980380480424,0.2234678515152606,479354400
2002-07-26,0.2146366983652115,0.21748067957643533,0.20655484567105534,0.21643294041137287,207704000
2002-07-29,0.2248147875070572,0.2260125816125234,0.21508590160341795,0.21673211285147487,274960000
2002-07-30,0.23095203936100006,0.2321489841425134,0.21792988165809352,0.2222708923264842,354838400
2002-07-31,0.22840729355812073,0.23080200744620477,0.22301854407326946,0.23050277125296054,310699200
2002-08-01,0.22152239084243774,0.23080201031695086,0.22047465198198593,0.22616176342855923,228956000
2002-08-02,0.21628370881080627,0.22451559084265027,0.21328969764120306,0.22062387092753555,179060000
2002-08-05,0.20939791202545166,0.22002532939543537,0.20909867587083608,0.21718134941355174,204024800
2002-08-06,0.22062386572360992,0.2279580638170175,0.21074577238685133,0.21269122012737962,272053600
2002-08-07,0.22496487200260162,0.22990433073106267,0.21478669333089329,0.22586255572668815,333474400
2002-08-08,0.22900588810443878,0.23020365785847857,0.22107321457437815,0.22107321457437815,227348800
2002-08-09,0.22451558709144592,0.22825727664865142,0.2207739225143092,0.22825727664865142,205716000
2002-08-12,0.22436638176441193,0.22481479892978648,0.21987534059250707,0.2230185573214868,179765600
2002-08-13,0.2183791697025299,0.22765881502488475,0.2177798729104145,0.22301856770256498,269869600
2002-08-14,0.22706034779548645,0.229754298224183,0.21763067197274424,0.21957611965075033,399084000
2002-08-15,0.2336459904909134,0.2357414682099298,0.2246656072214544,0.22825724094388936,322078400
2002-08-16,0.23663915693759918,0.24098014228068748,0.22870651319347862,0.23125125716501557,245224000
2002-08-19,0.2391839474439621,0.24322572238188717,0.23529222777211933,0.23619076080374582,216557600
2002-08-20,0.2381361871957779,0.24083013736554432,0.2324482263110202,0.2390347201471382,186625600
2002-08-21,0.24127943813800812,0.24307567995389912,0.23125131437008054,0.23963322661605568,202428800
2002-08-22,0.2390347570180893,0.24322573817187276,0.23439453429939586,0.24247721039759967,258311200
2002-08-23,0.23544226586818695,0.23843545260769275,0.2312513098275239,0.2379870104192347,163245600
2002-08-26,0.2324482798576355,0.2387347145966671,0.2269103479697763,0.2387347145966671,189968800
2002-08-27,0.2222709357738495,0.23559148295370488,0.22017545765446137,0.23514304074404827,262231200
2002-08-28,0.22002537548542023,0.22631183405534072,0.21927687277107621,0.2215224058941748,247973600
2002-08-29,0.22002537548542023,0.2257133616207441,0.2171813949077916,0.21927687277107621,164169600
2002-08-30,0.2207738757133484,0.22661104207995464,0.21822910668954626,0.22047463953327803,193519200
2002-09-03,0.21029652655124664,0.21777990635070232,0.21029652655124664,0.2168821975380115,276936800
2002-09-04,0.21673212945461273,0.22122317074237394,0.212092731550849,0.21254117370785816,420660800
2002-09-05,0.21224194765090942,0.21493672243298756,0.21029649996485733,0.21284124445928226,226178400
2002-09-06,0.2152358889579773,0.21927681330900747,0.21299038142386748,0.2171813360139608,181591200
2002-09-09,0.2150859832763672,0.21748069809435952,0.21179355953004658,0.21373900771264964,158244800
2002-09-10,0.21448740363121033,0.21688211725427342,0.21134418743680772,0.2156843482717224,249468800
2002-09-11,0.21388894319534302,0.21852834044816624,0.21179346561597617,0.21463662146618714,202412000
2002-09-12,0.21164347231388092,0.21718140340608985,0.21134423608487352,0.2125411810009032,269830400
2002-09-13,0.21209274232387543,0.2146366624834776,0.2102965005779995,0.2114934455137553,282951200
2002-09-16,0.21703223884105682,0.21867842541602522,0.21134425205339555,0.21164348830501234,286641600
2002-09-17,0.22152239084243774,0.22496484362075939,0.2180799380641161,0.2180799380641161,427996800
2002-09-18,0.2248147875070572,0.225862526363482,0.2173314095852442,0.21987532942074925,328641600
2002-09-19,0.21822912991046906,0.22152240190591838,0.21673212450873292,0.2207738992050503,205945600
2002-09-20,0.22257013618946075,0.22361787508044784,0.21733141675445986,0.21882759778289534,352788800
2002-09-23,0.2222709357738495,0.2239171473412838,0.21628371268948568,0.22092311113791852,263709600
2002-09-24,0.21912768483161926,0.22182163504366437,0.21553517667404662,0.21553517667404662,250661600
2002-09-25,0.22346776723861694,0.22706027452584518,0.21927681266091045,0.2198752849314484,254682400
2002-09-26,0.22002537548542023,0.22735957298698303,0.21777986734238822,0.2260125978380424,208644800
2002-09-27,0.22032460570335388,0.22227090255615714,0.21673212250920335,0.21688215278486545,206152800
2002-09-30,0.21703223884105682,0.21807997789286107,0.21164348830501234,0.2155352082606125,237697600
2002-10-01,0.21718133985996246,0.2185283146674924,0.20954793305596797,0.21837910876775987,342423200
2002-10-02,0.21209274232387543,0.21897764873119796,0.211045003333968,0.21448745653762924,229348000
2002-10-03,0.2140381634235382,0.21852835505924634,0.21044568037811576,0.212241921900827,217896000
2002-10-04,0.2099972516298294,0.2155351824780129,0.20939795485599352,0.21493671004636936,190825600
2002-10-07,0.20610550045967102,0.21269116922205603,0.20595545771369353,0.20909868650000396,244697600
2002-10-08,0.20475855469703674,0.2089495103558414,0.19996828978109618,0.20805097737627865,453644800
2002-10-09,0.20341162383556366,0.20730250729641198,0.20071683616259564,0.20266312097043596,356686400
2002-10-10,0.2111942023038864,0.21284123804951097,0.20326155716867872,0.2040100598999235,321574400
2002-10-11,0.21718133985996246,0.22122311360459992,0.21104493810521788,0.21328962133710525,294677600
2002-10-14,0.2210731953382492,0.22421643826378904,0.21613373508930583,0.2177799470581209,194404000
2002-10-15,0.2269102782011032,0.22825722820205346,0.22122314209705582,0.22780881108317477,405518400
2002-10-16,0.2179298847913742,0.22646185100200175,0.20805096849117513,0.2224200764708789,307624800
2002-10-17,0.2111942023038864,0.21523595218416527,0.20924875467642198,0.212691207766376,469296800
2002-10-18,0.2146366983652115,0.2147867286783833,0.20850029368800846,0.20954803285307094,288299200
2002-10-21,0.2179298847913742,0.21897762366133022,0.209547973831726,0.2134396931118695,238520800
2002-10-22,0.22002537548542023,0.2227193257833015,0.21343970567826798,0.21658292247319494,218148000
2002-10-23,0.22271935641765594,0.2242163870323224,0.21703224380241698,0.21897766667347457,209036800
2002-10-24,0.21987536549568176,0.2276588302125452,0.21777988743902724,0.2248148243924063,174748000
2002-10-25,0.23080208897590637,0.23125135559553903,0.21837922370617413,0.2198754052009141,279070400
2002-10-28,0.2336459904909134,0.23873465451903625,0.22825724094388936,0.23274828190082336,349300000
2002-10-29,0.2311011552810669,0.2376868220408905,0.2239170163635725,0.23304742630621944,259179200
2002-10-30,0.2391839474439621,0.24502111478061084,0.23170056867230596,0.2318497746160898,270676000
2002-10-31,0.24053090810775757,0.24606883887980946,0.23828622434885652,0.2393339632609253,295836800
2002-11-01,0.24487192928791046,0.24696743239380983,0.23783699210229656,0.23858549491042141,189828800
2002-11-04,0.25280460715293884,0.2601387807945349,0.2447219057026145,0.24696743916865854,376818400
2002-11-05,0.2529546618461609,0.25385237072171646,0.24472192929935407,0.25070912816359653,210694400
2002-11-06,0.2577439844608307,0.25924098964253556,0.24996052174637542,0.255648506943268,216389600
2002-11-07,0.23948314785957336,0.25594775775416084,0.23663916758845202,0.25355304393166594,336179200
2002-11-08,0.23708853125572205,0.2424772578225748,0.23229910164681664,0.23963327638527296,190064000
2002-11-11,0.2269102782011032,0.23783693265234948,0.22631180584111793,0.23559142478926426,152975200
2002-11-12,0.23409530520439148,0.2400825033987138,0.22870657952680853,0.2293050520435479,223792800
2002-11-13,0.23334679007530212,0.24053093292404829,0.22870656745962892,0.23199981481255386,231739200
2002-11-14,0.24397338926792145,0.24562045011611397,0.23619077383701345,0.23798701565715416,141713600
2002-11-15,0.23873460292816162,0.24307558769751986,0.23589144750288313,0.24292555746052344,160994400
2002-11-18,0.2342444360256195,0.24247714003043705,0.23229898879908806,0.2423271097782215,164578400
2002-11-19,0.22855736315250397,0.23574150605289482,0.22466564328644023,0.23274831926329995,210952000
2002-11-20,0.2324482798576355,0.23499302468315222,0.22825729838487666,0.22900582621612017,208740000
2002-11-21,0.24472175538539886,0.24606872991269224,0.2357413756422325,0.23798688274893207,418482400
2002-11-22,0.23963317275047302,0.24397333384952818,0.2379869615985617,0.24083011746383068,227858400
2002-11-25,0.2390347570180893,0.24157867730764127,0.23514303709359974,0.23993246576576335,199427200
2002-11-26,0.2306527942419052,0.2379869659423991,0.2285573166131927,0.23723846331184403,240262400
2002-11-27,0.2352922558784485,0.23738773407957997,0.23125132978012175,0.23349601394286018,286798400
2002-11-29,0.23199975490570068,0.23768689073074575,0.23065277999076755,0.23633991581581262,143432800
2002-12-02,0.22720953822135925,0.24098020083463045,0.2246656429538338,0.23798701404946687,398742400
2002-12-03,0.2269102782011032,0.22960505250522423,0.2260125696611253,0.22750957490318213,227869600
2002-12-04,0.22406625747680664,0.22735952889285008,0.21703217185906304,0.2272094736621379,325757600
2002-12-05,0.21897763013839722,0.22571335500802708,0.21748062475356694,0.22496485231561195,243398400
2002-12-06,0.22376705706119537,0.2273595652103561,0.21733141775391568,0.2192768652709107,245358400
2002-12-09,0.2207738757133484,0.22376703687608218,0.21957608167090972,0.22361785593715738,236084800
2002-12-10,0.2287065088748932,0.23125125279837863,0.2204746291146322,0.22077386528056198,308610400
2002-12-11,0.23184965550899506,0.23184965550899506,0.22571325509497353,0.22900567627358745,253500800
2002-12-12,0.22735954821109772,0.2327482725618352,0.22466559820678228,0.23214897585034888,149340800
2002-12-13,0.2213723063468933,0.22676105518685247,0.21927682890282726,0.22661102493712,164780000
2002-12-16,0.2222709357738495,0.2260126254606719,0.21867842706274393,0.22167161394374243,251624800
2002-12-17,0.22571329772472382,0.22735950862494536,0.21942686591446361,0.22227084568700461,222661600
2002-12-18,0.21807987987995148,0.2224200151111497,0.21703214129903847,0.2215223317398198,150701600
2002-12-19,0.21254119277000427,0.223318668644495,0.21104501154211874,0.21748065167771236,347519200
2002-12-20,0.21164347231388092,0.21792990614972274,0.2062547346750276,0.2138889805447796,318096800
2002-12-23,0.21688219904899597,0.217779907867941,0.21134426714296053,0.21194273968892388,125826400
2002-12-24,0.2149367332458496,0.21658294478165152,0.21403820015920763,0.21613367823833052,39340000
2002-12-26,0.2155352383852005,0.22167164325673538,0.21373899628215448,0.21583447467864048,85422400
2002-12-27,0.21044568717479706,0.21523593950411582,0.20969800882981476,0.21418820061054084,80035200
2002-12-30,0.2105957418680191,0.21179351117477374,0.2071532885817098,0.2107457721597117,155041600
2002-12-31,0.21448740363121033,0.2149366700424218,0.20879944356266117,0.20954794613400068,200726400
2003-01-02,0.22152239084243774,0.22331863236637522,0.2147866662331425,0.21493669650269578,181428800
2003-01-03,0.2230185717344284,0.22346783825108268,0.2183791736505195,0.2215224155627024,147453600
2003-01-06,0.2230185717344284,0.23020356361203514,0.22271933550406967,0.22496486872517638,390532800
2003-01-07,0.2222709357738495,0.22451559486895445,0.2165829489433558,0.2213723776898723,342344800
2003-01-08,0.21777988970279694,0.22017545335160582,0.2161336781675343,0.21822915624597078,229644800
2003-01-09,0.219726100564003,0.22331860820323232,0.21703217572071534,0.21882756772818557,215252800
2003-01-10,0.22032460570335388,0.22182163607134484,0.21688215278486545,0.2182291278971284,175100800
2003-01-13,0.21897763013839722,0.2230185554668323,0.21493670480996216,0.2230185554668323,178942400
2003-01-14,0.21867845952510834,0.22182170215086797,0.21688221739294195,0.2198754047182729,186860800
2003-01-15,0.21598438918590546,0.22002531349421398,0.21343964554254594,0.218379102591788,371128800
2003-01-16,0.21882760524749756,0.2209230831009522,0.21269120196617722,0.21269120196617722,559070400
2003-01-17,0.211045041680336,0.21792994933862941,0.21074580539202656,0.21792994933862941,266761600
2003-01-21,0.20984722673892975,0.21568439395281205,0.2095479905154247,0.212691207375548,253456000
2003-01-22,0.20775170624256134,0.21179345528684465,0.20655476159391778,0.2092487113954103,215140800
2003-01-23,0.21209274232387543,0.2149367230596588,0.20879949506606252,0.2102965005779995,228256000
2003-01-24,0.2065548151731491,0.21314048547511047,0.20296233161125807,0.21314048547511047,305468800
2003-01-27,0.21149343252182007,0.21703221268736192,0.20430929032187686,0.2047585568163082,391406400
2003-01-28,0.21822912991046906,0.21987534124706987,0.21194269643379512,0.21314046562362035,286255200
2003-01-29,0.22346776723861694,0.22601253588141856,0.21403811943877735,0.21777980764259514,373044000
2003-01-30,0.21433734893798828,0.22556326252390846,0.21388890691995416,0.2242162877859163,407058400
2003-01-31,0.2149367332458496,0.2177798897741324,0.21029651054428286,0.21239198862340575,341224800
2003-02-03,0.2194269299507141,0.22316861921297473,0.21478668270643383,0.2156843913661831,264784800
2003-02-04,0.2185284048318863,0.21927690766534205,0.21418824247710153,0.21628372067384663,317413600
2003-02-05,0.21628370881080627,0.22346785180174564,0.21613367851541315,0.22017545370599015,221614400
2003-02-06,0.21598438918590546,0.218379102591788,0.21284117327656635,0.2149366505494591,179149600
2003-02-07,0.2117934674024582,0.21852834229145704,0.21059569834325192,0.2177798396722146,269701600
2003-02-10,0.21478670835494995,0.21807998083176702,0.21044572179227877,0.2134397330333767,167888000
2003-02-11,0.21478670835494995,0.2189776646186454,0.2125411999241265,0.21703224176584315,164780000
2003-02-12,0.21538512408733368,0.21852834045650385,0.21358888268465287,0.21358888268465287,228687200
2003-02-13,0.21763072907924652,0.21912775995351752,0.21314053573910927,0.2156844565483003,208493600
2003-02-14,0.2195761352777481,0.22032463808170874,0.2147867065431543,0.21867842651837244,243297600
2003-02-18,0.22855736315250397,0.2290058053484664,0.22032463190207324,0.22077392342037652,290897600
2003-02-19,0.2222709357738495,0.22676112826649583,0.21972616612243798,0.22556335890871812,240368800
2003-02-20,0.2210731953382492,0.22391720193695885,0.22017551133783436,0.22227098996814376,224352800
2003-02-21,0.22451558709144592,0.22541414514429592,0.2192768919744508,0.22182166153770821,157444000
2003-02-24,0.22062386572360992,0.22496487706029794,0.2065548163220862,0.22242010751454686,180252800
2003-02-25,0.2248147875070572,0.22571334541670734,0.21822911817269236,0.21972612349390985,188641600
2003-02-26,0.21703223884105682,0.2248148294298968,0.21673215326707967,0.22436641220368653,217095200
2003-02-27,0.2224200814962387,0.224515559283496,0.2171813870280955,0.2180799449696523,154341600
2003-02-28,0.22466562688350677,0.22586254679497944,0.22107311854439707,0.22242009371848512,195098400
2003-03-03,0.21927687525749207,0.22691030906290993,0.21777986981182929,0.2246656252366215,203761600
2003-03-04,0.2179298847913742,0.22167157380060348,0.21613364325114276,0.22062383493064744,126414400
2003-03-05,0.21882760524749756,0.22152240485500035,0.21733142416802465,0.21867839931064656,126683200
2003-03-06,0.2179298847913742,0.2185283571907354,0.21553517085178156,0.2182291209910548,99859200
2003-03-07,0.2174806445837021,0.22017544437061184,0.21418822164747528,0.21658293587625316,200984000
2003-03-10,0.2150859832763672,0.21957617660290907,0.2140382440220924,0.21718146178491676,134573600
2003-03-11,0.21299044787883759,0.2168821675470297,0.21134423644537442,0.21493671988404867,161190400
2003-03-12,0.21284125745296478,0.2153851777604529,0.21044571875770862,0.2120927546534835,222560800
2003-03-13,0.22032460570335388,0.2215223998621946,0.212092724754114,0.2165829165757152,335445600
2003-03-14,0.22122308611869812,0.22466553783067486,0.21912760904689618,0.21972605627538672,153098400
2003-03-17,0.22466562688350677,0.22556333555216154,0.22017543485580934,0.22286938520398544,399912800
2003-03-18,0.22451558709144592,0.22586256235834917,0.22182166153770821,0.22451558709144592,229980800
2003-03-19,0.22376705706119537,0.2267610927962297,0.22137234306252143,0.2255633236258086,141316000
2003-03-20,0.22316861152648926,0.22436638070710438,0.2185283644420307,0.2234678227560333,163178400
2003-03-21,0.22451558709144592,0.22676112041119914,0.22182166153770821,0.22586256235834917,297948000
2003-03-24,0.2150859832763672,0.22152247410803663,0.21478674696692443,0.21957617660290907,161100800
2003-03-25,0.21777988970279694,0.22197084585966995,0.21508593912831603,0.21568441162436044,167697600
2003-03-26,0.21568433940410614,0.21792984702580318,0.21403812842006464,0.21777981678088804,178343200
2003-03-27,0.21688219904899597,0.22002541642882825,0.21433745421512707,0.21433745421512707,122393600
2003-03-28,0.21807987987995148,0.21882753302175645,0.21508584504475875,0.21553511139141301,145303200
2003-03-31,0.21164347231388092,0.21748063963509728,0.21014646682661517,0.21448745300279443,256659200
2003-04-01,0.211942657828331,0.21418816552191483,0.21059568294899325,0.21254113014314077,154341600
2003-04-02,0.2185284048318863,0.21987538019517563,0.21358894560494038,0.2149367453105573,171371200
2003-04-03,0.21643288433551788,0.2200253674970599,0.21478667302904716,0.2179298897098548,145712000
2003-04-04,0.21568433940410614,0.21957605800984464,0.21538510325628085,0.21733137473015263,146020000
2003-04-07,0.21688219904899597,0.22376710635462385,0.21568442961471948,0.22227094996978672,196862400
2003-04-08,0.21628370881080627,0.21927689563812708,0.21493673352139778,0.21718141755631779,128934400
2003-04-09,0.21239200234413147,0.2188276429501681,0.21164349950433625,0.21733146161291225,146725600
2003-04-10,0.2150859832763672,0.21538521958580994,0.21254123813242837,0.21254123813242837,107100000
2003-04-11,0.19757360219955444,0.216133681427433,0.19353267627688464,0.2102965136472566,1392708800
2003-04-14,0.2032616287469864,0.2058063740609043,0.2020638465967208,0.20520706456949986,502958400
2003-04-15,0.20041748881340027,0.20356070449954516,0.1990705141396104,0.20341151110465608,303968000
2003-04-16,0.19817285239696503,0.2046084782716178,0.19338257577899115,0.19443032701137047,1016176000
2003-04-17,0.19637663662433624,0.19832208423323153,0.19038943917374032,0.19757358150913115,616257600
2003-04-21,0.19667582213878632,0.19742432466990859,0.19428110864439183,0.196525791895764,152320000
2003-04-22,0.20221377909183502,0.2038599902784389,0.19592734618795865,0.19727432118991697,300568800
2003-04-23,0.2032616287469864,0.20401013174181548,0.19996836794820141,0.20251311326211932,209680800
2003-04-24,0.20116601884365082,0.2037107751452286,0.1945803504567216,0.20236380028676793,325108000
2003-04-25,0.19981910288333893,0.20326156865790967,0.19802286109526301,0.2014653143797995,205318400
2003-04-28,0.20745250582695007,0.20894951123775102,0.20101602954422224,0.2017645322496227,636798400
2003-04-29,0.21044568717479706,0.21194269254909456,0.20326154519406864,0.20924874234909221,458236800
2003-04-30,0.21284125745296478,0.21478670525778396,0.2073024891152267,0.20850027095288945,458175200
2003-05-01,0.2149367332458496,0.2153851754468893,0.20954800775284163,0.2132896973677664,342759200
2003-05-02,0.21628370881080627,0.21837918689261554,0.21463667293061156,0.216432914763917,321182400
2003-05-05,0.24083009362220764,0.25265530469958836,0.2207738525801865,0.2210730637488414,1555708000
2003-05-06,0.2619350254535675,0.26792222380310876,0.24098021842126796,0.2412794546873954,1514492000
2003-05-07,0.2641804814338684,0.2730108347269748,0.2560978064862482,0.25939022910132165,1054379200
2003-05-08,0.26941925287246704,0.27046699196891977,0.2587918066245223,0.2649282108998912,687736000
2003-05-09,0.27390941977500916,0.2754055759761415,0.2676229608071531,0.27435783697817684,588386400
2003-05-12,0.27780112624168396,0.2804950765812252,0.27136463729248056,0.27166387351440635,419372800
2003-05-13,0.2794472873210907,0.2839374785259721,0.2686706385809006,0.2758547796402988,446796000
2003-05-14,0.2776510715484619,0.2819920572402481,0.2758548050525593,0.28184202697137134,355488000
2003-05-15,0.28034496307373047,0.282141204214248,0.2764532196795438,0.2783995160376491,284995200
2003-05-16,0.2813926637172699,0.2845358792032916,0.27361005228177787,0.278249423251192,341628000
2003-05-19,0.27091532945632935,0.2791480588232714,0.2703168571037836,0.27735181742355086,445888800
2003-05-20,0.26627591252326965,0.2718138672101282,0.2634319325458284,0.27091530942559994,416220000
2003-05-21,0.26717355847358704,0.2707660401668564,0.2644796093745498,0.2662758502211845,305009600
2003-05-22,0.27301084995269775,0.27540556408144,0.2655274713431548,0.26777215518913244,178460800
2003-05-23,0.27420857548713684,0.2763040528677081,0.26881982681046146,0.27256236450011845,206718400
2003-05-27,0.28259050846099854,0.2828897446341979,0.268071346515205,0.26881984911924084,290130400
2003-05-28,0.2736101746559143,0.27929731164433846,0.27166387769009986,0.27690257250984696,339679200
2003-05-29,0.27091532945632935,0.2769025260080368,0.2679221433515173,0.2737593096440466,333765600
2003-05-30,0.2686707079410553,0.2721131612754344,0.26238427376290036,0.27121462819725595,382748800
2003-06-02,0.26118654012680054,0.2737594102010121,0.2584925892087227,0.2709154289686472,418588800
2003-06-03,0.25909096002578735,0.26447968408796324,0.25475079906703624,0.2610372316352102,360858400
2003-06-04,0.26343199610710144,0.26627597677074266,0.2565462655322042,0.25894180402743366,271202400
2003-06-05,0.2640305161476135,0.26552752189139095,0.2593902929473254,0.2611865349713844,205497600
2003-06-06,0.25669631361961365,0.2700176848404547,0.25654628332492346,0.26552749244937046,241388000
2003-06-09,0.2513074576854706,0.2550499950391813,0.24891274437149274,0.25355299008972043,259952000
2003-06-10,0.25714561343193054,0.2587918251751232,0.2507091231084189,0.25280462643160373,176646400
2003-06-11,0.26118654012680054,0.2620850733277506,0.251607681599241,0.25669634714920875,225114400
2003-06-12,0.2659758925437927,0.2676229281555379,0.261186464663793,0.26268347000459846,252588000
2003-06-13,0.26073718070983887,0.26867064901042403,0.25639701959153244,0.2656766385295714,191245600
2003-06-16,0.27346011996269226,0.27346011996269226,0.2611864885961866,0.26343199681314955,238526400
2003-06-17,0.2722623944282532,0.2769026175497097,0.26926920733391874,0.2755556671202128,177464000
2003-06-18,0.28618302941322327,0.2915709299339497,0.27405857957715274,0.27615405741125415,454983200
2003-06-19,0.2864822745323181,0.29351721095723926,0.2809443435617744,0.28977469732129574,381528000
2003-06-20,0.2873799502849579,0.29306791088636097,0.282889758778314,0.2896254582093379,356546400
2003-06-23,0.28528451919555664,0.2947141702014397,0.2806442716862363,0.2888770027241551,307361600
2003-06-24,0.2810935080051422,0.2944148761612139,0.2801957994703673,0.2914216900365421,514382400
2003-06-25,0.2857336699962616,0.29037389064616276,0.2800457107700548,0.28229121815153124,329812000
2003-06-26,0.2887270152568817,0.2891762818501519,0.27989665975759725,0.27989665975759725,161705600
2003-06-27,0.28034496307373047,0.28902610830126135,0.2766032748971316,0.28887690240569747,365792000
2003-06-30,0.28528451919555664,0.28753002748649337,0.27824955744792085,0.2795965326855826,222152000
2003-07-01,0.2857336699962616,0.28708064468838074,0.2770525252700031,0.2824404240384796,180992000
2003-07-02,0.28842777013778687,0.29037404242073994,0.28468608022151237,0.28483528618644866,325298400
2003-07-03,0.2863321602344513,0.2926185920876197,0.2840874770537304,0.28438671318836195,137771200
2003-07-07,0.2974081039428711,0.30204832621103767,0.28633224208550995,0.28842771996891364,286272000
2003-07-08,0.30534154176712036,0.30683769761091517,0.2917209130666235,0.2921693551427547,256737600
2003-07-09,0.2977082133293152,0.3060901255342528,0.2977082133293152,0.30249764192005946,213645600
2003-07-10,0.29306796193122864,0.29845586294078796,0.2899247448948991,0.29755815421994797,170934400
2003-07-11,0.297108918428421,0.29935445195631055,0.2923194894038891,0.29426493733812237,136858400
2003-07-14,0.297857403755188,0.3053416324453561,0.29740813720358494,0.29950361532133696,188406400
2003-07-15,0.2935171127319336,0.3029467851029657,0.29082233894741644,0.2996535140938015,206645600
2003-07-16,0.2974081039428711,0.2993544008673581,0.29007393135095816,0.2989051093859321,250930400
2003-07-17,0.3128250241279602,0.31357352696266555,0.3012998690465504,0.302198427165199,751212000
2003-07-18,0.3122265040874481,0.3170159322899886,0.3053415980035208,0.3128249765272148,298838400
2003-07-21,0.3084847331047058,0.31132871295350223,0.30384451207024926,0.30968167766715576,183808800
2003-07-22,0.31132882833480835,0.31372354268919644,0.30683778655518423,0.3123765673862463,198424800
2003-07-23,0.3111788332462311,0.3137235781854457,0.30623937368167836,0.3135735478715691,143035200
2003-07-24,0.3069877624511719,0.3218061606165285,0.3050423151482517,0.31492040626303663,229236000
2003-07-25,0.3224047124385834,0.3228540039964516,0.3053416502480812,0.30549085621245053,216686400
2003-07-28,0.3141719400882721,0.32180619793341597,0.3122264925597564,0.32180619793341597,170357600
2003-07-29,0.3101309537887573,0.315519677514971,0.30713776794664593,0.3141718783269093,197120000
2003-07-30,0.3035452961921692,0.3128249145385386,0.3018990851379185,0.3108794673237006,173594400
2003-07-31,0.315519779920578,0.31956070577025936,0.30788554607849333,0.31043029069252154,301464800
2003-08-01,0.31028103828430176,0.3183628887736364,0.3089332388605908,0.3143219635289691,149604000
2003-08-04,0.31746524572372437,0.32180625738936636,0.3035454012169713,0.307287091031975,230115200
2003-08-05,0.3050423860549927,0.32030920487920495,0.3008514299587564,0.3195607020988386,249440800
2003-08-06,0.2938164472579956,0.30189914761476044,0.291870175298344,0.300252086897555,245464800
2003-08-07,0.29830658435821533,0.3007012980396351,0.2906731768917965,0.2953125739998964,174378400
2003-08-08,0.29396557807922363,0.3012997488543852,0.2933671057871289,0.30100051270833783,137659200
2003-08-11,0.29426491260528564,0.29830666278318246,0.2920202285884769,0.29666047623862163,137228000
2003-08-12,0.2948642075061798,0.2963603887268159,0.2912717238921126,0.29576191623856146,164438400
2003-08-13,0.3020482659339905,0.3044429795596741,0.29306788375216686,0.2972588386826232,284099200
2003-08-14,0.29890501499176025,0.304293763259758,0.29845574863227936,0.3024975221637784,192780000
2003-08-15,0.2950133979320526,0.3004021480496397,0.2942648951899893,0.2996536203275089,125865600
2003-08-18,0.3044430911540985,0.30549085525083514,0.29516346941034943,0.2972589476436807,192774400
2003-08-19,0.30414387583732605,0.30609014808099005,0.2993544468937903,0.3048923786739406,133688800
2003-08-20,0.3144720196723938,0.3183629149649179,0.3014498855757829,0.30204833304960804,273212800
2003-08-21,0.3245002031326294,0.32494949470774115,0.31357354493583695,0.3147713144084842,255326400
2003-08-22,0.3125257194042206,0.32928954133407673,0.3089332363214947,0.3264455609220978,250264000
2003-08-25,0.3122265040874481,0.31297500680825824,0.30668857316409753,0.3110287348657112,137782400
2003-08-26,0.31507042050361633,0.3153696566625394,0.30459303323113135,0.3105802294356993,164959200
2003-08-27,0.32150617241859436,0.32150617241859436,0.3092333638544915,0.31297505367666123,225702400
2003-08-28,0.33213359117507935,0.33258285770608187,0.3192614618250946,0.3192614618250946,319625600
2003-08-29,0.33841994404792786,0.34201242674953874,0.3300380339722098,0.33228354174623187,263155200
2003-09-02,0.3420124351978302,0.34276093780766015,0.33527673605144176,0.33916845501730886,242132800
2003-09-03,0.34350869059562683,0.34904747122158947,0.340665534140397,0.3412640066212601,268828000
2003-09-04,0.34171321988105774,0.3479996779569308,0.34081468695758127,0.34665185359165157,199780000
2003-09-05,0.3367738127708435,0.3465027000799901,0.3354268375240086,0.34021626603325633,240133600
2003-09-08,0.340365469455719,0.3411139722189072,0.33632454374520293,0.3364745740347407,167244000
2003-09-09,0.3348274827003479,0.3393176741926984,0.3310857938470747,0.3372221965401273,180370400
2003-09-10,0.3319835364818573,0.33842002582921826,0.33093579746919993,0.33303127549451467,224890400
2003-09-11,0.33767154812812805,0.3411140016621287,0.3307866410601268,0.33303130022112054,213684800
2003-09-12,0.3457542061805725,0.3463526786740165,0.333929840552528,0.33692302736202534,179989600
2003-09-15,0.33243274688720703,0.3427609285448364,0.33108577196274647,0.3414131292783168,226844800
2003-09-16,0.3346782922744751,0.33961775044740744,0.33228357832381283,0.3324327842532689,269007200
2003-09-17,0.33108583092689514,0.33497755048068073,0.3270449054338519,0.33482752019921724,289396800
2003-09-18,0.3424609899520874,0.344108025972384,0.328541120007688,0.3307866535559714,252907200
2003-09-19,0.33797070384025574,0.3450056395340673,0.33572602023418013,0.3424608953945318,205956800
2003-09-22,0.33048734068870544,0.3367737740119409,0.3280926267096864,0.33198349673167593,179821600
2003-09-23,0.33572596311569214,0.336174405155337,0.32749323473502007,0.3295887120599781,132451200
2003-09-24,0.3191114664077759,0.333929869450013,0.31551980679402103,0.33243286374457837,301285600
2003-09-25,0.30579009652137756,0.3198599979739353,0.30309614548364155,0.319410731353505,574380800
2003-09-26,0.30968177318573,0.3247993855144419,0.30159907254815516,0.3038446057884014,347250400
2003-09-29,0.3188121020793915,0.3243500317542868,0.3090832175865194,0.32165608204044965,365702400
2003-09-30,0.3101309537887573,0.3176151549070522,0.3059399990045948,0.3156688834189705,285426400
2003-10-01,0.3111788332462311,0.3158190565254145,0.3021984473156174,0.30998106376237006,236112800
2003-10-02,0.30788561701774597,0.311328895508803,0.30354545392092647,0.311328895508803,204058400
2003-10-03,0.3246493637561798,0.32719410831612394,0.3125257621225232,0.31417197361789356,299600000
2003-10-06,0.33363059163093567,0.3342290641016432,0.3230031464134545,0.3243501216436696,268329600
2003-10-07,0.34755033254623413,0.35039433743879383,0.32794253364806,0.33003801102126934,418174400
2003-10-08,0.3451557457447052,0.35233988894383417,0.34021628664554504,0.347999751681401,428668800
2003-10-09,0.35099273920059204,0.35428601005771676,0.3411138259112869,0.3487472318741512,347748800
2003-10-10,0.3544352650642395,0.3563815616691789,0.3497950435579156,0.3517413401628549,174837600
2003-10-13,0.3644634783267975,0.3653620113472043,0.355033802685782,0.35518385794999063,279865600
2003-10-14,0.3674575388431549,0.37030151988773846,0.3620688130204179,0.36401508526571114,275419200
2003-10-15,0.37149837613105774,0.37434235649566744,0.36790671745030273,0.3719476425944526,610103200
2003-10-16,0.3479996919631958,0.35683002025255145,0.33542680028548144,0.3562315728209666,975682400
2003-10-17,0.34051546454429626,0.3515913258731084,0.3357260365657016,0.3499451145696224,359811200
2003-10-20,0.34755033254623413,0.3493465737721284,0.3349774683069777,0.3382698902694476,279132000
2003-10-21,0.3469519317150116,0.35024435435563805,0.34051546802497373,0.3488973792442751,176461600
2003-10-22,0.3406655192375183,0.3472511892656937,0.33946774998593005,0.3433594696258119,161599200
2003-10-23,0.3441079556941986,0.34650266973913385,0.3381207584107685,0.34021623624285985,165211200
2003-10-24,0.3382699191570282,0.34201243217307936,0.33273198910376134,0.33767144681128963,219856000
2003-10-27,0.3382699191570282,0.3426109045188179,0.33662370803521013,0.3405154269666589,162013600
2003-10-28,0.355033814907074,0.3557823176691051,0.3352768042268978,0.33767151846004806,251714400
2003-10-29,0.35458531975746155,0.3577285360616894,0.3493466009370191,0.35189052055801234,267080800
2003-10-30,0.34560415148735046,0.3592247579764262,0.34231172866356735,0.35907557701480475,260556800
2003-10-31,0.3426109850406647,0.3494958916609995,0.3409647735319472,0.34874738888187307,218153600
2003-11-03,0.3465025722980499,0.3487472554342367,0.3409646430623163,0.3417131455550293,302842400
2003-11-04,0.34291014075279236,0.3457541209086684,0.33812071330188226,0.34530485447824744,249233600
2003-11-05,0.3447064757347107,0.3462034813478979,0.33632456324853915,0.34156325855239633,322470400
2003-11-06,0.3460533916950226,0.34650265817038073,0.33901845573042355,0.34291017505182875,397073600
2003-11-07,0.3367738127708435,0.34784967532682504,0.3360253100021005,0.34710117255808204,210145600
2003-11-10,0.3277924954891205,0.33901841045896985,0.326894787000438,0.3360252244879816,234276000
2003-11-11,0.3224047124385834,0.32958885597161525,0.321506179282989,0.32779261400277115,215073600
2003-11-12,0.33422911167144775,0.34006627994724814,0.32150618665342906,0.32150618665342906,300003200
2003-11-13,0.33557599782943726,0.3376714755600013,0.3280926198443624,0.33033730350302715,212772000
2003-11-14,0.3212069571018219,0.33842007533417173,0.3185130062015564,0.33647462731562017,237048000
2003-11-17,0.31626731157302856,0.3198597935557168,0.31357336225696036,0.31956055744747547,228256000
2003-11-18,0.30549076199531555,0.31941060253287545,0.30459305345893023,0.31746515519966206,267192800
2003-11-19,0.30564096570014954,0.30908342022294455,0.3032462505687512,0.30773644448294285,344584800
2003-11-20,0.3050423860549927,0.3155197762955833,0.3008514299587564,0.3008514299587564,239590400
2003-11-21,0.3035452961921692,0.3080354872850602,0.2971088085623381,0.30444297969386946,241836000
2003-11-24,0.3165675103664398,0.31836292780050396,0.30609012028978466,0.3068377737361149,381824800
2003-11-25,0.30953261256217957,0.31806373164705765,0.3084848734224675,0.31776449537033424,268654400
2003-11-26,0.3101309537887573,0.3165674162110116,0.303095994086422,0.31267569757685915,245128800
2003-11-28,0.3129750192165375,0.3153697334127491,0.30713785184188186,0.3110287471968281,76098400
2003-12-01,0.32494938373565674,0.3270448613403896,0.31432194047069306,0.31492041283144684,361536000
2003-12-02,0.3224047124385834,0.32779261400277115,0.3204584401630253,0.32330242125183317,205296000
2003-12-03,0.31477123498916626,0.3268948352573477,0.31372349609334393,0.32240464346699044,191296000
2003-12-04,0.3165675103664398,0.3168667466054505,0.31087954879846813,0.3134242933434433,177940000
2003-12-05,0.31207650899887085,0.31656752583017767,0.3102810914771039,0.31282501180408867,186177600
2003-12-08,0.31507042050361633,0.31551968691301874,0.3054907417079005,0.31102867150306607,148237600
2003-12-09,0.3060901165008545,0.3180636876243485,0.30534161374146496,0.3168667426831221,135144800
2003-12-10,0.3050423860549927,0.3084848393708626,0.2987559519106383,0.30609012507905176,271336800
2003-12-11,0.31746524572372437,0.3194106936116751,0.3024976621213843,0.3030961096695563,183136800
2003-12-12,0.3126757740974426,0.3191114137526685,0.30983179346332845,0.3191114137526685,192673600
2003-12-15,0.30189916491508484,0.32165617581302397,0.3004021593745225,0.32165617581302397,388908800
2003-12-16,0.3011505901813507,0.30668852014736864,0.2995035297633448,0.3021983289409233,373956800
2003-12-17,0.29755812883377075,0.30129981803143796,0.29621115369629814,0.3005513153234667,274260000
2003-12-18,0.29995280504226685,0.30204828262327793,0.29785732746125576,0.29785732746125576,330915200
2003-12-19,0.2948642075061798,0.30564085898618,0.2936664381874006,0.30219840566531153,453560800
2003-12-22,0.297108918428421,0.2977082402933174,0.2881285329218374,0.2941157313736748,377064800
2003-12-23,0.29651036858558655,0.29860584628032066,0.2933671520434854,0.2981565798194119,308498400
2003-12-24,0.30549076199531555,0.30818553628865225,0.2941156405105863,0.2951633793074143,177475200
2003-12-26,0.31102877855300903,0.3129750507689306,0.3044430827838673,0.30459313806605437,103695200
2003-12-29,0.3165675103664398,0.31671671631481707,0.31222652404514434,0.31297502681379913,233458400
2003-12-30,0.3185129165649414,0.32180618842927866,0.316567469093882,0.31701591122280415,204853600
2003-12-31,0.3198598623275757,0.32225457605028085,0.3170158821749654,0.3195606261549967,174451200
2004-01-02,0.3185129165649414,0.32554787744247304,0.31701591122280415,0.32255384177813345,144642400
2004-01-05,0.3318343162536621,0.3351267388511972,0.32060839970293237,0.32060839970293237,395018400
2004-01-06,0.33063650131225586,0.3355759842200632,0.3249493900701066,0.3330312151440473,509348000
2004-01-07,0.33812081813812256,0.3417133020112118,0.3282418746782214,0.33078664443025774,586874400
2004-01-08,0.3496459722518921,0.3551839293834354,0.3390185502071222,0.34186253144001516,460303200
2004-01-09,0.344257116317749,0.3611709920058233,0.34111389998332814,0.34769956882562775,427459200
2004-01-12,0.3551838994026184,0.3592248004593236,0.34575422266108885,0.3479997561120232,487547200
2004-01-13,0.3610210120677948,0.3717976375247204,0.35712926760619046,0.3697021596763685,679016800
2004-01-14,0.36221879720687866,0.3673074617729619,0.35593236338524403,0.36521198383241704,620043200
2004-01-15,0.3420124351978302,0.3502443152217972,0.3367737412711017,0.34291014372437734,1018208800
2004-01-16,0.34006625413894653,0.3448565072495858,0.33842004256401165,0.34261099882188295,372820000
2004-01-20,0.3402162492275238,0.3412639881835574,0.333031257496246,0.33931771621251466,315946400
2004-01-21,0.33841994404792786,0.34380866810034416,0.3357259941927502,0.3397669189755167,226660000
2004-01-22,0.3319835364818573,0.3417132731585386,0.3319835364818573,0.33767152305699727,205004800
2004-01-23,0.33767154812812805,0.34036549883433354,0.33303130022112054,0.33557606994723016,227169600
2004-01-26,0.3444071412086487,0.3451556438016673,0.3357259949453461,0.336174437027507,271269600
2004-01-27,0.3453048765659332,0.34799967595882275,0.341263951459886,0.34485643444890146,307070400
2004-01-28,0.33707305788993835,0.3499451625615621,0.33542684636068876,0.3418624865253616,275402400
2004-01-29,0.33946770429611206,0.34126394576062175,0.33213353251559674,0.3387192016573902,212699200
2004-01-30,0.33767154812812805,0.34231177105506516,0.33557606994723016,0.3390185234812308,185298400
2004-02-02,0.33407899737358093,0.34141316953764417,0.3304873385988452,0.33617447513474186,287431200
2004-02-03,0.3331812918186188,0.3352767695989821,0.32928954748328365,0.3337797642295329,180812800
2004-02-04,0.3261463940143585,0.3306365866506651,0.3247994186576989,0.32928961129400547,305552800
2004-02-05,0.33557599782943726,0.34291016988641143,0.3264455592601798,0.32659561451048974,352844800
2004-02-06,0.3399169445037842,0.34261089432150027,0.33527672310723466,0.3360252256881668,193340000
2004-02-09,0.3393177092075348,0.34216168979265904,0.3367737891826961,0.33857003083341664,188260800
2004-02-10,0.3439579904079437,0.3460534686359781,0.33587531376519114,0.3385700888743353,255343200
2004-02-11,0.35623160004615784,0.35727933901770254,0.3450056826077927,0.3456041550651817,348544000
2004-02-12,0.3551838994026184,0.35907561948005956,0.3532384515350562,0.3533876325143202,183988000
2004-02-13,0.344257116317749,0.36072172557459875,0.3417131966723195,0.35698003689326213,315980000
2004-02-17,0.34665194153785706,0.351591400843732,0.34575423272876193,0.34575423272876193,170956800
2004-02-18,0.3481488823890686,0.35084283265697047,0.34500566562912066,0.3469519375331954,141635200
2004-02-19,0.33632439374923706,0.35383673768244867,0.3354266854391267,0.34919649224544813,323080800
2004-02-20,0.33527684211730957,0.3369230537744709,0.332432861037086,0.3367738478105519,277603200
2004-02-23,0.33213359117507935,0.3361745169273259,0.3276433988918303,0.33437909948783323,194079200
2004-02-24,0.3346782922744751,0.3403654287789912,0.329289542648806,0.33138504537846963,259056000
2004-02-25,0.34141314029693604,0.3427609396069539,0.33243275761599733,0.333480496406843,276276000
2004-02-26,0.3448564112186432,0.34695188876405864,0.34126392847162496,0.3424608731592501,198408000
2004-02-27,0.3580278754234314,0.3595248810498849,0.34350870941983436,0.3436587397194018,468837600
2004-03-01,0.3595248758792877,0.36371583209923997,0.3572793674719018,0.3607218208893921,321680800
2004-03-02,0.3563816249370575,0.36072178670077265,0.35578230316644505,0.3592247562576653,256687200
2004-03-03,0.3580278754234314,0.3620688014040895,0.3532384466295466,0.3532384466295466,225131200
2004-03-04,0.3765878975391388,0.3774855811630101,0.3578777787266142,0.3581769899478612,660223200
2004-03-05,0.4002366364002228,0.4114625531252975,0.37269616368120845,0.3734446663764991,1540599200
2004-03-08,0.38916081190109253,0.40098517718876847,0.3861668008355014,0.3984404326514668,522872000
2004-03-09,0.40562528371810913,0.40757073076069483,0.3854181391160815,0.38766367161478665,618363200
2004-03-10,0.41430655121803284,0.4211914573594935,0.4032298399564996,0.4047268454106294,1006964000
2004-03-11,0.4063730537891388,0.419694448790798,0.4054753451286491,0.40816929545232256,595851200
2004-03-12,0.41251030564308167,0.4158027284003997,0.4066731385062341,0.40891782232400503,329224000
2004-03-15,0.39589571952819824,0.4093671466878669,0.3930525628694395,0.4045777178135879,481717600
2004-03-16,0.38646605610847473,0.39829124632083823,0.3800304158165318,0.39739271322000336,605432800
2004-03-17,0.39200475811958313,0.3948479143021029,0.3858675305814968,0.3885614808292424,411432000
2004-03-18,0.38422131538391113,0.390058482309415,0.38302352122678596,0.3882622407149124,321081600
2004-03-19,0.3870653510093689,0.4032298789778447,0.3822750729809639,0.38257515855466506,408576000
2004-03-22,0.3870653510093689,0.3917047494185984,0.3779349358031453,0.3797311776534849,419031200
2004-03-23,0.3785332441329956,0.38916068601040527,0.3774855054674254,0.3873644448205725,385515200
2004-03-24,0.38167649507522583,0.38541818369713304,0.37823404262202365,0.37823404262202365,428215200
2004-03-25,0.4021821618080139,0.4027814836656632,0.3875138142982039,0.39125632849931313,566445600
2004-03-26,0.40472689270973206,0.4095163215120199,0.4027814698458434,0.40412844517509267,419893600
2004-03-29,0.4177490472793579,0.41894599229207113,0.4071216014288342,0.4096663710743623,350728000
2004-03-30,0.4178982973098755,0.418347563908174,0.40921712270286387,0.4152043464048486,359676800
2004-03-31,0.40472689270973206,0.4187967921816176,0.4033799173804828,0.41789825906724687,390773600
2004-04-01,0.4057745337486267,0.40816924757122036,0.39844036201726174,0.40248213635091473,318332000
2004-04-02,0.4116116464138031,0.4180481337287831,0.4075707469105422,0.4153541840732354,274478400
2004-04-05,0.423885315656662,0.4246338182211899,0.4107139786786581,0.4113124509934679,385672000
2004-04-06,0.4165511727333069,0.4213414246013706,0.41056395117472927,0.41475493132554386,257992000
2004-04-07,0.4087684750556946,0.4146056401743718,0.4029304606150416,0.4132586654809784,255119200
2004-04-08,0.4120611548423767,0.4190960931749411,0.4071216699972073,0.4172998510110487,240917600
2004-04-12,0.4196944534778595,0.4205929864905882,0.4114625721337232,0.4116117530943019,230540800
2004-04-13,0.40308067202568054,0.41954531050717636,0.40173369672683223,0.4187967827294606,436396800
2004-04-14,0.39873960614204407,0.4051760944264543,0.3938001481349179,0.40023661143926387,639732800
2004-04-15,0.43855375051498413,0.44274470628907536,0.4214907161779947,0.43136963317183996,1761446400
2004-04-16,0.43675747513771057,0.438703721843912,0.4265801476329977,0.4363090330380375,402931200
2004-04-19,0.42433464527130127,0.43032181700480415,0.4165511821293903,0.4208921926379742,712353600
2004-04-20,0.4150550663471222,0.42523239558111897,0.41251032186750547,0.42223923390569973,354519200
2004-04-21,0.4150550663471222,0.42089225869361885,0.4096663411565636,0.41310879433015585,325875200
2004-04-22,0.4158027172088623,0.42178991446544073,0.4057745696036721,0.41251029454016147,344584800
2004-04-23,0.41460585594177246,0.41909604870382317,0.40487696756693825,0.41460585594177246,315828800
2004-04-26,0.40607380867004395,0.4137072422947051,0.4041283860905806,0.4128095336538883,231128800
2004-04-27,0.4032299518585205,0.4107141818440061,0.39948826152703426,0.407720994447305,283864000
2004-04-28,0.39589571952819824,0.40427763222934593,0.3942495079168497,0.40143450055065755,231168000
2004-04-29,0.40068599581718445,0.40412847452026324,0.38886162891038056,0.39589574232475294,460790400
2004-04-30,0.38586753606796265,0.4035299168708255,0.38152737442290413,0.39978737833547595,466502400
2004-05-03,0.3902086019515991,0.3941003222406193,0.38526914252101047,0.38916086281003065,297634400
2004-05-04,0.39125630259513855,0.3973927065309445,0.38167659597374753,0.38871155797533297,279983200
2004-05-05,0.3988896906375885,0.40038672111839363,0.38856150676163104,0.3921539902265063,238106400
2004-05-06,0.3978418707847595,0.4003866397303492,0.38766371926472,0.39514792090483003,263558400
2004-05-07,0.3991888761520386,0.41265947590058466,0.39739263464781477,0.39739263464781477,419036800
2004-05-10,0.39335164427757263,0.39814107126636156,0.388262156802739,0.3932016140345503,249978400
2004-05-11,0.4062238931655884,0.4069723959245683,0.3951480057740067,0.3951480057740067,305172000
2004-05-12,0.4086185693740845,0.409217016808627,0.39275243066955023,0.40098513591017304,245420000
2004-05-13,0.40697234869003296,0.41490499319848967,0.40263133794861133,0.4056253736171016,229852000
2004-05-14,0.4050261378288269,0.40891788292426984,0.39589572223936154,0.40787011884938085,257801600
2004-05-17,0.39873960614204407,0.4050260391798184,0.39454865078352785,0.39963813905722556,300445600
2004-05-18,0.4050261378288269,0.40846859137718433,0.40113441771345437,0.40367916247010655,206063200
2004-05-19,0.39619576930999756,0.411611794599378,0.3954472665046525,0.4101156383110542,375592000
2004-05-20,0.39978745579719543,0.40412846760561566,0.39619579616728345,0.39859051070134227,196296800
2004-05-21,0.4057745337486267,0.4071215087524539,0.40008657320614965,0.40263131729232743,179894400
2004-05-24,0.4092170298099518,0.41759896622951226,0.4057745768033303,0.40846852709682624,235603200
2004-05-25,0.4252323508262634,0.42672935616756763,0.40846850391846584,0.4116117205299157,319978400
2004-05-26,0.42672932147979736,0.43077109568440836,0.41909591380708405,0.42403537155815296,322168000
2004-05-27,0.4216407835483551,0.42807639873476583,0.4164020633898592,0.42598092066339505,235972800
2004-05-28,0.41999366879463196,0.4231369106653073,0.41610279848918397,0.4202937793233953,145717600
2004-06-01,0.41999366879463196,0.42208914672170394,0.4132588178249832,0.41595276820486965,182134400
2004-06-02,0.4328666627407074,0.4366083272411108,0.416102813730044,0.4195452919532163,318712800
2004-06-03,0.425083190202713,0.43391434307959403,0.423436953873788,0.4298726183133136,250930400
2004-06-04,0.43077102303504944,0.43780510784830884,0.42672924951208197,0.42747775199565546,399112000
2004-06-07,0.446187287569046,0.4487320576696339,0.4312197268176102,0.4346621808581888,295876000
2004-06-08,0.4542699456214905,0.4556169210406287,0.44648735436405645,0.4488820439449375,415620800
2004-06-09,0.4520251154899597,0.4596585228746407,0.44903105520357617,0.4503780301135728,349204800
2004-06-10,0.4601079821586609,0.46355043619011327,0.45202532950981,0.45202532950981,257577600
2004-06-14,0.4508272409439087,0.4592091494122285,0.4415476491234278,0.4587599080552254,243986400
2004-06-15,0.4593593180179596,0.4660941933932007,0.4529228545014501,0.45711380999811174,444634400
2004-06-16,0.49004292488098145,0.49872409516595645,0.45696452959892436,0.4589099766523476,909641600
2004-06-17,0.49109068512916565,0.49588011243956076,0.48211030283666223,0.48734902154435966,551320000
2004-06-18,0.4925876259803772,0.5000710013741017,0.48540261237940724,0.48884506398154354,406252000
2004-06-21,0.4839059114456177,0.5014182408902209,0.4807627189444116,0.4957311278153919,390213600
2004-06-22,0.4939347505569458,0.49528167560301234,0.483307282126893,0.48345731239074086,360511200
2004-06-23,0.5044121742248535,0.5063576217389925,0.4922876996723682,0.49393478528218154,390868800
2004-06-24,0.49662894010543823,0.5044124327964282,0.4936357771427445,0.5015684508623705,252515200
2004-06-25,0.5044121742248535,0.5044121742248535,0.49393478528218154,0.49498249919638304,323428000
2004-06-28,0.4863013029098511,0.5117462963060299,0.4821103475391469,0.511596266039022,521096800
2004-06-29,0.4864503741264343,0.493784518637503,0.4701357994780795,0.48001471227808407,590553600
2004-06-30,0.4870491325855255,0.49348559757882193,0.4773202442849512,0.4873491931974056,373044000
2004-07-01,0.4834573566913605,0.48615130695060377,0.47747018438474254,0.48046334587692613,341941600
2004-07-02,0.4651966691017151,0.46669367496100883,0.4449903873709841,0.45621628263081987,910683200
2004-07-06,0.4632510542869568,0.4702851407614381,0.4610055463059204,0.4680404821026034,348980800
2004-07-07,0.4548693001270294,0.4693876188440087,0.4509775545778634,0.4617542080264282,397992000
2004-07-08,0.4511267840862274,0.4592094365171507,0.44828275278309887,0.45097755312844984,233380000
2004-07-09,0.4494803249835968,0.4565152597015065,0.4494803249835968,0.45307280746551043,208863200
2004-07-12,0.43615901470184326,0.4496304135864489,0.43301577322765344,0.44933035305566954,511621600
2004-07-13,0.4373569190502167,0.4430440823826608,0.43436290738246613,0.4378053613264436,316176000
2004-07-14,0.4427446126937866,0.4485826529209734,0.4301717480293904,0.43196801429608445,835800000
2004-07-15,0.4928872287273407,0.5033646220770408,0.48061356806011396,0.48884545240237237,1767724000
2004-07-16,0.48196032643318176,0.49273697623673723,0.4807625822807957,0.4909407097290669,488381600
2004-07-19,0.4785178005695343,0.48225951396110056,0.47387760434043863,0.4791162728732912,533170400
2004-07-20,0.48196032643318176,0.48196032643318176,0.47223144047228255,0.47821866243031824,323747200
2004-07-21,0.4732791483402252,0.4895936767646659,0.4690881434254001,0.48525354087995565,301257600
2004-07-22,0.4741770625114441,0.47492556545204406,0.46489741462131007,0.4677414460187601,334118400
2004-07-23,0.45950841903686523,0.47522447272678053,0.45621599741568114,0.47193210106571276,273571200
2004-07-26,0.4678904712200165,0.4707344517103105,0.4607063042188166,0.4617540680983501,393932000
2004-07-27,0.4854028820991516,0.4901923109597857,0.4725308018023197,0.4759732553172953,425006400
2004-07-28,0.4830080270767212,0.4851035045277214,0.4663942377189484,0.4836064993935686,285051200
2004-07-29,0.48854589462280273,0.4912398440474462,0.4809124883583601,0.48600112610728696,222157600
2004-07-30,0.48405590653419495,0.49393487481444476,0.4789672663949364,0.4886961544134554,243023200
2004-08-02,0.4726808965206146,0.4819604942654299,0.4659451695519946,0.4666936724776585,365092000
2004-08-03,0.4683395326137543,0.47477604377054183,0.4662440556206769,0.47073427067991974,211629600
2004-08-04,0.47582411766052246,0.480762778428765,0.466543670038558,0.46684288137814656,276488800
2004-08-05,0.46983659267425537,0.4834571683026574,0.4677411156575695,0.47612302372431314,244501600
2004-08-06,0.44573867321014404,0.4654956537121787,0.4445408792575166,0.46250249277387373,492290400
2004-08-09,0.4535212814807892,0.45576678927573816,0.44618708511612254,0.44678640678007947,290847200
2004-08-10,0.47178229689598083,0.47208155816742076,0.4542699669405982,0.45486928884580574,351036000
2004-08-11,0.46414878964424133,0.4659450563409823,0.45292289717170364,0.4654957648461892,322392000
2004-08-12,0.4545692801475525,0.4617542493308643,0.45322230451130524,0.4557670248121938,226200800
2004-08-13,0.46160417795181274,0.4681898245758591,0.45501848136761963,0.4580124930419422,328048000
2004-08-16,0.46070626378059387,0.47477618468207644,0.4586107861655877,0.46399868612297573,435674400
2004-08-17,0.46205317974090576,0.46594492327195286,0.4542697426389324,0.4577121948034993,323019200
2004-08-18,0.47507545351982117,0.47672168987079644,0.4563653336546704,0.4566645948528842,364655200
2004-08-19,0.4596587121486664,0.47687183056642823,0.45441999128254845,0.4716331097003103,388920000
2004-08-20,0.46100544929504395,0.46384942906903404,0.4563652034025815,0.4596584745267252,316780800
2004-08-23,0.4651966691017151,0.46804065049739974,0.4580124998134119,0.4619033960996819,254660000
2004-08-24,0.4782186448574066,0.4782186448574066,0.466842673754518,0.4678904375586725,374136000
2004-08-25,0.49468326568603516,0.4961794216716923,0.4749253835570806,0.47702086125122084,505618400
2004-08-26,0.5187814235687256,0.5265640147283376,0.49004315055364855,0.49453331836171993,955858400
2004-08-27,0.5141410827636719,0.5202774861208422,0.5089023630852147,0.5190805412424688,388813600
2004-08-30,0.5106987357139587,0.5196791215343328,0.5083039961379453,0.5089024687013372,218142400
2004-08-31,0.5162365436553955,0.5231214495060912,0.5089023463389264,0.5099501102241928,376560800
2004-09-01,0.5367422699928284,0.5386885175773789,0.5117465077478134,0.5133927446345194,515726400
2004-09-02,0.5337488651275635,0.5359935738362278,0.5213251793051509,0.5313541761041114,406324800
2004-09-03,0.5273123383522034,0.5376405451426054,0.524019916119743,0.524019916119743,293468000
2004-09-07,0.5352449417114258,0.5416814038174084,0.5273122739488519,0.5298570425919711,301957600
2004-09-08,0.5440760850906372,0.5473693561996008,0.5340479901312423,0.5343472012825451,343526400
2004-09-09,0.5343471169471741,0.543327496838518,0.5280606861548675,0.540334336635402,461339200
2004-09-10,0.5368919968605042,0.5422798961795814,0.530754745682382,0.5337487558303148,328014400
2004-09-13,0.532701313495636,0.5398854327147451,0.5286595376253054,0.5370414513622288,281976800
2004-09-14,0.5312042236328125,0.5321019074072328,0.5205767528619466,0.5274625089955999,254822400
2004-09-15,0.5268630385398865,0.5310540435232579,0.52087671647428,0.5292586265207734,232668800
2004-09-16,0.5440760850906372,0.5502133359604818,0.5250676088225357,0.5268629756505905,501916800
2004-09-17,0.5559006333351135,0.5594931164821244,0.5448247220708893,0.5470702800834429,502308800
2004-09-20,0.564432680606842,0.5684736066486528,0.5518598115758961,0.552008992555346,245000000
2004-09-21,0.5689226388931274,0.5817947644291224,0.5606907595366397,0.5650309452228802,386652000
2004-09-22,0.5526082515716553,0.5708682311969017,0.5509611658478341,0.5702697587422287,401688000
2004-09-23,0.5578472018241882,0.561289656682223,0.5527577103745938,0.5544047469661535,397404000
2004-09-24,0.5581461191177368,0.5687726885388515,0.5560506414226164,0.560540808026077,369488000
2004-09-27,0.5617387294769287,0.5684736062080601,0.5512613386259275,0.553056706232544,397516000
2004-09-28,0.5693719983100891,0.5731136621808257,0.5605407962737072,0.560690826538269,353186400
2004-09-29,0.5789510607719421,0.5816458610833416,0.5660789290929814,0.5677251658615705,273509600
2004-09-30,0.5799986124038696,0.5877821011972123,0.5755084455469838,0.5837411758466087,425012000
2004-10-01,0.5788016319274902,0.5865842202875337,0.5774546570098191,0.5855365065158457,465404800
2004-10-04,0.5805978178977966,0.5864350086629462,0.579998496275205,0.5864350086629462,574084000
2004-10-05,0.589279055595398,0.5937692220637151,0.5747598931120602,0.5771545819483258,406162400
2004-10-06,0.6082877516746521,0.6100839686339902,0.5907753732331902,0.5912246647836957,446303200
2004-10-07,0.5930207371711731,0.6126285890380471,0.5906260482632744,0.606791397434689,426148800
2004-10-08,0.5846387147903442,0.5952661315030231,0.5813454436291526,0.5921229405409913,359228800
2004-10-11,0.5776039958000183,0.5846389328189874,0.5717668031340668,0.5807472378943749,323870400
2004-10-12,0.5731138586997986,0.5774548957153893,0.5635342007001268,0.5762571012344504,460191200
2004-10-13,0.5949661731719971,0.5951162034367954,0.579849387480395,0.5817948348700875,1163008000
2004-10-14,0.6732475161552429,0.684772619425374,0.6368758397981984,0.6464555454445654,2768427200
2004-10-15,0.6810309290885925,0.6826771154120129,0.661423126352129,0.6717512843572291,1031128000
2004-10-18,0.7147085666656494,0.7147085666656494,0.6690564531777211,0.6690564531777211,1200752000
2004-10-19,0.7097693085670471,0.7236891525804714,0.7081222226991252,0.7199474379180062,801992800
2004-10-20,0.7105177044868469,0.7124631520131907,0.6982440489051996,0.7061766686480178,605108000
2004-10-21,0.7175517082214355,0.720395688386328,0.7088705368307981,0.7106668031961656,724505600
2004-10-22,0.7096191048622131,0.7135107989114469,0.7037819135092513,0.7115653515678456,483067200
2004-10-25,0.711714506149292,0.7160554911547383,0.7045303405838791,0.7064757877188683,392644000
2004-10-26,0.7180011868476868,0.7191989312174902,0.7030335788768114,0.7102176969691038,594361600
2004-10-27,0.7528756260871887,0.7576659029425712,0.720995020162891,0.7260836588941244,1193494400
2004-10-28,0.7811647653579712,0.7816140568721396,0.7409022404799924,0.7480863583341972,864264800
2004-10-29,0.7843079566955566,0.7962823516542674,0.7753275726476291,0.7759260450929013,810219200
2004-11-01,0.785056471824646,0.797180097895151,0.7789200683081424,0.7858049745641658,602050400
2004-11-02,0.800772488117218,0.8094536100893018,0.7843078778104743,0.7843078778104743,729988000
2004-11-03,0.8278645873069763,0.8398381327539444,0.8081067035433894,0.8137947146702379,1204173600
2004-11-04,0.8149915337562561,0.8314561439266283,0.813794638956142,0.823673554938751,928625600
2004-11-05,0.8190333247184753,0.8232242801483095,0.7789199869588747,0.8211288024333924,1205047200
2004-11-08,0.8139438629150391,0.8299600318177972,0.8061612235557394,0.8122976266315808,526920800
2004-11-09,0.8090052008628845,0.81648857854486,0.7989762047825855,0.8116991508810268,475764800
2004-11-10,0.8194825053215027,0.8290613596699912,0.8069096407325916,0.8075080630837427,508676000
2004-11-11,0.8277146220207214,0.8296600697609381,0.8116993005389719,0.8224759019605357,407299200
2004-11-12,0.8307077288627625,0.8335517094813646,0.8208296611608846,0.823373581215669,395701600
2004-11-15,0.8268164396286011,0.830108860839543,0.8133450456803749,0.8262171681088175,376045600
2004-11-16,0.8223259449005127,0.8262176900498547,0.8154410377084448,0.8256192175137625,295103200
2004-11-17,0.8217272758483887,0.8299600057713821,0.8115490984771814,0.8260682615527506,397751200
2004-11-18,0.8290616273880005,0.8299601604870894,0.8125970137949926,0.8127470440922717,459149600
2004-11-19,0.8257690072059631,0.8518124720255176,0.8157400113056833,0.8305584347838266,765279200
2004-11-22,0.9182692766189575,0.9579333184720491,0.8666307922552806,0.9250042010894265,2568210400
2004-11-23,0.9170714020729065,0.9347337022620009,0.9137789304523795,0.9324881948501438,911450400
2004-11-24,0.9586819410324097,0.9758951043754304,0.9212626028656209,0.9233580306469773,1390788000
2004-11-26,0.9661663770675659,0.9842772279421239,0.9630231847564815,0.9781400243009912,550144000
2004-11-29,1.024390697479248,1.0413037052124916,1.0089737962345864,1.0320241079644703,1712916800
2004-11-30,1.003584623336792,1.0296288344473976,1.003584623336792,1.0296288344473976,1028518400
2004-12-01,1.0146613121032715,1.0170560006976763,0.9919102716527478,1.0146613121032715,800553600
2004-12-02,0.9760439991950989,1.0013398049085822,0.9678121708734857,0.9898146057688445,987442400
2004-12-03,0.9381768703460693,0.9729015761495617,0.9242570718838661,0.9658665868055145,1238848800
2004-12-06,0.9845761656761169,0.9914610705252735,0.9422172742040915,0.9616750440866937,1247920800
2004-12-07,0.9413198828697205,0.9987955268392885,0.9363804237388013,0.9868210804613028,1056899200
2004-12-08,0.9471569657325745,0.9643700314687778,0.9287469550358796,0.9441637540090175,691902400
2004-12-09,0.9577842950820923,0.9639206982768679,0.9290460280106939,0.9401218895535478,741501600
2004-12-10,0.9751462340354919,0.9886167790251291,0.968410511899671,0.9733499681911096,775773600
2004-12-13,0.971554160118103,0.9863725359744574,0.9669139627074597,0.9821815800969704,395040800
2004-12-14,0.9772422909736633,0.9860735457137796,0.9732005153580165,0.9788885776249215,415721600
2004-12-15,0.9767927527427673,0.9797867633180655,0.9678124196612392,0.9764934915735971,398361600
2004-12-16,0.9968498945236206,1.0103204447642584,0.9886171644013262,0.990114169762124,1126115200
2004-12-17,0.9727525115013123,1.00343614387933,0.9714054856413988,1.000442131353075,783496000
2004-12-20,0.938774824142456,0.9878685403729486,0.924405692753423,0.9799358717709756,1168126400
2004-12-21,0.953292965888977,0.954490709704538,0.9220108390781437,0.9513475189807457,1064414400
2004-12-22,0.9541919827461243,0.9633223978991368,0.9489532625423828,0.9528449574916537,565829600
2004-12-23,0.9580835103988647,0.9616751441290966,0.951946308135836,0.9541918161291452,245929600
2004-12-27,0.9453609585762024,0.975147000550978,0.9411700013790792,0.9699082790744988,559490400
2004-12-28,0.9606274366378784,0.961675200541188,0.9287468767494579,0.9474561470892925,611755200
2004-12-29,0.9645193815231323,0.9726020329750228,0.9514980702616074,0.9550897047628276,449562400
2004-12-30,0.9699079990386963,0.9733504522649161,0.961226825848542,0.9700571800054543,345340800
2004-12-31,0.9639206528663635,0.9729010861223785,0.9583827723159595,0.9712548998446976,278588800
2005-01-03,0.9473070502281189,0.9745482146905867,0.9369787910749731,0.9696087558507801,691992000
2005-01-04,0.9570356011390686,0.9799358223489416,0.9425164901879024,0.9547900934869558,1096810400
2005-01-05,0.9654175639152527,0.9766435040700026,0.9586818399500029,0.96481824225642,680433600
2005-01-06,0.9661663770675659,0.9715542785139305,0.9479055458497158,0.9679618446149441,705555200
2005-01-07,1.0365140438079834,1.042202005264805,0.9691594874145062,0.9729012018224745,2227450400
2005-01-10,1.0321731567382812,1.0582166571428548,1.0160077671979786,1.045194457299673,1725309600
2005-01-11,0.9663152098655701,1.0350167738886447,0.9600288275085128,1.0215462257641896,2611627200
2005-01-12,0.9797866940498352,0.9863723377908735,0.9474559984381727,0.9796367137549544,1919702400
2005-01-13,1.044746994972229,1.1138978326639533,1.0436993307043942,1.1032704102640831,3164716800
2005-01-14,1.0507330894470215,1.0734841335606482,1.0356162530500181,1.0514815921236864,1770742400
2005-01-18,1.0574690103530884,1.058217513168613,1.0140623418708414,1.0454945640291697,1006460000
2005-01-19,1.045943260192871,1.0695919799885918,1.0439978133608194,1.0550736708334665,751895200
2005-01-20,1.0546246767044067,1.0667490998879385,1.03980710299413,1.0425010528828833,914922400
2005-01-21,1.055073857307434,1.071687696412852,1.047739711302793,1.0673475606382254,911332800
2005-01-24,1.0591150522232056,1.07438266904029,1.055971860413005,1.0624083242730642,841629600
2005-01-25,1.0784238576889038,1.0902482244748892,1.0618100118416476,1.0682456776121674,969231200
2005-01-26,1.081417441368103,1.0889007683755705,1.0660005467232607,1.0875538434552088,739496800
2005-01-27,1.0872550010681152,1.0914459575735416,1.0709404166468777,1.080070033148899,496227200
2005-01-28,1.1073106527328491,1.1073106527328491,1.0842603554748869,1.0869551040595493,801612000
2005-01-31,1.1510165929794312,1.1658349641113572,1.1152442485028249,1.1162920121182136,1681097600
2005-02-01,1.1604464054107666,1.1640388381592002,1.1462272542337903,1.1532622393556498,678395200
2005-02-02,1.1918786764144897,1.196069631665096,1.1628411509033683,1.1667328449905965,1020062400
2005-02-03,1.1646372079849243,1.188885251560161,1.157453042870343,1.1839457945680718,731651200
2005-02-04,1.1800543069839478,1.181401332046899,1.1604465541315514,1.1655359927178148,563556000
2005-02-07,1.181551456451416,1.1876878597808065,1.1599981553561083,1.181401376211064,524456800
2005-02-08,1.2108880281448364,1.2180721946862614,1.1793057329866161,1.1834967882365297,890019200
2005-02-09,1.1785573959350586,1.2272027804157941,1.1689785391740444,1.2129836262784537,1191456000
2005-02-10,1.1728698015213013,1.1866396079517025,1.1474248163468488,1.1782576999186374,1093019200
2005-02-11,1.2155282497406006,1.2237601802624005,1.1815513649359284,1.1953211759615792,1201054400
2005-02-14,1.2667174339294434,1.2691121227304163,1.2281010536286172,1.2382784310726251,1271463200
2005-02-15,1.3232958316802979,1.333323931694778,1.2872234087029715,1.2971023277276086,2312217600
2005-02-16,1.3490395545959473,1.3500872183957207,1.3074291662199446,1.3194036087344732,1639243200
2005-02-17,1.3143149614334106,1.3602654888839745,1.3089262620879212,1.3568230362629694,1518473600
2005-02-18,1.299347162246704,1.3150632164965963,1.2909652533240634,1.3132670503330721,1163254400
2005-02-22,1.2765965461730957,1.321649396476606,1.2765965461730957,1.2917133837681698,1219293600
2005-02-23,1.3206017017364502,1.323894074776519,1.2804883079146638,1.297999835597131,1345181600
2005-02-24,1.3310790061950684,1.336766168297912,1.313117438079302,1.324343380681554,1519028000
2005-02-25,1.331976294517517,1.34574690155764,1.3200018536130622,1.3414059668893061,915510400
2005-02-28,1.3429028987884521,1.3512848071251227,1.3159609078202552,1.3375141009138964,651610400
2005-03-01,1.332126498222351,1.3503865244619884,1.3219483216666499,1.3467948910298817,468188000
2005-03-02,1.3207504749298096,1.3438007761437585,1.3195535303328367,1.3246421685739287,458161200
2005-03-03,1.2510011196136475,1.3294316144308156,1.233938139711021,1.328234669861911,1411653600
2005-03-04,1.281536340713501,1.2875226655261438,1.252798064737238,1.280039334849085,756618800
2005-03-07,1.2797397375106812,1.2947073941373122,1.2677653923847843,1.2812359436198373,450632000
2005-03-08,1.2132831811904907,1.2620777584473064,1.2004110491079407,1.254295066590372,1021451200
2005-03-09,1.1779593229293823,1.2057990171215867,1.1623932389231495,1.1866404985531298,1322465200
2005-03-10,1.1923283338546753,1.2052004652606447,1.1704757664876821,1.1833478978936516,777109200
2005-03-11,1.2054998874664307,1.2150796473983039,1.19143090778552,1.2037037199493212,632830800
2005-03-14,1.206996202468872,1.2210660722116884,1.1830482172182133,1.2129833236818441,605385200
2005-03-15,1.2261550426483154,1.2315437429681033,1.2049010013907209,1.2165761856826847,508608800
2005-03-16,1.2327404022216797,1.2665673036637382,1.22076685876966,1.2336389850279987,697813200
2005-03-17,1.2647719383239746,1.2836312859749213,1.2369313589291966,1.243217841452929,801920000
2005-03-18,1.2860263586044312,1.3003954943541076,1.2722556454101752,1.2971022218538393,940150400
2005-03-21,1.3081777095794678,1.316260358608501,1.2830319790365339,1.2959041054599456,541128000
2005-03-22,1.2821345329284668,1.3159614410684388,1.2776443158545283,1.3084772130371036,551415200
2005-03-23,1.2737524509429932,1.2991974459448312,1.257886312054577,1.270758440150915,609823200
2005-03-24,1.272255539894104,1.2872231968781198,1.272255539894104,1.284529246439216,352704800
2005-03-28,1.2731542587280273,1.286026389152255,1.2713579918163003,1.2797399046024793,275410800
2005-03-29,1.2498037815093994,1.282134584760106,1.242320452457969,1.2740518339872926,461356000
2005-03-30,1.2812358140945435,1.2812358140945435,1.2518991261390846,1.2593833533768657,394959600
2005-03-31,1.2474087476730347,1.272853738080084,1.2450140590571719,1.2707582106807733,636134800
2005-04-01,1.2240593433380127,1.2626765250191154,1.2144804877132485,1.2599817755553457,641284000
2005-04-04,1.2300472259521484,1.236632973757317,1.2022075283686517,1.2270541129874415,580014400
2005-04-05,1.2539945840835571,1.2644720228514819,1.2300465951180295,1.2339383893785714,556239600
2005-04-06,1.2671668529510498,1.2815359869728888,1.261778152912124,1.2692623808059793,414825600
2005-04-07,1.3039867877960205,1.3096747482332747,1.2647719851405044,1.2671666739387344,506987600
2005-04-08,1.3093756437301636,1.330629683420312,1.3033884214169968,1.3081778995067335,649950000
2005-04-11,1.2548935413360596,1.3246428006796458,1.2545942800639511,1.3216496883571054,821662800
2005-04-12,1.2770448923110962,1.2929110308112255,1.2575871200074855,1.2719562531482118,981061200
2005-04-13,1.2285497188568115,1.2869239410517885,1.209091944552635,1.2857269961149276,1371946800
2005-04-14,1.1153934001922607,1.184245037087545,1.1028205368977482,1.1617931600436964,2753192400
2005-04-15,1.0582172870635986,1.115094396145314,1.0561217594046557,1.0962351468161204,1728087200
2005-04-18,1.0663001537322998,1.0866565124365155,1.0178048456542732,1.047740061878784,1327177600
2005-04-19,1.110304832458496,1.1207821692385604,1.07378308484847,1.0956364410621162,1081642800
2005-04-20,1.06300687789917,1.1297630163845056,1.0609114497405934,1.1273683269920856,945131600
2005-04-21,1.1129993200302124,1.1138978032775029,1.0746821869984993,1.0896497468325583,759592400
2005-04-22,1.0627076625823975,1.107611338039505,1.0447468918415335,1.1028210597651824,839129200
2005-04-25,1.107012152671814,1.1082098972485643,1.080968727129697,1.0923437534383509,746460400
2005-04-26,1.0833632946014404,1.122878169701121,1.0812677664102766,1.1010248042789816,810507600
2005-04-27,1.0761785507202148,1.0884513529323159,1.0630063665147973,1.07438228473934,613888800
2005-04-28,1.063905119895935,1.0878531052659475,1.0549238884703633,1.0863561001346904,575106000
2005-04-29,1.079471468925476,1.0845609079640501,1.0543256332720259,1.0821654193705335,671630400
2005-05-02,1.0905474424362183,1.0971338876565917,1.078274633894604,1.083961696657818,465920000
2005-05-03,1.0839614868164062,1.099827625463333,1.078573586420157,1.0896494477610388,496739600
2005-05-04,1.1121015548706055,1.1135976612627883,1.0806693317951972,1.0809685930417468,448176400
2005-05-05,1.0980315208435059,1.1156931292926362,1.091745136519442,1.1150946068317986,387366000
2005-05-06,1.114795207977295,1.117489157998692,1.101324558588005,1.1043177697760533,326247600
2005-05-09,1.1067126989364624,1.121081834387535,1.1001270533552991,1.1159931944064718,355695200
2005-05-10,1.0902479887008667,1.1150944613659977,1.0875540384568634,1.1001269053851188,440263600
2005-05-11,1.0660008192062378,1.0677970859334383,0.9911620343882975,1.0537272125327706,2041981200
2005-05-12,1.0216962099075317,1.065401121559518,1.017804416611876,1.0603124836697684,970242000
2005-05-13,1.0408551692962646,1.0546249832564825,1.0199003877547932,1.0237920828241838,702713200
2005-05-16,1.0642043352127075,1.0686945514727693,1.033669905409874,1.0345683883109926,474294800
2005-05-17,1.058516263961792,1.0615102740627236,1.0339690581990204,1.051930620798586,588344400
2005-05-18,1.0728861093521118,1.1243754435378146,1.0474411032617423,1.0612109210109997,636722800
2005-05-19,1.1240743398666382,1.1279660323959473,1.0710888481582852,1.0710888481582852,793161600
2005-05-20,1.1240743398666382,1.1270683491854276,1.1132977448509496,1.1150939106337077,452650800
2005-05-23,1.190232515335083,1.194423471025971,1.133056141078595,1.133056141078595,1042574400
2005-05-24,1.1884366273880005,1.1971177020804418,1.1683803272557387,1.1809531972773224,593460000
2005-05-25,1.1908310651779175,1.195920504012445,1.1770612529288045,1.1824491536029065,396006800
2005-05-26,1.2195695638656616,1.2255566875174204,1.1956215688600598,1.1956215688600598,525520800
2005-05-27,1.2141802310943604,1.2210660347877502,1.1977164726053064,1.2165758189159475,316008000
2005-05-31,1.190232515335083,1.2195693050915637,1.1848438154230694,1.21717451609117,404205200
2005-06-01,1.2063976526260376,1.220167461555788,1.1932254666732467,1.1941240494239231,453812800
2005-06-02,1.1986145973205566,1.206996609815644,1.1854433059038008,1.1989138585579688,373973600
2005-06-03,1.1447304487228394,1.1549086269244826,1.1306614752275785,1.1423357595935129,956869200
2005-06-06,1.1351518630981445,1.156405908254631,1.124375259843867,1.1474255720765518,811966400
2005-06-07,1.093840479850769,1.129463654659596,1.0911465294641924,1.1255719600022616,745264800
2005-06-08,1.1052157878875732,1.115094706745709,1.0947384464352576,1.096534613500373,404006400
2005-06-09,1.1270685195922852,1.135749689094185,1.1022220554418851,1.1076107534453319,390255600
2005-06-10,1.0719876289367676,1.1195843323401853,1.0633056597797883,1.1195843323401853,678932800
2005-06-13,1.0746819972991943,1.0959360384241843,1.0722873080527955,1.0743827360835987,435772400
2005-06-14,1.0776751041412354,1.0821653209019044,1.0701916759941539,1.0752803152075276,347846800
2005-06-15,1.111501693725586,1.1165911308532377,1.0866560278970552,1.103719106526243,563343200
2005-06-16,1.1369472742080688,1.1399404841999365,1.1022219016054584,1.1132977577934864,547674400
2005-06-17,1.1468260288238525,1.1537117346070043,1.1324568941905242,1.15161630658317,596125600
2005-06-20,1.125871181488037,1.140240315259934,1.1210817033780256,1.1330561480550496,323716400
2005-06-21,1.1333552598953247,1.1432341754520015,1.1189861280170277,1.1291643047309268,370526800
2005-06-22,1.1540110111236572,1.1555072172962264,1.1417374042716886,1.1453298378580639,424925200
2005-06-23,1.1641889810562134,1.1908309185900119,1.1570040152522483,1.1623927146251583,674254000
2005-06-24,1.1303613185882568,1.1710740315332824,1.1279666294507869,1.1701754485651914,410709600
2005-06-27,1.1106042861938477,1.1405393965853179,1.0980313200048604,1.102820797779133,600171600
2005-06-28,1.1168906688690186,1.125272579711092,1.1126997134479817,1.1222794683543185,350299600
2005-06-29,1.0887517929077148,1.1162923159962275,1.0812675652056714,1.114496049389199,448358400
2005-06-30,1.1019231081008911,1.1124004466403064,1.0869554530673669,1.0959358862150679,418390000
2005-07-01,1.0926425457000732,1.1067124163266358,1.0863561629558305,1.10252146119039,250000800
2005-07-05,1.1369472742080688,1.1420359110506328,1.092642150812284,1.0941391554890822,454269200
2005-07-06,1.119285225868225,1.142335527927188,1.1135972657980586,1.1288649796454253,394626400
2005-07-07,1.1264708042144775,1.1303616004916612,1.1016242245521957,1.101923485828812,383723200
2005-07-08,1.1450295448303223,1.1459281276657973,1.1216800801826359,1.1336544233851817,290735200
2005-07-11,1.1405396461486816,1.1570043101875571,1.1309607884244295,1.148622397507678,388788400
2005-07-12,1.1447304487228394,1.1495207262638991,1.1348524310045685,1.1444312874421416,387038400
2005-07-13,1.1480234861373901,1.152513702197452,1.1345521385154758,1.1462272198569208,684835200
2005-07-14,1.2198688983917236,1.2575876128883423,1.2043029142567545,1.22106674295734,2096060400
2005-07-15,1.2438170909881592,1.2444155133302315,1.2111871360662798,1.2264539501663347,687682800
2005-07-18,1.242021083831787,1.2602811125737354,1.2384285506251067,1.2396263947615502,586297600
2005-07-19,1.2929106950759888,1.2941084389408548,1.2294478561995648,1.2429184029297047,671062000
2005-07-20,1.3060823678970337,1.3111719065294796,1.2767456780897317,1.2830321615800007,453395600
2005-07-21,1.2959043979644775,1.3183561836860989,1.2842300129555229,1.3081780048543319,404264000
2005-07-22,1.317158818244934,1.317158818244934,1.2988979943892596,1.3003949994507396,301106400
2005-07-25,1.3114714622497559,1.3255413378842598,1.3090767726341965,1.3168593640043327,294627200
2005-07-26,1.3060823678970337,1.3204515015662954,1.297999717718041,1.3174583900197485,268592800
2005-07-27,1.3168591260910034,1.3192546146360782,1.2773450559282826,1.312069647804899,283749200
2005-07-28,1.3111717700958252,1.317158991768573,1.29620421551523,1.3126679759924829,251311200
2005-07-29,1.2767459154129028,1.328534498615253,1.2650716291282877,1.3039871824006006,562080400
2005-08-01,1.2797397375106812,1.2896178553116153,1.2596826419786222,1.2743510373993683,314249600
2005-08-02,1.2929106950759888,1.3021902873618074,1.2755483550870963,1.2839302639757384,296875600
2005-08-03,1.2938092947006226,1.2965040454444807,1.2803387384311375,1.2929116106677396,258322400
2005-08-04,1.2785420417785645,1.2872232150057639,1.265969173763633,1.2839307420944317,269304000
2005-08-05,1.2869237661361694,1.2979996270079432,1.2578862396323982,1.2719562110441298,241931200
2005-08-08,1.2767459154129028,1.2947075856388814,1.2755489703325902,1.2872233565374893,176383200
2005-08-09,1.3117703199386597,1.3138657476478208,1.2845290602777657,1.2851274826968286,380839200
2005-08-10,1.298599123954773,1.328833499392394,1.2965035960149285,1.3171592145182929,360945200
2005-08-11,1.317158818244934,1.3207504513336337,1.294707039690711,1.2988979943892596,271983600
2005-08-12,1.3800235986709595,1.3836153328769893,1.297999844265568,1.3009938553864013,916036800
2005-08-15,1.4273205995559692,1.4467783668237495,1.3905004922842656,1.3913981756822194,1086727600
2005-08-16,1.3845134973526,1.4219329322954843,1.3833157532915352,1.4186396607088791,537622400
2005-08-17,1.411455750465393,1.4201369234561423,1.3881053825344511,1.3890039655238944,499724400
2005-08-18,1.3860094547271729,1.406964226624612,1.369545697672269,1.4042702771926359,442559600
2005-08-19,1.3719406127929688,1.3979841266785662,1.3701443464473488,1.3854111615414832,376569200
2005-08-22,1.3731375932693481,1.399481168354302,1.3548775666712773,1.3815195036323973,387732800
2005-08-23,1.3692456483840942,1.380023044923702,1.3566727851430194,1.3725389194071698,295604400
2005-08-24,1.370144248008728,1.4105568905533137,1.3647555492792727,1.3650548104084164,572070800
2005-08-25,1.3788259029388428,1.3916980329023476,1.3713416742351352,1.3806221697862775,276253600
2005-08-26,1.3692456483840942,1.387207209894973,1.3578705289991317,1.380621567130936,261058000
2005-08-29,1.3722397089004517,1.3779276684835977,1.354877368398271,1.3551766295129224,256295200
2005-08-30,1.3940925598144531,1.4006783046058904,1.3746347864800437,1.376730314317489,518761600
2005-08-31,1.403672695159912,1.4078636520481393,1.3851126004830576,1.4027741119566166,402956400
2005-09-01,1.384812831878662,1.4120540916324917,1.379723293651684,1.4069645534055135,356367200
2005-09-02,1.383615493774414,1.4009786419845371,1.3806222816677072,1.3860101833641234,222378800
2005-09-06,1.4608489274978638,1.4632436170027288,1.3934943633024262,1.3979845809845433,818619200
2005-09-07,1.4572564363479614,1.4788105395309168,1.4345061875029312,1.4683330988965633,963074000
2005-09-08,1.490185260772705,1.5003634380995998,1.471026750181969,1.4773132332673051,702640400
2005-09-09,1.5359872579574585,1.5371850026062226,1.490485151581157,1.4988670659555803,615641600
2005-09-12,1.5386807918548584,1.5455665976939128,1.5141343773550966,1.5297004572331614,452796400
2005-09-13,1.5213185548782349,1.535388428664235,1.5063508974249984,1.5273056778116942,492884000
2005-09-14,1.48509681224823,1.5323943726010605,1.4806065950802063,1.528502577940031,474426400
2005-09-15,1.4928791522979736,1.5021596456552677,1.4767146529775363,1.4967709463070957,415156000
2005-09-16,1.5329935550689697,1.5329935550689697,1.495274952448902,1.5036568641422503,591004400
2005-09-19,1.5758010149002075,1.5832852434552367,1.52820349155863,1.52820349155863,783731200
2005-09-20,1.5922654867172241,1.610825577100638,1.5841828360908157,1.586278364010325,819828800
2005-09-21,1.5599344968795776,1.5880742382020983,1.5524511694162846,1.5853802882770338,434747600
2005-09-22,1.5536478757858276,1.5707117542724742,1.5362855355510354,1.5530493535657428,463727600
2005-09-23,1.5925647020339966,1.601545136034871,1.5518528883059903,1.559635478134867,558457200
2005-09-26,1.61172354221344,1.6332767467359681,1.5961574610719584,1.6174115042699846,546562800
2005-09-27,1.5997490882873535,1.6236978814627538,1.5994498270439392,1.6141182243041996,341703600
2005-09-28,1.5291016101837158,1.5898705099755157,1.5144332171607715,1.588672765905884,1125544000
2005-09-29,1.5668201446533203,1.5743035717662475,1.5210189008531587,1.5335917658382379,636846000
2005-09-30,1.6048386096954346,1.606035554735344,1.5530500282412252,1.5665214802965435,531633200
2005-10-03,1.6296850442886353,1.6326782561334454,1.6069339963727425,1.6213031318566105,507553200
2005-10-04,1.6090296506881714,1.6569264396582044,1.605736377990428,1.6449519926149818,539459200
2005-10-05,1.5799920558929443,1.6272904204660392,1.5790943720801152,1.6263918373706725,610769600
2005-10-06,1.5476621389389038,1.6012460884104502,1.522815662039443,1.5925649144541236,757537200
2005-10-07,1.5356879234313965,1.5545472798347513,1.5132361326154522,1.5482608943138305,677882800
2005-10-10,1.5078480243682861,1.553948644850622,1.505153274265792,1.5494575279068419,507505600
2005-10-11,1.5443683862686157,1.5527502963767568,1.5087452183488912,1.5335917874442204,1225884800
2005-10-12,1.4743198156356812,1.5057520268223394,1.4330086896801058,1.4563581524194684,2697486400
2005-10-13,1.6087300777435303,1.615016461382674,1.4749185556495696,1.4800072949758614,1865575600
2005-10-14,1.616512417793274,1.6269898554673738,1.5802908272226968,1.617411000610066,1035552000
2005-10-17,1.5997490882873535,1.6233987201396212,1.576998838889835,1.6159144912066572,616834400
2005-10-18,1.5629290342330933,1.615016779929883,1.5626297729762533,1.5940619971324883,609588000
2005-10-19,1.6446526050567627,1.6452511275223884,1.532993692721649,1.5587379525252403,1008683200
2005-10-20,1.6805752515792847,1.6913518540988712,1.626990401110181,1.6305828350973735,1357762000
2005-10-21,1.6662055253982544,1.7057204890755824,1.6572251924724586,1.7015294338962823,796726000
2005-10-24,1.7000328302383423,1.7000328302383423,1.6491428327799496,1.6539323114983884,609753200
2005-10-25,1.6793768405914307,1.701828521253325,1.6671040358731544,1.6883580724095926,465127600
2005-10-26,1.7072173357009888,1.7230824724887266,1.6739888579599778,1.6847654563100711,631593200
2005-10-27,1.6587225198745728,1.7066185040895714,1.6587225198745728,1.7060199816453712,411541200
2005-10-28,1.6305824518203735,1.689255928824665,1.6216021183654001,1.677581645213591,769787200
2005-10-31,1.723981499671936,1.735655783843102,1.638964441464258,1.6524358915355108,940844800
2005-11-01,1.721286416053772,1.7404457247283815,1.7024270679762084,1.713503827451934,749686000
2005-11-02,1.7946285009384155,1.7961255063401853,1.72428063796538,1.727873171152887,857060400
2005-11-03,1.851506233215332,1.8655752041643086,1.7982205628014731,1.8039086229159704,884382800
2005-11-04,1.8305515050888062,1.8332455550679552,1.784750257357099,1.8066026178029078,878035200
2005-11-07,1.8030105829238892,1.8461179876468294,1.8003165324991506,1.8215705739592116,638831200
2005-11-08,1.7931325435638428,1.8075016791038863,1.7691836512628427,1.7946287498109854,473765600
2005-11-09,1.7994182109832764,1.8323465258931362,1.7961250397634796,1.7961250397634796,552930000
2005-11-10,1.8314491510391235,1.8320476733684548,1.766489394335363,1.815283852293903,665344400
2005-11-11,1.8422261476516724,1.8592893334904537,1.8362389246622375,1.8422261476516724,425448800
2005-11-14,1.8395322561264038,1.8553975973337775,1.82336695425456,1.842226106730704,369933200
2005-11-15,1.8643790483474731,1.8883269433584686,1.8398316316188412,1.8440226881062662,536841200
2005-11-16,1.944306492805481,1.9475988662524353,1.8886261128792794,1.8904224797936753,784515200
2005-11-17,1.9314340353012085,1.9721459497157994,1.923351284835316,1.9634646768337138,676205600
2005-11-18,1.9326304197311401,1.9586748316924156,1.9269433590096112,1.9550822991676096,524960800
2005-11-21,1.9446055889129639,1.9514904961171853,1.9074854034875337,1.940414732388532,511711200
2005-11-22,1.991303563117981,1.998488426794561,1.9314331630476032,1.941011915467313,540282400
2005-11-23,2.0089662075042725,2.0350096191906673,1.9963934433078816,2.0020805037952276,485853200
2005-11-25,2.075723648071289,2.081710073428934,2.020641780168285,2.025432159466192,395012800
2005-11-28,2.085301637649536,2.1275103532395314,2.0676399324664585,2.1170329146959452,1018519600
2005-11-29,2.038602352142334,2.1044599898913887,2.0161504714213874,2.0951803961141664,891433200
2005-11-30,2.0302207469940186,2.061054542584224,2.0212403131009284,2.048481575420938,595674800
2005-12-01,2.143376350402832,2.147268044403844,2.059856408484121,2.0640474635621344,812893200
2005-12-02,2.1742100715637207,2.1775024437830797,2.1164343847675617,2.1634324736176045,895762000
2005-12-05,2.1499619483947754,2.171215983898371,2.140083033523968,2.1538536421317604,583671200
2005-12-06,2.2167186737060547,2.2400680431760653,2.1957637936659453,2.2131261401990163,857029600
2005-12-07,2.2137248516082764,2.228992470834716,2.1888790740040562,2.222106764371723,679464800
2005-12-08,2.217616558074951,2.22031140809027,2.173312104715949,2.191273774673446,790479200
2005-12-09,2.225099563598633,2.232882949633871,2.195762784987175,2.221507031741914,555402400
2005-12-12,2.2424631118774414,2.2556344035211104,2.231985671018288,2.2412660669071705,524994400
2005-12-13,2.244558572769165,2.2589277095941807,2.2215083613898376,2.2406668774222345,493816400
2005-12-14,2.155649185180664,2.194265551285212,2.1035615754201333,2.1712153561062757,1450716400
2005-12-15,2.160738706588745,2.18109506010905,2.1358921367264148,2.1757063608495053,561162000
2005-12-16,2.128709554672241,2.164332748531139,2.127212548393718,2.159543167770577,671171200
2005-12-19,2.1367909908294678,2.1733118497484543,2.1266129122215176,2.1287084401373835,529295200
2005-12-20,2.158643960952759,2.166726713009095,2.129008002775175,2.1442748238042957,479108000
2005-12-21,2.200253963470459,2.2035471357676215,2.171515694439222,2.173311861233742,475736800
2005-12-22,2.2158195972442627,2.2298895682725672,2.2032468313255236,2.2125272248230017,370610800
2005-12-23,2.195762872695923,2.2230041253860326,2.194265867788894,2.22031027594714,229857600
2005-12-27,2.2221062183380127,2.2505451222893997,2.2137243076342363,2.2152213129290885,590590000
2005-12-28,2.2023494243621826,2.2379725986736956,2.194865196438945,2.229291325938298,398115200
2005-12-29,2.1388869285583496,2.209834131276723,2.137988445312603,2.20863628684278,490025200
2005-12-30,2.1520581245422363,2.1682234266361915,2.1056581459700214,2.1227213316642306,624262800
2006-01-03,2.2376725673675537,2.2376725673675537,2.1628339076790066,2.1667256011164495,807234400
2006-01-04,2.2442591190338135,2.27449359512566,2.2301891453818765,2.249048497617206,619603600
2006-01-05,2.226597547531128,2.242163527084499,2.2077381958337687,2.2400679991535606,449422400
2006-01-06,2.2840726375579834,2.2960470805240116,2.2316856486246306,2.252640524134173,704457600
2006-01-09,2.2765884399414062,2.3110147640679437,2.2673088460457214,2.296944793403152,675040800
2006-01-10,2.420578718185425,2.451412517144873,2.2700034560942712,2.2825762247908643,2279869200
2006-01-11,2.511582612991333,2.5385237145920576,2.4723669062522338,2.50978644629237,1493794400
2006-01-12,2.523256540298462,2.5864203280614415,2.503200347532658,2.5436128935004336,1280809600
2006-01-13,2.5621728897094727,2.574745654207903,2.5325369449342516,2.5442112265960333,776305600
2006-01-17,2.53583025932312,2.5858225743640544,2.510684521141366,2.5654662151113543,835623600
2006-01-18,2.4693727493286133,2.5160726810580205,2.450214238527938,2.487035253997443,1200637200
2006-01-19,2.366095781326294,2.4445271906007764,2.35711554783439,2.432253585322893,1695848000
2006-01-20,2.2777857780456543,2.396030379976176,2.270002391746987,2.373280142145918,1134758800
2006-01-23,2.325085401535034,2.3816632626143805,2.275093086378754,2.2780860984953333,1059730000
2006-01-24,2.276289939880371,2.377472414901329,2.2682071884273305,2.3577143781755545,1142254400
2006-01-25,2.2212085723876953,2.3199953359618783,2.1927694681138563,2.3167027635875677,1275786400
2006-01-26,2.1652297973632812,2.2580301705558443,2.153256148736306,2.231088262101627,1181387200
2006-01-27,2.156248092651367,2.203246374478872,2.128408316815133,2.1837885074639654,953864800
2006-01-30,2.2451560497283936,2.2930528171054654,2.121522737511853,2.130503968426468,1398401200
2006-01-31,2.2604236602783203,2.285270226984216,2.2077375159799173,2.260124499077996,913542000
2006-02-01,2.257730007171631,2.2888629696274942,2.23438043521016,2.2436608314094286,521186400
2006-02-02,2.158344268798828,2.255933993443122,2.156847263390053,2.2481506044882464,707322000
2006-02-03,2.150860071182251,2.178999816418076,2.1266128198403935,2.162535154777761,692123600
2006-02-06,2.0146541595458984,2.1706183352463784,1.9978903333051474,2.1559500372458644,1651767600
2006-02-07,2.0236356258392334,2.0799145343781427,1.9960951937534577,2.0436920276401844,1388830800
2006-02-08,2.059856653213501,2.067939403252829,1.9757381789872672,2.0502768977708055,953114400
2006-02-09,1.944306492805481,2.072430079796213,1.9317335231292974,2.0685381846290243,1149764000
2006-02-10,2.0149548053741455,2.025731410666838,1.882939492052771,1.9511918584814767,1760477600
2006-02-13,1.937121033668518,1.9981901023251567,1.9350257056794058,1.9945975690623743,883498000
2006-02-14,2.024831533432007,2.038602141419613,1.9458026161106703,1.948795826861793,1160938800
2006-02-15,2.072129964828491,2.0841044076313064,1.998189778926115,2.010462583596497,1159771200
2006-02-16,2.1125428676605225,2.125714357291067,2.0799139043859483,2.0927860328957744,948175200
2006-02-17,2.104161262512207,2.1221229323707522,2.0838051030203157,2.104460623676516,575999200
2006-02-21,2.067939043045044,2.119427346873342,2.0559646006281262,2.113140964444954,779606800
2006-02-22,2.1349947452545166,2.1454721846066453,2.035608652048925,2.06554476402796,978238800
2006-02-23,2.1478657722473145,2.185285093669447,2.1382860214862154,2.1490636157932608,856917600
2006-02-24,2.139186382293701,2.18199363517362,2.1314027912232882,2.1595425442905283,534744000
2006-02-27,2.1251165866851807,2.158943605931098,2.114938504820622,2.155051710144401,791240800
2006-02-28,2.0502758026123047,2.16732353701867,2.038601524820117,2.142776938102374,1266980400
2006-03-01,2.068538188934326,2.0802134747790455,2.036208380581674,2.0607547982648957,763817600
2006-03-02,2.0838046073913574,2.095180528769925,2.055665663841915,2.0652452188213273,625273600
2006-03-03,2.027226448059082,2.0927857244725288,2.0215393869656966,2.077517909884903,737668400
2006-03-06,1.9601707458496094,2.027226013923998,1.9440062503773818,2.0263283305674484,912665600
2006-03-07,1.9850183725357056,2.0026808833438428,1.9481983434705363,1.9685539060606956,872877600
2006-03-08,1.9655596017837524,2.011660202207811,1.9562800091725905,1.9844189474045255,653251200
2006-03-09,1.9137717485427856,1.9898082768918925,1.910180014486819,1.9751399811311432,799304800
2006-03-10,1.8916196823120117,1.9305352234890347,1.86946696258523,1.9173637357649325,1043142800
2006-03-13,1.9661577939987183,1.9841192533355503,1.9395158652617597,1.947298451543467,861187600
2006-03-14,2.0152533054351807,2.0152533054351807,1.9607709748308249,1.9688535260681956,642020400
2006-03-15,1.9826234579086304,2.0368068302748696,1.9613694144391474,2.026927911701503,891996000
2006-03-16,1.925147294998169,2.002680014324747,1.9248479339252302,2.001183009119551,749638400
2006-03-17,1.9356253147125244,1.9619678980087703,1.9191606505908234,1.9383191654979512,812042000
2006-03-20,1.9155676364898682,1.9595727172070094,1.9119751035946857,1.9523886506192076,605441200
2006-03-21,1.8503087759017944,1.9260453431273172,1.8377360081394118,1.8503087759017944,1345366400
2006-03-22,1.8461167812347412,1.8934150111766102,1.834142343436377,1.8607850678569027,1345895600
2006-03-23,1.8009146451950073,1.853002472603432,1.7844507854113036,1.8506075840236187,1427826400
2006-03-24,1.7949286699295044,1.824265462813687,1.7670880832586575,1.8036099433519046,1071980000
2006-03-27,1.7814571857452393,1.8374367200027195,1.7781648127104008,1.8066029221094693,1108072000
2006-03-28,1.7575092315673828,1.8003164744062332,1.7437386195447155,1.7850496562505522,1370322800
2006-03-29,1.8658746480941772,1.871562709070487,1.7263761666813993,1.770081889890542,2346834000
2006-03-30,1.8784481287002563,1.8949127945450719,1.8419272620415998,1.880543657060216,1390650800
2006-03-31,1.877549648284912,1.9041923835920047,1.863180516895879,1.8934157848508535,815357200
2006-04-03,1.8754547834396362,1.9194598766752284,1.8742571389068643,1.9059894232502288,815791200
2006-04-04,1.8311495780944824,1.8625816855822095,1.8275570460426351,1.858989153530362,931924000
2006-04-05,2.011960744857788,2.011960744857788,1.9203580033459238,1.9371218332213418,2233408800
2006-04-06,2.1326003074645996,2.156847561822498,2.0415961150477204,2.044590126279537,2663768800
2006-04-07,2.089193105697632,2.131701177781724,2.0496782445752975,2.123319267822516,1545238800
2006-04-10,2.055665969848633,2.123319788397042,2.049080224660448,2.1041610752672817,903515200
2006-04-11,2.0353095531463623,2.074525061678611,2.0077689288032063,2.0652454662023176,939316000
2006-04-12,1.996992588043213,2.0406985192046774,1.9847189799969784,2.0359091401982776,739894400
2006-04-13,1.989808440208435,2.018845073460068,1.9700506039100265,1.9859167451799606,734678000
2006-04-17,1.9401143789291382,2.000883266256809,1.92634377220154,1.9910043527348364,721938000
2006-04-18,1.9823241233825684,1.9898083517914777,1.939516878855393,1.9470001080615562,794844400
2006-04-19,1.965260624885559,2.0056731695647674,1.959871726041606,2.0002852699232996,1086033200
2006-04-20,2.024533748626709,2.095480765377304,1.9817262893877086,2.080812463968661,1666982800
2006-04-21,2.006870985031128,2.0547677602559764,1.9898080024129021,2.0412965111982646,788986800
2006-04-24,1.968253254890442,2.0032780929866987,1.9607700290862127,2.001182565940201,707028000
2006-04-25,1.9808272123336792,1.993399981247273,1.9625671809584397,1.9745408278768821,529062800
2006-04-26,2.040099859237671,2.0439907547968392,1.9877128574162721,1.9951962865895736,710886400
2006-04-27,2.0763213634490967,2.0912888199082884,2.0161507776089778,2.0275268998354483,845947200
2006-04-28,2.1071550846099854,2.1343963485941058,2.071532108459031,2.0769200094110603,760037600
2006-05-01,2.0835061073303223,2.1415811841905987,2.0703348133119954,2.1185307701765805,750380400
2006-05-02,2.143974542617798,2.1547511400495942,2.0987724258337708,2.0999694702764597,771663200
2006-05-03,2.129605531692505,2.1538535767074496,2.1008680701660203,2.1502610442957892,686991200
2006-05-04,2.1293065547943115,2.1819927048485606,2.1092501622311497,2.132000404774896,860420400
2006-05-05,2.1520581245422363,2.1628347261508036,2.1299053996690223,2.1511602409419823,563911600
2006-05-08,2.1520581245422363,2.209234504882467,2.14696938472544,2.1849872511834656,594851600
2006-05-09,2.1263136863708496,2.1721149387957106,2.1140398803791567,2.149962415626849,531666800
2006-05-10,2.1134419441223145,2.135294310801573,2.0838051876520463,2.1340966662551315,459888800
2006-05-11,2.040099859237671,2.1206258097493533,2.022138190369769,2.119128804169809,812688800
2006-05-12,2.026627779006958,2.056263724082556,2.001482049914742,2.03111799499034,641774000
2006-05-15,2.0293216705322266,2.0469839713965134,2.0092652807770555,2.0167487070455823,529177600
2006-05-16,1.9452035427093506,2.043092617924383,1.9383186375180044,2.038602401543785,936740000
2006-05-17,1.9535855054855347,1.9667577931013533,1.917962335205767,1.9371208454075592,754194000
2006-05-18,1.8913207054138184,1.9835219375731594,1.8895245385846338,1.9661587917171632,658442400
2006-05-19,1.9311344623565674,1.942210222223503,1.8805428421282613,1.8937149288090493,985866000
2006-05-22,1.8973063230514526,1.915567144885788,1.8790463005789626,1.9119746129125799,718975600
2006-05-23,1.8904229402542114,1.951491036914273,1.8859327213165218,1.9416129149644759,694414000
2006-05-24,1.8961104154586792,1.9053902126841809,1.8428249229053215,1.8856331734710277,916031200
2006-05-25,1.925745964050293,1.9293384974126273,1.8946130063830124,1.9236506360031174,463372000
2006-05-26,1.9023966789245605,1.93263095501529,1.890123072027538,1.9251477258789613,432950000
2006-05-30,1.8326479196548462,1.8949130583268796,1.8326479196548462,1.8946136970909269,563402000
2006-05-31,1.7892405986785889,1.8497101444095077,1.756909798428133,1.8488116613925896,1280977600
2006-06-01,1.8610855340957642,1.864378906480711,1.7817566266139113,1.7916355447254082,942508000
2006-06-02,1.8458184003829956,1.8889250004629412,1.8224688337992774,1.8856326278414577,685787200
2006-06-05,1.7961257696151733,1.8305519028888182,1.7952280858279046,1.8305519028888182,605785600
2006-06-06,1.7877432107925415,1.814984466630492,1.7634959651146187,1.802710663666363,726037200
2006-06-07,1.7530192136764526,1.8081002691433514,1.7467328290530613,1.7991198338759717,750506400
2006-06-08,1.8188763856887817,1.8239649246124037,1.7108090324056207,1.7494262126907671,1397482800
2006-06-09,1.7733745574951172,1.8428245407317336,1.7691835016967523,1.8314494173720768,775838000
2006-06-12,1.7063192129135132,1.788043009567866,1.7051223678165859,1.7781648908266547,717785600
2006-06-13,1.7461334466934204,1.7691836560741483,1.71709601422116,1.7245800430855753,1080643200
2006-06-14,1.7245800495147705,1.7596049050496922,1.6970396225532802,1.7446372469461766,878136000
2006-06-15,1.7775651216506958,1.788341720824914,1.6988355558777246,1.7153000155588705,1190383600
2006-06-16,1.7230823040008545,1.7718777517447768,1.721885459413685,1.764992048439465,838101600
2006-06-19,1.7123061418533325,1.741642930447631,1.7063189197888697,1.7311654916753443,704575200
2006-06-20,1.7203888893127441,1.7467324665202155,1.7150001896214955,1.724579744911675,672974400
2006-06-21,1.7320642471313477,1.7575093453864297,1.715300422394836,1.7284719133275719,863296000
2006-06-22,1.7835527658462524,1.7886423050815266,1.7383508308836872,1.7422417264746557,965633200
2006-06-23,1.7611007690429688,1.8012151606616675,1.7581077572497654,1.7877437099043987,660203600
2006-06-26,1.7658909559249878,1.7721773391665596,1.7473307676183794,1.7712788561880777,466536000
2006-06-27,1.7191908359527588,1.7727756674725232,1.7182931524346199,1.7688839736096023,550611600
2006-06-28,1.6769821643829346,1.71529998210657,1.65872213810355,1.7150000215115873,850704400
2006-06-29,1.7652915716171265,1.768884104520041,1.6880588088616513,1.6991347694563632,873398400
2006-06-30,1.7144018411636353,1.728770975715973,1.6913516334300176,1.7239815972660986,739695600
2006-07-03,1.734757661819458,1.7416425660721282,1.7164968381837844,1.721885536754934,194770800
2006-07-05,1.7063192129135132,1.724280882192495,1.693147921630598,1.7108094303927015,518240800
2006-07-06,1.6694988012313843,1.718293259199402,1.664708524270442,1.7090136650865821,633208800
2006-07-07,1.6584224700927734,1.6928487019292742,1.6365699059192804,1.6608179587690208,799360800
2006-07-10,1.6464483737945557,1.6910518731475588,1.631480820269545,1.6674031485700664,529345600
2006-07-11,1.6659067869186401,1.6760849670558404,1.6323791343268574,1.6497414831384987,825022800
2006-07-12,1.58538019657135,1.6536325195924202,1.5841824525750663,1.6515369921802185,927329200
2006-07-13,1.5641257762908936,1.6201053099435434,1.5389800401983504,1.5575401310099033,1249906000
2006-07-14,1.5168282985687256,1.583285171572466,1.5015614802059833,1.5716099873876725,993036800
2006-07-17,1.5677183866500854,1.5898709121271373,1.5461650830803049,1.548559772463274,1024542400
2006-07-18,1.583584189414978,1.612022293825055,1.5521519745138117,1.5913667783664203,1000448400
2006-07-19,1.6195067167282104,1.6488435074743077,1.5674189800697231,1.585380547660297,1390743200
2006-07-20,1.811092495918274,1.843722449067238,1.7877431345395078,1.8248633033750474,1972146400
2006-07-21,1.8176789283752441,1.8305518574503443,1.7853491233592298,1.7907378238763387,891892400
2006-07-24,1.8386338949203491,1.8589900543007893,1.8089979391782618,1.8338443161581905,722856400
2006-07-25,1.853900671005249,1.8586900477489006,1.8194743527939448,1.849410455447663,589069600
2006-07-26,1.9119751453399658,1.9350255499296778,1.846416864225484,1.8559966190876096,898427600
2006-07-27,1.8979063034057617,1.9464016049890103,1.881740803196951,1.9308346271696246,735044800
2006-07-28,1.9634647369384766,1.9661587873357034,1.900899658078463,1.914070948608159,691507600
2006-07-31,2.034411668777466,2.054467863237186,1.9841200032745443,2.000584663903094,892841600
2006-08-01,2.0110623836517334,2.0335132702046477,1.9739422016543213,2.0122592286952194,711765600
2006-08-02,2.0403990745544434,2.0559650537652194,2.0209404014977435,2.0251312574268403,550768400
2006-08-03,2.0832056999206543,2.0954793026284726,2.029921033922611,2.032914244619286,841044400
2006-08-04,2.0445895195007324,2.053869113032304,1.9446049217855834,2.007170185584233,1852866400
2006-08-07,2.011960744857788,2.08350628315009,1.9850186327515473,2.0272275686821755,1245512800
2006-08-08,1.9392170906066895,2.008967251050449,1.9311353374042162,2.0083679291282857,997864000
2006-08-09,1.9035934209823608,1.9637638078120745,1.8979063589933343,1.9586752682300033,955838800
2006-08-10,1.917962908744812,1.940115436146295,1.8769518261131275,1.8934164911146227,697760000
2006-08-11,1.9053899049758911,1.9197590399605886,1.8733590621234752,1.8928169368443497,777529200
2006-08-14,1.9140702486038208,1.9523882603536797,1.9038929728525023,1.9173634197528375,717620400
2006-08-15,1.9892092943191528,1.9907063000723029,1.9398162979288132,1.9559808025817347,861352800
2006-08-16,2.0350098609924316,2.0377039108743484,1.9856168814720454,2.008667284971772,781284000
2006-08-17,2.023336172103882,2.0553668178916484,2.011062564050855,2.0356089807946445,581148400
2006-08-18,2.032914161682129,2.0475824522531503,2.0134562945427747,2.0269269411711237,536354000
2006-08-21,1.9925025701522827,2.0149544601607716,1.9802289608753745,2.0146542996004397,526226400
2006-08-22,2.024232864379883,2.0451877362037965,1.9907052293339957,1.9960939275614256,576968000
2006-08-23,2.0149548053741455,2.0550682135740166,2.003878039469696,2.035609532530462,536258800
2006-08-24,2.029921770095825,2.0412968941347076,1.9838211527637741,2.032316459425913,655191600
2006-08-25,2.05806040763855,2.0670406411497195,2.014953807965075,2.0158514915873056,543958800
2006-08-28,2.0050740242004395,2.0538684636853537,1.9960935947338323,2.05057609251925,738161200
2006-08-29,1.9901074171066284,2.013456985592066,1.9493949031800462,2.0053742351280848,947332400
2006-08-30,2.004476308822632,2.030220563378069,1.9960943980853567,2.0158514307995152,680142400
2006-08-31,2.0311176776885986,2.0445891228961948,1.9954945170795628,2.0140546997449364,574697200
2006-09-01,2.046985149383545,2.055067901888108,2.030221321647853,2.049978361741092,408494800
2006-09-05,2.139784336090088,2.1403828585486013,2.052073517682275,2.0646462862815795,1012457600
2006-09-06,2.096377372741699,2.1460705148144963,2.0864992560353874,2.1278094881426495,974103200
2006-09-07,2.1792986392974854,2.1996549923087363,2.102963764348932,2.113441202005656,1267957600
2006-09-08,2.1709177494049072,2.2023500771473077,2.1526569153110704,2.1963628529065105,895921600
2006-09-11,2.170318841934204,2.2071388622108823,2.1379880395850654,2.1682233140145026,949124400
2006-09-12,2.1742100715637207,2.198756480043471,2.138886065137854,2.1795979712545335,1684687200
2006-09-13,2.2212085723876953,2.2248009055389826,2.164331363042607,2.180795823638304,1146138000
2006-09-14,2.2203104496002197,2.235277901915112,2.199055416311678,2.2068390031070466,801729600
2006-09-15,2.2182154655456543,2.2445580441855606,2.193967415473355,2.2331829215258168,981853600
2006-09-18,2.2119290828704834,2.240965914134523,2.1942667757763448,2.2092344329546934,705278000
2006-09-19,2.208336353302002,2.2259978578675104,2.1792987278817995,2.2182152690580876,710049200
2006-09-20,2.2529404163360596,2.265513385689195,2.221807454044783,2.2265978323069464,822791200
2006-09-21,2.2346789836883545,2.2768886976453344,2.215819634651354,2.2526406491340967,794124800
2006-09-22,2.185286045074463,2.2253994328167126,2.1727132786981613,2.2242015887492625,665112000
2006-09-25,2.2676079273223877,2.2709010986142646,2.206839034875453,2.2095328845638145,858992400
2006-09-26,2.323288917541504,2.3283776573887955,2.278085983605039,2.2804808727948735,1102948000
2006-09-27,2.2873661518096924,2.3190976282880222,2.2697036474919763,2.3101163958219733,810373200
2006-09-28,2.3053274154663086,2.319397390474903,2.2735961306072103,2.305626776636704,723609600
2006-09-29,2.304429292678833,2.320593793598276,2.295448059596612,2.30832098715267,405812400
2006-10-02,2.2409660816192627,2.2712011590539407,2.224202056524331,2.24815094928932,712639200
2006-10-03,2.217616558074951,2.2436607796727572,2.1909746133480525,2.228693320896537,790708800
2006-10-04,2.256532669067383,2.258927358298665,2.190075896208029,2.218215642961435,829082800
2006-10-05,2.240067720413208,2.2798819467846254,2.2191130432329254,2.231087487062546,683883200
2006-10-06,2.2218070030212402,2.2463544142424343,2.209533397330907,2.2277942252314165,466958800
2006-10-09,2.234081745147705,2.247553000768165,2.201152408867804,2.20923516224008,438222400
2006-10-10,2.209533929824829,2.2325841413674854,2.187681362853366,2.2313872961585957,531588400
2006-10-11,2.192171573638916,2.214623462424558,2.173312218874044,2.1978596359314664,571855200
2006-10-12,2.2529404163360596,2.2568323114032505,2.2032474611066424,2.203547421799626,592855200
2006-10-13,2.245755672454834,2.301435035004928,2.237373762020016,2.264015699209254,684196800
2006-10-16,2.257131338119507,2.2715004736433446,2.2388705076011455,2.2508449537381408,508692800
2006-10-17,2.223902702331543,2.2532394939026634,2.216419273513185,2.2463545875109614,480925200
2006-10-18,2.2310879230499268,2.2562336604844235,2.212527731327598,2.237673468762095,1133907600
2006-10-19,2.364598512649536,2.3933367754111448,2.3397529429628574,2.372681261461519,1512977200
2006-10-20,2.393336772918701,2.3945346168668933,2.3550197554114556,2.3640001877344203,639413600
2006-10-23,2.438540458679199,2.451711750224497,2.387350299736024,2.3945353672718634,832507200
2006-10-24,2.426266670227051,2.445126022259922,2.400821572991754,2.4310560487590287,463212400
2006-10-25,2.44512677192688,2.4547055319276483,2.4250695695101836,2.435247651492974,485214800
2006-10-26,2.460392475128174,2.472666080134513,2.4286609985447107,2.451711203247744,432756800
2006-10-27,2.4071085453033447,2.4681766286494615,2.395134097838493,2.4472217452671274,594966400
2006-10-30,2.407407522201538,2.421776658217865,2.379867094504752,2.394535391844201,499917600
2006-10-31,2.4271652698516846,2.4451269449285356,2.4017201630146774,2.4382420358303194,501474400
2006-11-01,2.3696887493133545,2.436145726767633,2.3457400567223354,2.4277638142571387,611192400
2006-11-02,2.3642995357513428,2.3744776129861163,2.3499304032502746,2.362503369208645,465483200
2006-11-03,2.3436439037323,2.380764077581957,2.328676249634611,2.3756753389782084,431888800
2006-11-06,2.3861539363861084,2.396631379282433,2.3478358999316646,2.3634028832671286,434576800
2006-11-07,2.4101014137268066,2.4247699111547316,2.398726288836207,2.408305246714338,525932400
2006-11-08,2.4681763648986816,2.4753604330881633,2.3915413081969463,2.3954330032071542,690916800
2006-11-09,2.4948182106018066,2.5352307528974416,2.458296562554609,2.4816461246954247,923053600
2006-11-10,2.488232135772705,2.5026012688869623,2.4696729464159177,2.501105062892408,373864400
2006-11-13,2.5250532627105713,2.5280464741932596,2.4738639106941456,2.4912262559223084,450674000
2006-11-14,2.544511079788208,2.544511079788208,2.511582754008785,2.5385238571221675,588954800
2006-11-15,2.516072988510132,2.57145319982838,2.5145759829927607,2.5460081028439525,655323200
2006-11-16,2.5627713203430176,2.5834270339551537,2.5331353743164455,2.540618801408227,693940800
2006-11-17,2.569955825805664,2.572650675159172,2.544510732469802,2.5487017877639637,466424000
2006-11-20,2.588514804840088,2.6043809365547173,2.550496960122316,2.5564841796372706,570794000
2006-11-21,2.652278184890747,2.652278184890747,2.6076739907613096,2.6169543825694133,622666800
2006-11-22,2.703468084335327,2.716639372925327,2.6298270539126785,2.663953219362746,671941200
2006-11-24,2.742983341217041,2.786389906606196,2.6792212177679158,2.680118901495474,518677600
2006-11-27,2.680417776107788,2.788784297581711,2.6792209312125665,2.769326625170934,1074836000
2006-11-28,2.7483723163604736,2.7531616953378033,2.691494294312962,2.704965746630444,1036173600
2006-11-29,2.7480721473693848,2.7884857048351184,2.701672365801836,2.7839954871972052,1157083200
2006-11-30,2.7438807487487793,2.774415181888172,2.725919881745913,2.760345409742807,870486400
2006-12-01,2.733703374862671,2.7639376464778684,2.6971815210367223,2.7480715084096494,795079600
2006-12-04,2.7277157306671143,2.7555553090479155,2.7091555454521106,2.75046677073158,709536800
2006-12-05,2.7322070598602295,2.763938344811268,2.720232613009709,2.7435821848465194,662838400
2006-12-06,2.6891000270843506,2.735799776815736,2.684310647354961,2.7133480855098253,638184400
2006-12-07,2.605578660964966,2.7091555872081283,2.60138760621042,2.6950858175155004,1004827600
2006-12-08,2.6421008110046387,2.675927817149142,2.604382110421322,2.6112670162858604,784277200
2006-12-11,2.6567699909210205,2.673234657653428,2.635815305713528,2.6612602092366995,499780400
2006-12-12,2.5786385536193848,2.6594638771773282,2.560377720756022,2.6525789694455297,1026620000
2006-12-13,2.6657490730285645,2.6663475953046847,2.6088718708337795,2.6328199561363284,857052000
2006-12-14,2.6507816314697266,2.6941883888688936,2.6421005597666056,2.6657492858992926,832330800
2006-12-15,2.6259353160858154,2.6708388798351423,2.6142608331569295,2.6648516580656936,739939200
2006-12-18,2.5585803985595703,2.634316947346424,2.532236825408313,2.623240987928604,721576800
2006-12-19,2.583726644515991,2.5948026061488654,2.5032007023983485,2.536428387456439,911405600
2006-12-20,2.5373260974884033,2.594502454614562,2.5367275752780896,2.588515234106716,567691600
2006-12-21,2.48164701461792,2.5588803938632303,2.4606921334977834,2.535531023189779,903599200
2006-12-22,2.4606916904449463,2.515773533397529,2.4427308237828522,2.498410389733636,613303600
2006-12-26,2.440035343170166,2.471767609005495,2.4214759604687472,2.459194646911195,490688800
2006-12-27,2.4403367042541504,2.45470504122363,2.2981433458313387,2.339453588602211,1935754800
2006-12-28,2.420877695083618,2.4322536168888345,2.38435683939801,2.401419822823478,1119876800
2006-12-29,2.539721965789795,2.556485791319188,2.4954177124910877,2.5130792218327738,1076429200
2007-01-03,2.508587598800659,2.5918083571763906,2.451710408299377,2.5831270881107953,1238319600
2007-01-04,2.5642690658569336,2.5729501388771787,2.5091872178942918,2.5160729235109027,847260400
2007-01-05,2.5460071563720703,2.5804326749387703,2.526549489168835,2.5675605505843264,834741600
2007-01-08,2.5585803985595703,2.5903118712103925,2.5528923386413145,2.5732486906580836,797106800
2007-01-09,2.7711212635040283,2.783394865707112,2.5490003786300095,2.5879169122578993,3349298400
2007-01-10,2.903737783432007,2.9276856826262736,2.7974667450406536,2.83638310541445,2952880000
2007-01-11,2.867814779281616,2.8971515756326123,2.846860096037113,2.8720058358348624,1440252800
2007-01-12,2.8324904441833496,2.8456617342915997,2.7908800467602415,2.8315917612778767,1312690400
2007-01-16,2.9067294597625732,2.9112196763069624,2.857336678093265,2.864221583535754,1244076400
2007-01-17,2.8423690795898438,2.9216979943765735,2.838478183580166,2.9205011491684605,1646260000
2007-01-18,2.6663479804992676,2.75735215664744,2.665749458136682,2.7570527955458863,2364605600
2007-01-19,2.6492843627929688,2.683710683983705,2.6379092423215087,2.6531762563152483,1364473600
2007-01-22,2.5980961322784424,2.66904332769423,2.5639699595396097,2.668444005857787,1454026000
2007-01-23,2.5654659271240234,2.619649092525951,2.55977886502509,2.566364410193698,1207424400
2007-01-24,2.5954017639160156,2.608872213949454,2.5768415757004925,2.5948024421991023,927813600
2007-01-25,2.58193039894104,2.6492848495520476,2.575344654417716,2.607674654819442,905973600
2007-01-26,2.555887222290039,2.6154584942110235,2.544212137088164,2.6076751040764403,986874000
2007-01-29,2.572650671005249,2.5939047090126315,2.5603768662350226,2.583427270634661,901664400
2007-01-30,2.560976028442383,2.589115778276563,2.551995593120935,2.587319611276047,577970400
2007-01-31,2.56636381149292,2.574446560104661,2.525052784617108,2.5403195991400263,856069200
2007-02-01,2.5367281436920166,2.582528592275471,2.5367281436920166,2.581331747427133,664342000
2007-02-02,2.53702712059021,2.5519945734256297,2.5055948101622265,2.518167774301517,621530000
2007-02-05,2.512779951095581,2.5513971399500477,2.512779951095581,2.52355655286626,578852400
2007-02-06,2.519066333770752,2.5286460904510117,2.4804499443040213,2.5280467686268655,864393600
2007-02-07,2.5789365768432617,2.5858214810031304,2.501104505902586,2.528944282940531,1066825200
2007-02-08,2.5798346996307373,2.589713615519568,2.5567844954116707,2.5573828179057263,679030800
2007-02-09,2.4927237033843994,2.5804339281092306,2.490927536367631,2.5708549702081656,860540800
2007-02-12,2.5409200191497803,2.549900455141608,2.50350047003407,2.527448565799718,724071600
2007-02-13,2.5355305671691895,2.5531920727344133,2.523556123150676,2.5493011777904804,580986000
2007-02-14,2.553492307662964,2.563669786809923,2.5316389449815992,2.5334353116178705,507981600
2007-02-15,2.550797700881958,2.563071307686247,2.537925571642857,2.5576834067296645,363661200
2007-02-16,2.5394227504730225,2.556785098121643,2.534333211104057,2.551995519432465,399868000
2007-02-20,2.5714528560638428,2.579236244542822,2.5193650246763406,2.5340335185077447,617702400
2007-02-21,2.6702394485473633,2.678920520075758,2.57324885794904,2.573847380260908,1155313600
2007-02-22,2.67952036857605,2.718435917248015,2.6501837767038734,2.7181367559535143,838224800
2007-02-23,2.6663479804992676,2.7043666405560747,2.6597622361056064,2.6690428299348166,517893600
2007-02-26,2.6495842933654785,2.694188700086452,2.6226429918973726,2.689398322696181,615848800
2007-02-27,2.5124807357788086,2.6067773057092145,2.496914754362709,2.5834279339039323,1145813200
2007-02-28,2.532836675643921,2.5624726270826677,2.4846407344957906,2.4846407344957906,919475200
2007-03-01,2.606178045272827,2.6435973785478195,2.5070911327740855,2.515473042644272,1415528800
2007-03-02,2.5567851066589355,2.6205480343461796,2.5507978834767715,2.597497624775969,860000400
2007-03-05,2.5840260982513428,2.6537754477469147,2.5672622735058788,2.571154168302602,838899600
2007-03-06,2.640004873275757,2.643597405886553,2.616356148566607,2.628329791772284,723186800
2007-03-07,2.6259353160858154,2.6633546527828185,2.6178525666970596,2.635814232005406,626284400
2007-03-08,2.634316921234131,2.6558701177426793,2.61815142433125,2.651979223405797,511011200
2007-03-09,2.6334197521209717,2.6597623309539618,2.6163565684049694,2.6582661249144026,451836000
2007-03-12,2.6902966499328613,2.6938891829668568,2.6340179622782127,2.636412651233342,729408400
2007-03-13,2.6462926864624023,2.7121501528110876,2.6462926864624023,2.6765269689652857,867890800
2007-03-14,2.6941888332366943,2.6941888332366943,2.6319229169098484,2.652279074176681,796586000
2007-03-15,2.681316375732422,2.704965102868078,2.673532787424299,2.6929906590717616,559498800
2007-03-16,2.681914806365967,2.6938892506450483,2.673832256318112,2.6804178009905564,571704000
2007-03-19,2.7280149459838867,2.7405879104626227,2.681914342682509,2.701372211750316,712961200
2007-03-20,2.738492012023926,2.7492686088706773,2.725919049248764,2.734600318833375,488916400
2007-03-21,2.8100383281707764,2.813930022513873,2.743581562118477,2.7537596397906685,686896000
2007-03-22,2.812732458114624,2.8247067027466595,2.783994990423641,2.8058475522239568,561492400
2007-03-23,2.799560785293579,2.8160254455231497,2.7929752409465753,2.7944722462480076,450884000
2007-03-26,2.8693103790283203,2.8708073844642654,2.792975491908188,2.8136310094438035,864987200
2007-03-27,2.857635974884033,2.898647047594391,2.8438653639838467,2.8651194030256026,932052800
2007-03-28,2.7911791801452637,2.855839984093172,2.788485329701708,2.8402730057547694,942337200
2007-03-29,2.806445837020874,2.8196181254445896,2.76094474720186,2.8196181254445896,725723600
2007-03-30,2.781299591064453,2.8342858978591745,2.77651021390329,2.8223114557538214,600558000
2007-04-02,2.8034539222717285,2.8214145965631983,2.784594564783722,2.8181222226110205,501992400
2007-04-03,2.8288984298706055,2.850750996858551,2.806745902178052,2.818121826968073,583934400
2007-04-04,2.8220131397247314,2.8480565599013428,2.817822083732651,2.8420693370555137,476784000
2007-04-05,2.834285020828247,2.834285020828247,2.7995595491490253,2.8175212067490647,355516000
2007-04-09,2.8034539222717285,2.85284672581614,2.7851928875523297,2.850152874473175,413341600
2007-04-10,2.821413278579712,2.8217134390268206,2.796267546955712,2.8040509351674245,352466800
2007-04-11,2.7717208862304688,2.8124325912321435,2.763937298882526,2.8109355861017566,549018400
2007-04-12,2.759747266769409,2.763339800376813,2.7157421773282353,2.7552570494013966,656675600
2007-04-13,2.7013731002807617,2.736098594427107,2.6959851990361017,2.7211309364239704,719941600
2007-04-16,2.736995220184326,2.7390907474500663,2.7016712172261417,2.7112509702814336,609033600
2007-04-17,2.7046666145324707,2.7630408478329853,2.685208137084469,2.75405961240659,751920400
2007-04-18,2.706162214279175,2.7196336647174664,2.682214323530296,2.6989781468153167,464044000
2007-04-19,2.7022714614868164,2.7316082537024946,2.6890993714784925,2.6998759728437602,425913600
2007-04-20,2.7232260704040527,2.7295124538811377,2.7106531036093555,2.72083058199957,522779600
2007-04-23,2.799262523651123,2.8079435984332792,2.736697434161632,2.7417859748425264,780290000
2007-04-24,2.7911791801452637,2.885475936101958,2.733104320946452,2.8127325816206956,1055252800
2007-04-25,2.854342222213745,2.855839427227672,2.8079424559359105,2.82081458211811,1187144000
2007-04-26,2.958817481994629,3.068380851105393,2.9426521818039526,3.040840428192122,1737778000
2007-04-27,2.991147041320801,2.9920455242042965,2.924391721513958,2.939060014140423,699403600
2007-04-30,2.9875552654266357,3.02347759381176,2.983663571604645,2.9962363365793148,616509600
2007-05-01,2.9776771068573,3.0040206872739734,2.95013668140512,2.9812696403692858,532523600
2007-05-02,3.0052170753479004,3.0097072919138874,2.97767665408341,2.983065353611731,505145200
2007-05-03,3.00551700592041,3.0369491273595597,2.993842520572994,3.0153959238865538,576077600
2007-05-04,3.0177900791168213,3.04143880645755,3.0085104846157584,3.0174907180193173,381987200
2007-05-07,3.110889196395874,3.1237611216451024,3.0237767321368008,3.025872059584568,861557200
2007-05-08,3.145015001296997,3.147709050694561,3.095920592321348,3.0974175972940614,783997200
2007-05-09,3.1994991302490234,3.2018938198335243,3.139927255003175,3.1405265768811623,717757600
2007-05-10,3.213268995285034,3.2581725731850244,3.1707609063692637,3.192014950827149,1197257600
2007-05-11,3.255178689956665,3.2668539763869906,3.196505294697436,3.225243569698709,653696400
2007-05-14,3.273738145828247,3.292896658440476,3.2405096602427252,3.2815215351326215,651946400
2007-05-15,3.218656301498413,3.298883065317036,3.1875233515003076,3.280023718654427,954514400
2007-05-16,3.213268995285034,3.2578734118427892,3.095922209391008,3.2488921766772934,1126767600
2007-05-17,3.276132345199585,3.2890052714209967,3.2075808555905265,3.2075808555905265,735291200
2007-05-18,3.2934961318969727,3.3120561229503314,3.2860119035344675,3.299782516014869,621345200
2007-05-21,3.3521695137023926,3.3662384881086655,3.2943938127659984,3.3021772024220475,639892400
2007-05-22,3.3988680839538574,3.4051546672246817,3.3530670334524366,3.36743596696184,572409600
2007-05-23,3.379410743713379,3.4425743450188304,3.3704295099048247,3.4132377528979703,911374800
2007-05-24,3.313552141189575,3.4264086869723855,3.3039733845869654,3.377016099934477,887362000
2007-05-25,3.4012632369995117,3.4060526154206086,3.3378002758699563,3.3527679327581863,632959600
2007-05-29,3.4231157302856445,3.4383823447471995,3.373422594457333,3.426108941158294,645694000
2007-05-30,3.5554299354553223,3.558722507213074,3.3985683476852784,3.4216183483943476,1478444800
2007-05-31,3.627875328063965,3.6572119269400263,3.578482327713794,3.5943476722966996,1297066400
2007-06-01,3.544353723526001,3.6278738678009677,3.541061550941847,3.6251796180268046,885262000
2007-06-04,3.632066011428833,3.644040459775645,3.5293875149420373,3.5512408831749696,886673200
2007-06-05,3.672177791595459,3.6727769133966532,3.6072180402770524,3.6344590973844526,920785600
2007-06-06,3.701215982437134,3.7134897891093197,3.6506255487810315,3.6611027889420487,1112241200
2007-06-07,3.7140886783599854,3.8200605390970326,3.687746093209752,3.74163030697091,1915079600
2007-06-08,3.72666072845459,3.76677471538021,3.6608028864812328,3.7664745549240637,1241682400
2007-06-11,3.5979390144348145,3.776353847816259,3.578481340740314,3.771863830638106,1874258400
2007-06-12,3.603626251220703,3.643440474443219,3.541659708346448,3.5727924604791057,1426566400
2007-06-13,3.517413854598999,3.6278753424733288,3.4545495997059854,3.6266782973236995,1721353200
2007-06-14,3.5548312664031982,3.575785742501644,3.4850817339516835,3.508431098674183,973266000
2007-06-15,3.607218027114868,3.6123071651180503,3.588059319019169,3.6108103598229966,811218800
2007-06-18,3.744623899459839,3.7473177507084645,3.668288788187576,3.6904403190114023,910604800
2007-06-19,3.701815366744995,3.7422279198791895,3.679363681883057,3.732648363807503,943026000
2007-06-20,3.638650894165039,3.731750604116628,3.6371544882403875,3.7081018749083703,897512000
2007-06-21,3.7089996337890625,3.7206747177503963,3.6138051934215776,3.6431417845263634,867045200
2007-06-22,3.6820576190948486,3.7254641842051632,3.6634976284497682,3.707502516147582,631876000
2007-06-25,3.662299156188965,3.7446214376284717,3.6239813456151584,3.7176793457240405,965403600
2007-06-26,3.581773042678833,3.7119923167028754,3.5539332611751724,3.7113935945337206,1345005200
2007-06-27,3.6488282680511475,3.6533186842473873,3.570098702163169,3.6105112488862807,974696800
2007-06-28,3.609015941619873,3.6667914549515372,3.5922521138761234,3.662899759299321,838143600
2007-06-29,3.653320074081421,3.711993668990459,3.624881959729558,3.6512245457259733,1137841600
2007-07-02,3.629969596862793,3.65481576901919,3.571296019789983,3.623683013707513,994862400
2007-07-03,3.8068904876708984,3.8137753971054345,3.637156247034528,3.65212391064848,1162481600
2007-07-05,3.973928213119507,3.980514558223531,3.8523899820379874,3.8556833544305573,1453051600
2007-07-06,3.960456609725952,3.9915897643216685,3.903579599675268,3.9853031812465542,874694800
2007-07-09,3.901484489440918,3.978418701344136,3.8670583590746537,3.9628519225401186,995820000
2007-07-10,3.961953639984131,4.026314274982681,3.8559818140873996,3.8580773416865886,1255007600
2007-07-11,3.963149309158325,4.002365202034964,3.9308195189169988,3.953570556139699,821772000
2007-07-12,4.013443470001221,4.018532610132744,3.96315159041671,4.0068575239486615,704608800
2007-07-13,4.123006820678711,4.126598354791392,4.026913898632497,4.042180916219432,907606000
2007-07-16,4.1340837478637695,4.190362453067365,4.116122076295549,4.142764822773911,936112800
2007-07-17,4.158329486846924,4.178985002919427,4.116120771089324,4.140069658919518,709959600
2007-07-18,4.134681224822998,4.144260781033227,4.072415308499765,4.136776752743986,756856800
2007-07-19,4.19096040725708,4.215208661742008,4.180483166111389,4.199940842570368,732891600
2007-07-20,4.303218364715576,4.31609049494817,4.190960327508266,4.240354119675401,1167773600
2007-07-23,4.301721096038818,4.347223188219654,4.218799662148601,4.290046012024497,1036490000
2007-07-24,4.037988662719727,4.22089385806638,4.015835946196079,4.157430917560285,1795292800
2007-07-25,4.1089372634887695,4.141866590657469,4.041283241594514,4.111631114186278,1496182800
2007-07-26,4.370572090148926,4.445410365894566,4.099956053716135,4.367877440598459,2186629200
2007-07-27,4.306210994720459,4.457983485598058,4.3041158665592185,4.376259498472293,1161098400
2007-07-30,4.233767032623291,4.35410780008586,4.1780874651980175,4.320580155314942,1106988400
2007-07-31,3.9442903995513916,4.295133914642371,3.93710613488361,4.279866103220438,1762392800
2007-08-01,4.04128360748291,4.0526589326525375,3.8248498706305214,4.000571286326641,1750156800
2007-08-02,4.085887432098389,4.099957408287276,4.015838111392968,4.090676811545351,852644800
2007-08-03,3.9469854831695557,4.0697203151999135,3.9365078465067884,4.049064802602858,679187600
2007-08-06,4.048767566680908,4.0493658894090006,3.8407163256323917,3.9784196819971274,925170400
2007-08-07,4.04218053817749,4.108338141108297,3.9703354741245307,4.039486288323349,949936400
2007-08-08,4.011646747589111,4.096963083053845,3.9514771503034107,4.093969871009043,808096800
2007-08-09,3.7835378646850586,3.981410716539929,3.7446217287316514,3.9248326788551413,1125395600
2007-08-10,3.741929292678833,3.8242516204108696,3.6012331324100595,3.68565058876263,1410749200
2007-08-13,3.8254480361938477,3.872147164719332,3.786830857308591,3.8413133737621594,752911600
2007-08-14,3.712890148162842,3.84071411140087,3.70331019545627,3.84041515004977,739006800
2007-08-15,3.5892579555511475,3.737737876161353,3.5817735277421088,3.6742741169983684,992852000
2007-08-16,3.5039405822753906,3.547347133031496,3.3413917367593347,3.5027435378151592,1866690000
2007-08-17,3.653919219970703,3.6970260330917255,3.5868639108838893,3.652422413992768,1195062400
2007-08-20,3.658705949783325,3.726959053904744,3.607217060474131,3.7107939607309786,803317200
2007-08-21,3.8188626766204834,3.8604730816400776,3.622187575504904,3.658409479237634,1303047200
2007-08-22,3.9667439460754395,3.973928214130233,3.9014848128653967,3.9281275560382762,1061765600
2007-08-23,3.9236350059509277,3.991589165830937,3.884420306610098,3.9841047398017224,866838000
2007-08-24,4.050263404846191,4.052358932777899,3.8859177399034515,3.9074717414867313,911834000
2007-08-27,3.9589614868164062,4.031106343249729,3.9544710684257245,3.993088266904377,707439600
2007-08-28,3.7964107990264893,3.963750059424732,3.7907229380371765,3.921241182238285,1179365600
2007-08-29,4.0137410163879395,4.0167350268555735,3.8778350834854587,3.888012161116933,1166860800
2007-08-30,4.078701019287109,4.1385720337434275,3.9604561953929536,3.9715321552093283,1435582400
2007-08-31,4.1454572677612305,4.180482115758278,4.113426430357868,4.175692338298028,876887200
2007-09-04,4.315491199493408,4.362490100485249,4.186170780362533,4.189163992168946,1316842800
2007-09-05,4.09397029876709,4.365783477303452,4.07421245931149,4.339739851928886,2328222400
2007-09-06,4.0415825843811035,4.118217040841391,3.972731118187017,4.0580474477311865,1901261600
2007-09-07,3.9445905685424805,3.960456707170048,3.8916052514727264,3.9517756347718627,1430576000
2007-09-10,4.092471599578857,4.132285422232597,4.009849943936495,4.100853309728752,1487838800
2007-09-11,4.0559515953063965,4.140070073835064,4.003863558417569,4.128095628719896,971885600
2007-09-12,4.096662521362305,4.172997599598236,4.063733601388998,4.070918267425801,1022770000
2007-09-13,4.107141017913818,4.161024825410972,4.090676154804231,4.155935286223268,656163200
2007-09-14,4.155337810516357,4.160426551378998,4.0772065335141265,4.088282498545975,607320000
2007-09-17,4.143361568450928,4.20862068491884,4.119114520106127,4.16072491070595,793371600
2007-09-18,4.218499660491943,4.2762755501716745,4.125999483894602,4.162820497437094,1064089600
2007-09-19,4.214010238647461,4.285555549204719,4.172998164153302,4.28136489313066,1026880400
2007-09-20,4.2002387046813965,4.244543741827029,4.170602759139078,4.195448927727167,691840800
2007-09-21,4.31519079208374,4.330158446211174,4.2002389366019655,4.225085106561962,1138880400
2007-09-24,4.438823699951172,4.485822984794076,4.390029447863646,4.392423936566056,1052161600
2007-09-25,4.585509777069092,4.586707621558526,4.395120049368062,4.395719571134546,1192550800
2007-09-26,4.573235034942627,4.639991370342542,4.527733740234873,4.624126029231686,975268000
2007-09-27,4.625022888183594,4.625621210677799,4.559763769807575,4.603170328149733,658198800
2007-09-28,4.594189167022705,4.628016970447354,4.572635967742514,4.593291483426976,615101200
2007-10-01,4.680103778839111,4.712135415551075,4.578024444655103,4.628914631042239,837068400
2007-10-02,4.7432684898376465,4.7474595453913,4.66663364415219,4.686390678114448,792069600
2007-10-03,4.727400779724121,4.765119467808453,4.700159727041505,4.723210125244358,692518400
2007-10-04,4.677109718322754,4.732190550297771,4.595086792752086,4.729796061687473,656958400
2007-10-05,4.83307409286499,4.836965787362024,4.7208168721298325,4.740873267483188,943471200
2007-10-08,5.026458263397217,5.026458263397217,4.878576655941569,4.8941438351198645,835928800
2007-10-09,5.024961471557617,5.122251453335603,4.989637652999746,5.095009986654596,1104286400
2007-10-10,4.992931842803955,5.025561016502254,4.957308657246302,5.015682895676738,667590000
2007-10-11,4.856423854827881,5.1452996891474525,4.586406168914157,5.073754392885302,1643992000
2007-10-12,5.00670051574707,5.007598998876468,4.843552286437421,4.879774585837403,988176000
2007-10-15,4.998615264892578,5.0761477654153415,4.894440434756611,5.0285513648645095,1077930000
2007-10-16,5.076449394226074,5.0944102600429035,4.9438348310748506,4.955510313122143,1067830400
2007-10-17,5.17134428024292,5.1800253517624215,5.064474774239926,5.169548113787642,1127613200
2007-10-18,5.193797588348389,5.214452310011702,5.120456100186735,5.133926553459281,823676000
2007-10-19,5.101596355438232,5.227624200764382,5.089023187275408,5.2159491160417595,1291780000
2007-10-22,5.219540119171143,5.23570561697366,5.08782444563568,5.099499527381943,1649499600
2007-10-23,5.572778224945068,5.645820733117243,5.470998250807609,5.644623688422927,1795164000
2007-10-24,5.565894603729248,5.604211633538508,5.365627181596275,5.562302269774314,1288481600
2007-10-25,5.471596717834473,5.564995782854518,5.438069073801199,5.534161989055899,973602000
2007-10-26,5.529074192047119,5.549130589919095,5.474591661290093,5.5467357006971,706876800
2007-10-29,5.540748596191406,5.585652370383436,5.529074310346628,5.551525198239842,540554000
2007-10-30,5.597926139831543,5.668873145475016,5.529972746186727,5.5733793208049045,939414000
2007-10-31,5.686234951019287,5.691323690711995,5.536557578650328,5.616783965986056,833310800
2007-11-01,5.6110968589782715,5.690725322762329,5.388376969037583,5.645821551855964,805036400
2007-11-02,5.623968124389648,5.67096661667588,5.4928507641807895,5.66408171125771,1002114400
2007-11-05,5.57337760925293,5.65659759917217,5.51530275335696,5.546734870327888,804176800
2007-11-06,5.741314888000488,5.747601070813398,5.546135866109077,5.599420538047757,954727200
2007-11-07,5.576969623565674,5.767958416061471,5.57188088433822,5.705991465184652,994327600
2007-11-08,5.2527689933776855,5.594930715951078,5.022266156449477,5.588045810756806,1890378000
2007-11-09,4.950420379638672,5.242291020590558,4.945630602640144,5.123447476581543,1526380800
2007-11-12,4.602870464324951,5.020170182537442,4.5091724525404455,4.94772600629017,1769065200
2007-11-13,5.087824821472168,5.118359253229271,4.602871042641263,4.815113261073175,1739446800
2007-11-14,4.972574234008789,5.315634523519717,4.9016272390350375,5.303361115852195,1449168000
2007-11-15,4.918391704559326,5.076750578646753,4.798650024794972,4.980956995026569,1487410400
2007-11-16,4.980955600738525,4.99981495098955,4.769611453227882,4.948325639425983,1383494000
2007-11-19,4.907913684844971,5.0351393742974295,4.852533471485305,4.972275132277753,1154428800
2007-11-20,5.05459451675415,5.14260465129127,4.895338063797413,4.959400517665233,1543642800
2007-11-21,5.042922496795654,5.159370779124066,4.929466626729319,4.964491079639435,1217809600
2007-11-23,5.135122299194336,5.150388913245689,5.081537471086086,5.1488921080090915,465757600
2007-11-26,5.165057182312012,5.306650949308894,5.159368923196995,5.196489290348989,1305754800
2007-11-27,5.233011722564697,5.262348312335607,5.089321985165109,5.245285128541333,1317030400
2007-11-28,5.394962787628174,5.406337710372212,5.249176725772077,5.293182009294263,1150912000
2007-11-29,5.516799449920654,5.5431420259468345,5.362930652397057,5.3713127626463555,1050926800
2007-11-30,5.454833984375,5.618879904057153,5.379396970086577,5.608103301924843,1187802000
2007-12-03,5.354249000549316,5.512308436388853,5.319524318036686,5.444055316512247,961469600
2007-12-04,5.382689476013184,5.415318640741618,5.298271234520845,5.303061412370257,773799600
2007-12-05,5.553023815155029,5.567991477236027,5.4605235915518415,5.47489253116235,892402000
2007-12-06,5.686234951019287,5.690725368113818,5.571582032625485,5.573677560602932,899810800
2007-12-07,5.816452503204346,5.837108015958413,5.629056083168823,5.703894746890729,1066066400
2007-12-10,5.813758850097656,5.857165413374844,5.768257558331055,5.795199659598534,722377600
2007-12-11,5.6440253257751465,5.892190510095453,5.60959999439614,5.829924593244525,1110925200
2007-12-12,5.713475704193115,5.821841225809903,5.560804739422623,5.790708070842398,1225660800
2007-12-13,5.7425127029418945,5.751194975135909,5.622472086405395,5.693419075996485,864617600
2007-12-14,5.699406147003174,5.783524624488994,5.673961250811048,5.698807824435912,674312800
2007-12-17,5.520092487335205,5.767059821770041,5.477584406310888,5.709285122618829,1024693600
2007-12-18,5.477586269378662,5.607805606249837,5.346468848820317,5.583558146058671,1222603200
2007-12-19,5.481775760650635,5.52727785510661,5.415318785827916,5.477584704641067,827478400
2007-12-20,5.604211330413818,5.622771321829302,5.4880624029356175,5.5509266450222245,774057200
2007-12-21,5.804777145385742,5.804777145385742,5.684437198274813,5.691322102884508,993960800
2007-12-24,5.951162338256836,5.967028476454171,5.831121735381911,5.838305602373344,480202800
2007-12-26,5.955653667449951,6.01582405833878,5.89189134251493,5.957449834313596,703732400
2007-12-27,5.944276809692383,6.075692720839613,5.921226806919371,5.955652130545545,795527600
2007-12-28,5.981994152069092,6.0337820061717915,5.893684655769774,6.004745188311889,699647200
2007-12-31,5.929609298706055,6.002052687988651,5.919730382203167,5.972117376735938,539333200
2008-01-02,5.832618713378906,5.994869258115942,5.764067408586265,5.9652333038316545,1079178800
2008-01-03,5.8353142738342285,5.908955528993859,5.768258964956934,5.8496836111775075,842066400
2008-01-04,5.389873504638672,5.777537364967303,5.355148813501024,5.731137590061953,1455832000
2008-01-07,5.317729949951172,5.496145198016964,5.0959081346248665,5.425796527016556,2072193200
2008-01-08,5.126442909240723,5.462019611375613,5.11297205527531,5.392568614160032,1523816000
2008-01-09,5.370416641235352,5.373409853228324,5.038132939670166,5.127939291487631,1813882000
2008-01-10,5.329104900360107,5.418312518139444,5.250973644321829,5.315933410403172,1482975200
2008-01-11,5.16955041885376,5.3240176054354365,5.089024251941119,5.268636581065704,1232285600
2008-01-14,5.351857662200928,5.371015981181595,5.243790258703016,5.314138947325399,1100450400
2008-01-15,5.060283660888672,5.365025614615015,4.929165919605948,5.320123056020906,2343278000
2008-01-16,4.778891563415527,5.059385724314025,4.690881397022193,4.946230024483193,2213845200
2008-01-17,4.816310882568359,4.950122520292132,4.742370676127354,4.834871274068307,1757859600
2008-01-18,4.830380439758301,4.961797176910935,4.777993441509891,4.840857679535552,1724343600
2008-01-22,4.659149169921875,4.789069093013455,4.37057225609781,4.432239045615405,2434754000
2008-01-23,4.163121700286865,4.190961496643899,3.7760564043996494,4.076907660335868,3372969600
2008-01-24,4.059244155883789,4.211915148228943,3.9517762984828266,4.190660905801471,2005866800
2008-01-25,3.891903877258301,4.163717715099062,3.879930234635431,4.160724504283831,1554739200
2008-01-28,3.891903877258301,3.9873980536823552,3.7853333419982893,3.8365236818024133,1474844000
2008-01-29,3.937706470489502,3.9751258170754795,3.8631679378473964,3.9260321843159143,1099982800
2008-01-30,3.9568655490875244,4.054754661476437,3.891606407282361,3.9326180916474907,1243051600
2008-01-31,4.052060127258301,4.090676116190032,3.8736448818750726,3.8751408882359764,1345674400
2008-02-01,4.003864288330078,4.088880466059925,3.9568653820472024,4.078403224355209,1010744000
2008-02-04,3.9409987926483154,4.06822365783383,3.9341130879479045,4.0176328330388085,899234000
2008-02-05,3.8724472522735596,4.011347633628538,3.8586766388576494,3.9044780971613653,1141042000
2008-02-06,3.6521222591400146,3.9490821057301018,3.645237352818869,3.9164521421832332,1573272400
2008-02-07,3.6293718814849854,3.7353437428093734,3.5105278888575797,3.591354209947291,2083331600
2008-02-08,3.7562975883483887,3.762883132932726,3.640147478800497,3.6545168117431506,1355972800
2008-02-11,3.8751397132873535,3.8910058491416395,3.8077854745750015,3.832033320256232,1201432400
2008-02-12,3.737739086151123,3.9215420803021597,3.700618694300795,3.9125616433225097,1225980000
2008-02-13,3.873645782470703,3.8850211089298923,3.7607890027967006,3.792221130927476,968534000
2008-02-14,3.8155694007873535,3.9155540084890754,3.8020977517805368,3.8736442543931644,954097200
2008-02-15,3.730851650238037,3.8041935247953633,3.713788866020366,3.7799464734883146,901300400
2008-02-19,3.6575088500976562,3.7943140325139377,3.6353569349441295,3.7715629956655654,1005046000
2008-02-20,3.7066047191619873,3.7299540875611754,3.6425426374241043,3.6581094159316634,967439200
2008-02-21,3.638352394104004,3.7859346639877707,3.6179970320920596,3.7733618936052826,938114800
2008-02-22,3.5760858058929443,3.667388534121121,3.4686171802101073,3.6664908505924747,1529878000
2008-02-25,3.584468126296997,3.5973402533766805,3.492266909764955,3.5500416012392892,1256774400
2008-02-26,3.566805362701416,3.624880613333351,3.455745198882134,3.5216034379765726,1504888000
2008-02-27,3.680861234664917,3.683555085675802,3.5350755335558004,3.53926619050671,1475138000
2008-02-28,3.8889107704162598,3.9574628538882433,3.7649780903267698,3.807785522524064,1618254400
2008-02-29,3.7425265312194824,3.897890928320288,3.735940587739642,3.8703505094938597,1255480800
2008-03-03,3.644038438796997,3.7712644838353704,3.5323795676571335,3.7251636826299563,1593043200
2008-03-04,3.7305521965026855,3.7383355844768635,3.604225019908333,3.6518222319381626,1785383600
2008-03-05,3.72666072845459,3.746119199569758,3.659605442104915,3.6994192685743883,1221836000
2008-03-06,3.6200921535491943,3.8167672387269653,3.6164994199679414,3.7302538623710078,1473698800
2008-03-07,3.6596055030822754,3.681458463633166,3.563812749147943,3.6045242598969685,1230462800
2008-03-10,3.5829710960388184,3.69582783343222,3.5733915407726395,3.6515235893692766,999588800
2008-03-11,3.8122761249542236,3.8161678193017967,3.6521219313068696,3.7149865640322197,1163943200
2008-03-12,3.7727622985839844,3.852091414196394,3.747018035935033,3.802997778387911,1059629200
2008-03-13,3.829936981201172,3.876636096662589,3.6820558493853426,3.7149851586496476,1262102800
2008-03-14,3.7901244163513184,3.900585460733149,3.7179791932715274,3.888012294996396,1156640800
2008-03-17,3.7937164306640625,3.849396800904357,3.6685870767516953,3.6685870767516953,1072598800
2008-03-18,3.976022720336914,3.9814116199766607,3.851791057626575,3.8670580744951533,1205120000
2008-03-19,3.881725788116455,4.020027402239713,3.881725788116455,3.985003356793882,1010536800
2008-03-20,3.9894964694976807,3.9900947923491437,3.8670601096426087,3.925134996273328,908787600
2008-03-24,4.176889896392822,4.216404765934874,4.000570588456059,4.0116461508322026,1066920400
2008-03-25,4.220295429229736,4.283758374145318,4.1110314419568885,4.189761001310578,1052391200
2008-03-26,4.342432975769043,4.36278913266816,4.2101185554464,4.217003461667447,1182084400
2008-03-27,4.19844388961792,4.349917022999218,4.190660500303125,4.339140422090581,999829600
2008-03-28,4.281065940856934,4.33015957138132,4.238857217192429,4.244844440271556,714610400
2008-03-31,4.295731544494629,4.361889118997901,4.26639496916181,4.288846641951262,768065200
2008-04-01,4.47624397277832,4.480135667219605,4.299026991317116,4.3795527320542815,1032567200
2008-04-02,4.415176868438721,4.5262374667219145,4.366083234266558,4.45379326112504,1044968400
2008-04-03,4.538510322570801,4.59898007375576,4.400508034597677,4.40230420143614,1051568000
2008-04-04,4.582514762878418,4.631309020904196,4.512765228947794,4.555872026051847,854417200
2008-04-07,4.666631698608398,4.780386075586815,4.643281941368019,4.673815562914702,1158326400
2008-04-08,4.5753302574157715,4.6833976236955115,4.559764278485321,4.5965852966886445,1014294400
2008-04-09,4.533419609069824,4.606761470582461,4.504083024337166,4.589399328337411,873398400
2008-04-10,4.626521110534668,4.652564733771232,4.508275842799145,4.524141985301899,955763200
2008-04-11,4.404698848724365,4.5891009041903255,4.3825461255995695,4.571738758400604,1210076000
2008-04-14,4.42385721206665,4.467862498336236,4.326867004768314,4.393622937308482,845087600
2008-04-15,4.4418182373046875,4.481931823125423,4.362190187511143,4.472351868773891,698037200
2008-04-16,4.601075649261475,4.61304929561272,4.508874415673458,4.54180294234213,795774000
2008-04-17,4.6247239112854,4.669926639908373,4.590597943505395,4.615144355685912,704267200
2008-04-18,4.820799350738525,4.857320191566946,4.74117092810382,4.763322841450735,1026765600
2008-04-21,5.03394079208374,5.044119069569278,4.842354482646166,4.855824932897288,1039152800
2008-04-22,4.795655250549316,5.029151310149611,4.732490858586461,5.011189644370011,1439572400
2008-04-23,4.876179218292236,4.934553407069913,4.821996082999091,4.910904690340349,1504190800
2008-04-24,5.057289123535156,5.088422272143072,4.765419302584251,4.949522346136741,1696066400
2008-04-25,5.080939769744873,5.121950639516756,4.981852849694037,5.10997699552231,992474000
2008-04-28,5.156077861785889,5.201279787247175,5.062978162353333,5.081538150086176,787214400
2008-04-29,5.240196228027344,5.2584560549592565,5.096505706647209,5.122249960299058,923476400
2008-04-30,5.207267761230469,5.388376848730903,5.176433964463269,5.27432305575289,1139524400
2008-05-01,5.388376712799072,5.388376712799072,5.234508692699572,5.2375019042486395,903576800
2008-05-02,5.416515827178955,5.445852415535098,5.344970522883591,5.394064144422579,1006082000
2008-05-05,5.529972553253174,5.547335102558453,5.419810033633071,5.44585405743157,854557200
2008-05-06,5.587747573852539,5.60151738701138,5.453636979792107,5.527876144862408,918870400
2008-05-07,5.465908527374268,5.633846897879848,5.404541103940563,5.569485463928159,1157133600
2008-05-08,5.539848327636719,5.582955115399005,5.480276683803044,5.501231155804762,899085600
2008-05-09,5.4916534423828125,5.515601529113876,5.429387537583828,5.48297237085508,673072400
2008-05-12,5.632651329040527,5.653905574887109,5.473694126519853,5.544342171765778,818563200
2008-05-13,5.6865339279174805,5.731137535665992,5.62366969156618,5.6461205764785385,823236400
2008-05-14,5.575773239135742,5.754786808979361,5.555117719624258,5.724552132421984,916823600
2008-05-15,5.679647445678711,5.684736983693604,5.5141043664174845,5.592236408853432,873208000
2008-05-16,5.616485118865967,5.696712706878223,5.597925127511826,5.691024445428257,765769200
2008-05-19,5.496145725250244,5.648516967640149,5.427293853390637,5.6236707892417765,945820400
2008-05-20,5.564995288848877,5.572777877441279,5.391968184529715,5.442857968584575,969850000
2008-05-21,5.334194183349609,5.6263638577096335,5.2761193219686175,5.558110717697586,1157657200
2008-05-22,5.30006742477417,5.428190793894743,5.1488936477976885,5.366225036973456,1206735600
2008-05-23,5.42340087890625,5.4479480900181825,5.32251858385554,5.41142643461699,906917200
2008-05-27,5.580862522125244,5.580862522125244,5.4434593390795,5.470700406810937,789905200
2008-05-28,5.598225116729736,5.626364266214119,5.499737693853278,5.61019876368521,743979600
2008-05-29,5.588644981384277,5.633847712193995,5.5530218066374735,5.59074050927304,647186400
2008-05-30,5.65031099319458,5.673960518953405,5.6092997235166475,5.61139525111553,610184400
2008-06-02,5.570983409881592,5.677253411277946,5.523984113172087,5.645821292671871,679840000
2008-06-03,5.549129962921143,5.633847560852462,5.45842594197347,5.593733570597668,750520400
2008-06-04,5.543741703033447,5.600619114950177,5.4850685241358805,5.508717252488674,726983600
2008-06-05,5.670668125152588,5.6829419317767655,5.5590092187539275,5.5781679318520405,755445600
2008-06-06,5.5572123527526855,5.686234188874675,5.5545185025381265,5.627859973513137,966422800
2008-06-09,5.4365715980529785,5.536256834239066,5.261150410548839,5.53176681794749,1888392800
2008-06-10,5.5572123527526855,5.591338319053826,5.359039301686759,5.403643705832869,1140941200
2008-06-11,5.412624359130859,5.567989178962476,5.376103502549256,5.518296033785963,961550800
2008-06-12,5.186611652374268,5.466208921272638,5.124944865223181,5.432980239244204,1308333600
2008-06-13,5.159968376159668,5.21355280779664,4.9486250596262815,5.138115817758323,1345957200
2008-06-16,5.29378080368042,5.3255122846006175,5.061182797523154,5.127938731845684,1051730400
2008-06-17,5.431185245513916,5.447949070855954,5.310844456827246,5.331499977263946,899656800
2008-06-18,5.350956916809082,5.454234089666986,5.309047565324126,5.421903493226409,811468000
2008-06-19,5.415319442749023,5.458427052967068,5.292584956138599,5.3449719635698685,791949200
2008-06-20,5.2467827796936035,5.418312715554798,5.238700028939419,5.368918926974748,888367200
2008-06-23,5.183618545532227,5.265042767010638,5.135721568492177,5.230916001005159,645780800
2008-06-24,5.186312675476074,5.262049040091259,5.13781737329665,5.1599692967152215,621947200
2008-06-25,5.310246467590332,5.35335367813699,5.205173091524143,5.227025658296248,644450800
2008-06-26,5.036935806274414,5.233911054480748,5.029451777220512,5.210860644675854,869610000
2008-06-27,5.091716289520264,5.106085221642494,4.9138998052652605,4.984547421240487,1042249600
2008-06-30,5.012386322021484,5.148891752732455,4.987839117516027,5.094708605949206,684196800
2008-07-01,5.229121208190918,5.230318652915566,4.909411060651868,4.916295968137441,1111280800
2008-07-02,5.034539699554443,5.312040613160189,5.034539699554443,5.244685972034008,837519200
2008-07-03,5.092615127563477,5.153983363356536,4.961797503730106,5.0767497861294455,523362000
2008-07-07,5.2434892654418945,5.30246180951165,5.1459003345248435,5.183619037660419,820391600
2008-07-08,5.374906063079834,5.379396480093079,5.171045926851541,5.250674389828743,888350400
2008-07-09,5.21624755859375,5.415617251035774,5.212954986240612,5.394363013041696,895776000
2008-07-10,5.287493705749512,5.308747543280752,5.13003337321862,5.236304159598898,840688800
2008-07-11,5.166254997253418,5.3018627735527994,5.118957543654089,5.252769153409543,930011600
2008-07-14,5.205171585083008,5.367421300832876,5.181223496982313,5.365625933635234,886054400
2008-07-15,5.078245639801025,5.200981308334301,4.980956067687099,5.1632626042962455,1040043200
2008-07-16,5.1731414794921875,5.176733413438848,5.047113638834031,5.095009422131909,747790400
2008-07-17,5.14320707321167,5.238102978613247,5.1306339023179595,5.211759191978806,757526000
2008-07-18,4.943836688995361,5.078546830375585,4.939346670694293,5.0447190149093615,868414400
2008-07-21,4.977962017059326,5.014183509621454,4.8231955321943865,4.996221844362676,1360469600
2008-07-22,4.850139141082764,4.87229106910624,4.38643866391467,4.460379676550768,1879592400
2008-07-23,4.9770636558532715,5.04022724816751,4.836367138666301,4.939045596154327,1061768400
2008-07-24,4.760631084442139,4.947128662040974,4.743268539504822,4.918988717314639,839619200
2008-07-25,4.853132724761963,4.879476111015858,4.7492563854466,4.801643397069403,633637200
2008-07-28,4.622028350830078,4.86360668400622,4.610652233083726,4.859714990983831,780712800
2008-07-29,4.7022576332092285,4.773204630101061,4.599579152408206,4.6522651183608135,684070800
2008-07-30,4.786075592041016,4.804336218841299,4.672321175662338,4.72321136189504,725183200
2008-07-31,4.758236408233643,4.855526376582105,4.6992638648420115,4.716027688300492,637498400
2008-08-01,4.689682483673096,4.78936811010465,4.662441428713269,4.786673061414213,544639200
2008-08-04,4.587005138397217,4.726803977963142,4.577425582948255,4.687887433632786,592527600
2008-08-05,4.808826923370361,4.81361630141407,4.634602755442714,4.652563622548462,688371600
2008-08-06,4.915097713470459,5.011189831206756,4.729797184745885,4.78876972419682,791408800
2008-08-07,4.896536350250244,4.973769895581976,4.8345698174345895,4.870791302231749,672372400
2008-08-08,5.075550556182861,5.078544566517559,4.901925135078073,4.905218106797145,713997200
2008-08-11,5.195592403411865,5.283602572756053,5.079143727524351,5.0911181721161185,891304400
2008-08-12,5.290487766265869,5.367121806153099,5.194095495032609,5.194394856118442,836278800
2008-08-13,5.367421627044678,5.388376505167119,5.265641646909373,5.327907559053738,842346400
2008-08-14,5.368020534515381,5.401847539399073,5.323716290829524,5.33838458502497,711300800
2008-08-15,5.26085090637207,5.380891483538868,5.240195394710392,5.3596376494902405,708251600
2008-08-18,5.2503767013549805,5.322820120508864,5.203377787672314,5.255764803806325,552014400
2008-08-19,5.194694519042969,5.300665951499367,5.143205208649864,5.224928791425849,616204400
2008-08-20,5.263844966888428,5.296773886577588,5.197088644582239,5.231814130446119,506951200
2008-08-21,5.217443943023682,5.252168221490932,5.14559889928336,5.222831641846639,539744800
2008-08-22,5.292285919189453,5.31353976489901,5.255764252690739,5.263248282645633,439611200
2008-08-25,5.16535758972168,5.275520478565054,5.138714850910535,5.273124790349722,484425200
2008-08-26,5.1979875564575195,5.235107134680808,5.167153762118866,5.171644178723677,445550000
2008-08-27,5.228819847106934,5.261449803692225,5.154580300979446,5.18810794108373,477780800
2008-08-28,5.200979232788086,5.276117249740896,5.171343291305419,5.247080030295492,431384800
2008-08-29,5.074952602386475,5.193796156204496,5.060284308798797,5.177631057181237,599289600
2008-09-02,4.974968433380127,5.1937966110538785,4.939345260255612,5.16086768794936,780763200
2008-09-03,4.998018741607666,5.049508056848609,4.909410244795792,4.994426408030705,734834800
2008-09-04,4.82619047164917,5.026459114190522,4.813917062341587,4.965090868609104,743386000
2008-09-05,4.795056343078613,4.861513310391539,4.719319581045667,4.747459525358606,786884000
2008-09-08,4.727400779724121,4.936051008233855,4.534018362480668,4.926471455866572,1045979200
2008-09-09,4.540606498718262,4.788471562592301,4.484028833954634,4.695671994111207,1245025600
2008-09-10,4.538510322570801,4.63969198971763,4.454392240389367,4.559764563811514,973142800
2008-09-11,4.569643974304199,4.579822254153315,4.370573191394882,4.435832328173488,971135200
2008-09-12,4.458583354949951,4.5175563064978554,4.385540828069012,4.5175563064978554,793027200
2008-09-15,4.201735496520996,4.421162356361925,4.201735496520996,4.251727993958657,920634400
2008-09-16,4.187367916107178,4.265798940057052,3.955967338637976,4.007156497460506,1199836400
2008-09-17,3.826645851135254,4.146356348436453,3.826645851135254,4.145757226486525,1200455200
2008-09-18,4.014041423797607,4.05415461176331,3.612606985595205,3.9086683160303863,1676253600
2008-09-19,4.21820068359375,4.316688490504534,4.080497770265938,4.268791512205339,1430875600
2008-09-22,3.9230360984802246,4.198442231809137,3.9113618184799286,4.1891620405212855,856713200
2008-09-23,3.797010660171509,4.065231895541075,3.791621758989417,3.94698742116457,1280364400
2008-09-24,3.8529891967773438,3.920044491562599,3.7464190319646766,3.8098819931690606,1047015200
2008-09-25,3.949382781982422,4.034998503764077,3.8473029902350695,3.885620032536949,1006045600
2008-09-26,3.838919162750244,3.885618299518273,3.682057529334422,3.739233905866208,1126451200
2008-09-29,3.1510024070739746,3.5826710405668494,3.011203797110865,3.5808748743025625,2622057200
2008-09-30,3.402461051940918,3.4425742441584064,3.1821362571492235,3.2405096788620478,1626682400
2008-10-01,3.266554355621338,3.363544976880378,3.214765872272224,3.350373684885978,1296484000
2008-10-02,2.9965367317199707,3.256675390382969,2.9935435197357325,3.233326018755356,1609364400
2008-10-03,2.905832290649414,3.18812285627574,2.83338829236356,3.113284968030005,2294398400
2008-10-06,2.9378621578216553,2.9570206652362487,2.620547043131789,2.752861427961111,2107417200
2008-10-07,2.6690428256988525,3.0384456314469808,2.6627562425762004,3.007911198818,1878772000
2008-10-08,2.6879026889801025,2.88368010487713,2.5648678417071045,2.5717527491782928,2207741200
2008-10-09,2.6564695835113525,2.8678137027595794,2.592407313733782,2.794472039174001,1617383600
2008-10-10,2.897749423980713,2.993542981648012,2.5445109049031434,2.565465783112964,2219299600
2008-10-13,3.300680160522461,3.3087629112300982,3.0240768645363305,3.1297493476048,1539076000
2008-10-14,3.1156795024871826,3.484484021898408,3.087539756065458,3.4802929660721134,1980994400
2008-10-15,2.9321749210357666,3.203091148053427,2.9303787542564113,3.1084944298911514,1584175600
2008-10-16,3.0501205921173096,3.0962212006327583,2.746276081121086,2.986657040435336,1980521200
2008-10-17,2.91571044921875,3.054611424636437,2.5711541595048435,2.981568902895022,1762227600
2008-10-20,2.946842670440674,2.994440281907901,2.803153151699325,2.9869560552074534,1549170000
2008-10-21,2.738793134689331,2.930679685702548,2.7289142141304596,2.9022407686233738,2193660000
2008-10-22,2.8998444080352783,3.03096116257144,2.7818991412160265,2.9148120622155407,2248808800
2008-10-23,2.940556526184082,2.971090958567843,2.7510657468955886,2.8890680159362234,1675430400
2008-10-24,2.885176181793213,2.9306782672239255,2.6974807788333077,2.7040663230038704,1590058400
2008-10-27,2.7567532062530518,2.922595233953672,2.7498675023053916,2.8459602027384223,1208771200
2008-10-28,2.9908483028411865,3.008510809340845,2.7651358063359397,2.85673771413247,1634133200
2008-10-29,3.129748821258545,3.2791264065297443,2.9917465576113633,3.019286978250995,1950978400
2008-10-30,3.324028730392456,3.358454851153457,3.221350289247008,3.23991027449997,1638089600
2008-10-31,3.220752477645874,3.316246874247723,3.147410803433773,3.2150646164917496,1659756000
2008-11-03,3.2018930912017822,3.265955369541453,3.1390286569832098,3.171059496392254,1057938000
2008-11-04,3.3225326538085938,3.3464807391631215,3.1932114741063944,3.2925967477534606,1398681200
2008-11-05,3.092329263687134,3.2845140717734105,3.083048870813832,3.2602668246643787,1256455200
2008-11-06,2.9666006565093994,3.076762540041877,2.933671536124907,3.024974870027013,1319074400
2008-11-07,2.9408559799194336,2.989052122396687,2.865418774115671,2.9707920927641243,1095253600
2008-11-10,2.870208501815796,3.0055163133689504,2.82889747192967,2.998631408175274,1123822000
2008-11-11,2.8369815349578857,2.9088262293866367,2.76184346742634,2.8381783803166623,1224538000
2008-11-12,2.697779893875122,2.7911787519698033,2.694487521527246,2.7669307044083915,1178976400
2008-11-13,2.886972188949585,2.886972188949585,2.5750449724788727,2.6902961777751915,1854087200
2008-11-14,2.7013731002807617,2.8136313346665083,2.6941890321139916,2.8067456284506407,1405266800
2008-11-17,2.6385087966918945,2.7106536395092227,2.6121662128151963,2.648687076456479,1162526400
2008-11-18,2.6914937496185303,2.7238245491795805,2.600191210346456,2.683411799130234,1209695200
2008-11-19,2.583127737045288,2.741485747305186,2.580733048310063,2.677424476309513,1171900800
2008-11-20,2.4095022678375244,2.587917266800035,2.3948337754212514,2.551695576960295,1716814400
2008-11-21,2.4720685482025146,2.5181691759189575,2.3690906887553727,2.4526098694673553,1569271200
2008-11-24,2.7824976444244385,2.8375784835316775,2.5397212081552145,2.5507971682554946,1442257600
2008-11-25,2.71813702583313,2.835184643329899,2.6391072770590163,2.832789953852323,1235292800
2008-11-26,2.843865156173706,2.8513493831304797,2.689698194388888,2.6917937219814414,899836000
2008-11-28,2.7741165161132812,2.8366815995757837,2.7498684620301073,2.8348854326184703,297774400
2008-12-01,2.6621570587158203,2.762141673248716,2.661857897439771,2.733104244461908,923767600
2008-12-02,2.768129348754883,2.773518049576073,2.5894151293898715,2.695086823075357,1148722400
2008-12-03,2.8708066940307617,2.880685608584585,2.6582655464526392,2.676226409915831,1338680000
2008-12-04,2.7363970279693604,2.8501514383477926,2.6660483746066235,2.8268018740920726,1091370000
2008-12-05,2.8139302730560303,2.8285987685839786,2.6600618497005315,2.7046660585443147,1043795200
2008-12-08,2.9851605892181396,3.017490385138917,2.8678136498687334,2.9121180882091777,1185142000
2008-12-09,2.995338201522827,3.101310031806591,2.910022886522028,2.934869457974276,1203496000
2008-12-10,2.939957618713379,2.978274835121831,2.8887684762696146,2.929779542532222,938047600
2008-12-11,2.843865156173706,3.030662076504412,2.8387764174156676,2.9142136121830093,1040617200
2008-12-12,2.9417543411254883,2.963606701909709,2.7699248691579443,2.7780076187421066,1041174400
2008-12-15,2.8363823890686035,2.8800873190402667,2.7839953860988067,2.873501773325443,891758000
2008-12-16,2.8567373752593994,2.8881694907993163,2.7765106003909317,2.8133316153093655,1093506400
2008-12-17,2.6690428256988525,2.7271168809028987,2.634915660175885,2.7250213531953484,1293860400
2008-12-18,2.6771249771118164,2.7190345258222117,2.6474882325162987,2.6735324445930804,857416000
2008-12-19,2.6941888332366943,2.7223277804031634,2.658266296808421,2.6923924666066306,801920000
2008-12-22,2.566662549972534,2.695085215982684,2.535230245850481,2.694785854995604,844740400
2008-12-23,2.5858213901519775,2.6304249839890748,2.5714522607425403,2.6004896807469833,635031600
2008-12-24,2.545708417892456,2.581930108618085,2.531040124957933,2.578637536487442,271334000
2008-12-26,2.5687599182128906,2.616956076227843,2.5516969279121904,2.5936065002030597,308324800
2008-12-29,2.592707395553589,2.6229426721882634,2.5466067771604735,2.590013345015164,686000000
2008-12-30,2.583127737045288,2.6358140866682667,2.5361286482681544,2.616954738815422,967601600
2008-12-31,2.554988384246826,2.6265338927505573,2.554689222969917,2.5735485736876678,607541200
2009-01-02,2.716639757156372,2.7253218296157646,2.5493014785852086,2.5708546809995343,746015200
2009-01-05,2.8312928676605225,2.8791896534582295,2.7753133306439812,2.789084143672183,1181608400
2009-01-06,2.7845942974090576,2.908825996367649,2.765734941731912,2.872305129479183,1289310400
2009-01-07,2.7244229316711426,2.7690265383396215,2.7019712479402953,2.7483718206438414,753048800
2009-01-08,2.7750136852264404,2.788485134748291,2.6953854301193054,2.707060713016979,673500800
2009-01-09,2.711550712585449,2.7953700226138825,2.698379423613809,2.790281283558915,546845600
2009-01-12,2.6540756225585938,2.7238249724299446,2.6208471341985655,2.7079588313693157,617716400
2009-01-13,2.625636577606201,2.6864054940924555,2.5849248588037,2.641502719057528,798397600
2009-01-14,2.554389238357544,2.611864960152941,2.536128414491386,2.58163049387387,1021664000
2009-01-15,2.496016502380371,2.518169031084076,2.396331821858672,2.4118980045572287,1831634000
2009-01-16,2.4645838737487793,2.5259513127831457,2.4068089684725646,2.523556623345312,1047625600
2009-01-20,2.3409500122070312,2.4547044308510864,2.3409500122070312,2.452608903180352,919914800
2009-01-21,2.479550838470459,2.4810478436912695,2.3741783376235044,2.3765730263914886,1089270000
2009-01-22,2.6450939178466797,2.694188538535149,2.569058197146102,2.635514962205307,1409528400
2009-01-23,2.6450939178466797,2.690296644409688,2.589414552026814,2.5989933078276666,763770000
2009-01-26,2.6834118366241455,2.7232260648591797,2.643297647757777,2.660061670063415,692238400
2009-01-27,2.71604061126709,2.7405880189261196,2.68640466498941,2.699875313485948,618038400
2009-01-28,2.819917678833008,2.84386577142401,2.73909176721533,2.757651758797966,861406000
2009-01-29,2.783994674682617,2.8241080599136876,2.7720202315681095,2.7866885247023694,592729200
2009-01-30,2.698079824447632,2.8025536346822344,2.694487291964766,2.772020006264976,651478800
2009-02-02,2.7393908500671387,2.754059146287272,2.6612595907130103,2.6672468135298386,558247200
2009-02-03,2.783395528793335,2.7953699726641,2.7025704307518956,2.7516640518978828,599309200
2009-02-04,2.8004586696624756,2.8812847714630503,2.7869882189105475,2.790580752114823,808421600
2009-02-05,2.887571096420288,2.9112198245563303,2.772619029039682,2.777109245812728,749246400
2009-02-06,2.9851605892181396,2.9935424991830617,2.9037361782442557,2.90433450069222,687209600
2009-02-09,3.06868052482605,3.0833488211120237,2.9785748194338137,2.993543276224168,715010800
2009-02-10,2.9285829067230225,3.0686801051346912,2.9055327014489,3.0333568940717046,849060800
2009-02-11,2.8983476161956787,2.9429512209431223,2.8669155001348785,2.8848771660908104,674973600
2009-02-12,2.971689462661743,2.9860585954692924,2.8687116434368116,2.8687116434368116,817188400
2009-02-13,2.968397378921509,2.991746947224806,2.9372644213432406,2.9633078400991057,608977600
2009-02-17,2.8297958374023438,2.9049338882432534,2.822312408082842,2.89984514831237,678238400
2009-02-18,2.8250057697296143,2.8693100106221414,2.7756127901471244,2.8453621233730186,684779200
2009-02-19,2.7133467197418213,2.8214130656887404,2.6974805834305173,2.7950702913932046,922804400
2009-02-20,2.7301106452941895,2.7660329749802415,2.6642522082009963,2.676226651163853,750316000
2009-02-23,2.6028857231140137,2.754059522774946,2.589714430638083,2.743582281094324,786982000
2009-02-24,2.7016725540161133,2.7208312702445303,2.6043827664653274,2.6178534203175117,807105600
2009-02-25,2.728912353515625,2.7815986948636,2.6717359964743754,2.689996819155716,833053200
2009-02-26,2.669940233230591,2.781599114619325,2.6630553282987717,2.754058495689544,629868400
2009-02-27,2.673532247543335,2.7331034946763246,2.6244378372544084,2.632221224150272,706658400
2009-03-02,2.632521152496338,2.7301110796038195,2.6244386020511303,2.637909852527368,770929600
2009-03-03,2.6453936100006104,2.716340805780606,2.630725312894676,2.662157435218981,724340400
2009-03-04,2.729212999343872,2.7771097866810277,2.677724477537912,2.6995770432845188,741403600
2009-03-05,2.6594624519348145,2.7501664463743,2.6477881710707,2.7079577399846375,706899200
2009-03-06,2.553492307662964,2.646292060529641,2.464583649998738,2.64449569389337,1011147200
2009-03-09,2.487931966781616,2.622341850238824,2.471767472957476,2.5199633920119044,698297600
2009-03-10,2.653177261352539,2.669342564467604,2.525352841304631,2.540619661241032,844258800
2009-03-11,2.7744150161743164,2.8160254080723623,2.681615476917808,2.6885003822654316,846372800
2009-03-12,2.8842785358428955,2.891164242457811,2.754059424051676,2.7810015297635897,768457200
2009-03-13,2.8717050552368164,2.9097239171894422,2.8441646317671228,2.882781816274158,601168400
2009-03-16,2.856437921524048,2.9154106563058133,2.8193177465557215,2.889666402392631,797244000
2009-03-17,2.983365058898926,2.98426274260276,2.845960898934187,2.851050437796442,786646000
2009-03-18,3.0390446186065674,3.097718004507968,2.9851614107360884,2.990848473164289,796037200
2009-03-19,3.0420377254486084,3.08933517386851,3.0010258600415645,3.048922630098689,500180800
2009-03-20,3.0411393642425537,3.0866414504873694,3.0106057321547097,3.0561070190374706,695587200
2009-03-23,3.2228472232818604,3.2378148756370275,3.0459292447053947,3.0746667055718766,666397200
2009-03-24,3.188122272491455,3.276132434697044,3.154894590328146,3.1839314170647914,640612000
2009-03-25,3.1878232955932617,3.2438026237133344,3.109093522481138,3.2204532566651074,646618000
2009-03-26,3.2890052795410156,3.2922976519332994,3.220452990400677,3.227936218115485,616252000
2009-03-27,3.1986000537872314,3.248891523342757,3.1851294027913193,3.2399110893454823,492872800
2009-03-30,3.127952814102173,3.1435187920558816,3.071674125926654,3.128551336466104,502796000
2009-03-31,3.1468122005462646,3.216561539613549,3.143219667437139,3.15669031767282,570080000
2009-04-01,3.253681182861328,3.2629607760930224,3.109990673482366,3.115977894613443,589372000
2009-04-02,3.3740217685699463,3.4350902402362005,3.286310955613183,3.297087756486083,812366800
2009-04-03,3.472210645675659,3.476401702021128,3.3982704357005473,3.4183268345630275,636241200
2009-04-06,3.5458521842956543,3.554832620375331,3.3910856454664775,3.440778803980802,658064400
2009-04-07,3.4425737857818604,3.4925662882747344,3.4183259372578023,3.4883752330294113,536580800
2009-04-08,3.4820897579193115,3.496158934213816,3.430002110914149,3.4554470122077783,455630000
2009-04-09,3.579378366470337,3.5922504927528927,3.531182033736232,3.5449530425875473,530756800
2009-04-13,3.5988359451293945,3.621586986108126,3.562315094692286,3.59254936284184,389236400
2009-04-14,3.5416595935821533,3.5973399518197944,3.5099281203335972,3.5793782880779803,454622000
2009-04-15,3.5216033458709717,3.5398635720603817,3.465324662886652,3.5084310589069694,412882400
2009-04-16,3.635657787322998,3.686547580658611,3.5560293255300093,3.5680037707205825,593446000
2009-04-17,3.694628953933716,3.7194755187611435,3.5997339092584633,3.627573684586689,497495600
2009-04-20,3.607218027114868,3.6817573320845893,3.567104444569406,3.6440386380112124,466466000
2009-04-21,3.644937515258789,3.6563136389079713,3.5503417877163277,3.5590228615897854,470685600
2009-04-22,3.63745379447937,3.7524060651779436,3.6281732001828546,3.6709814401795215,938767200
2009-04-23,3.753901720046997,3.807785916634447,3.6973236733430985,3.790423373176189,945156800
2009-04-24,3.7089996337890625,3.746119614201404,3.6811598483203456,3.7311519575217975,540764000
2009-04-27,3.73384690284729,3.741929655652134,3.67188033038707,3.679065399228126,480690000
2009-04-28,3.7089996337890625,3.778150455451113,3.689840921328465,3.6925347717923103,455856800
2009-04-29,3.7461206912994385,3.7973098600467607,3.706905171721215,3.7374396157953056,458110800
2009-04-30,3.7667744159698486,3.801798462150087,3.739533357935996,3.7784486983489263,498489600
2009-05-01,3.80898380279541,3.83023804287087,3.7658766003978283,3.7658766003978283,397516000
2009-05-04,3.9535739421844482,3.95896204533219,3.822157143179168,3.8389209745214825,609358400
2009-05-05,3.9727306365966797,3.9772206536485664,3.925133018589544,3.943992369186868,398255200
2009-05-06,3.966444253921509,3.996379567627474,3.89819111516942,3.9912908280869743,473538800
2009-05-07,3.8634657859802246,3.9631502282918682,3.8287403002284006,3.961354061803963,531776000
2009-05-08,3.867356538772583,3.9284249854550493,3.7796457616992836,3.8628657239648088,467964000
2009-05-11,3.8787331581115723,3.9203435528789288,3.8053912851687466,3.8128757125709263,404658800
2009-05-12,3.7245655059814453,3.882924340276925,3.6895414541474243,3.8784339234977945,609481600
2009-05-13,3.576984167098999,3.7125919596803647,3.573690795025344,3.688343708425925,595971600
2009-05-14,3.680561065673828,3.6979244142194516,3.583271477563465,3.5856659673808537,447826400
2009-05-15,3.6646947860717773,3.7305526317357725,3.6404469357735345,3.661700775282166,367567200
2009-05-18,3.7913222312927246,3.792819436880619,3.6392507479789993,3.703911564106905,458841600
2009-05-19,3.8152706623077393,3.8709502365498722,3.764080705878124,3.7964113098550127,372422400
2009-05-20,3.767972230911255,3.8679568504224533,3.7509090460975862,3.820658591009694,388584000
2009-05-21,3.717381238937378,3.7952131313728557,3.6787648536787905,3.746418867762306,407946000
2009-05-22,3.6670894622802734,3.717380926944107,3.6446377799492824,3.71348923272869,297998400
2009-05-26,3.9149551391601562,3.916452344571267,3.728457541693321,3.734744125759353,636927200
2009-05-27,3.982908010482788,4.0406826942610365,3.918845545662428,3.9448899568019624,646422000
2009-05-28,4.043379306793213,4.052958465286369,3.9523751028618226,3.994883193216877,487552800
2009-05-29,4.06552791595459,4.068221764810258,4.00685436909094,4.052955155798393,456534400
2009-06-01,4.171501159667969,4.1906594677447915,4.0712172050729905,4.085287174598347,452499600
2009-06-02,4.175692558288574,4.231072764366224,4.141565791767402,4.1607253022988235,456223600
2009-06-03,4.2193989753723145,4.224188353965517,4.163120279692573,4.190960066549751,565199600
2009-06-04,4.302917003631592,4.316088889807507,4.1921566127819085,4.194850462546008,550634000
2009-06-05,4.3307600021362305,4.382547494236003,4.287054063846367,4.349918320648799,632716000
2009-06-08,4.306210994720459,4.317586317611924,4.173896576983229,4.305313311040538,931652400
2009-06-09,4.272383213043213,4.327464045322481,4.207423066826996,4.3050123671489136,676964400
2009-06-10,4.19844388961792,4.261308527348026,4.140070068481274,4.259212999455581,688623600
2009-06-11,4.189461708068848,4.237658039326457,4.147552358746955,4.1774884647218515,524823600
2009-06-12,4.100255489349365,4.164017405679782,4.072414906859158,4.155336333401514,563085600
2009-06-15,4.073911190032959,4.099057119699631,4.037989061436417,4.071516701204651,539750400
2009-06-16,4.081694602966309,4.145157144236583,4.074210177380276,4.090973995726692,514805200
2009-06-17,4.0586442947387695,4.1146236107331315,4.027212184587801,4.091273449380693,571412800
2009-06-18,4.067627906799316,4.131090898808519,4.0589468294461835,4.074512816490158,427680400
2009-06-19,4.175393104553223,4.1759914270157,4.09815954676827,4.133183193437857,721856800
2009-06-22,4.1122283935546875,4.237657874957472,4.081096043591309,4.211015940716156,634914000
2009-06-23,4.011646747589111,4.0996569339260525,3.9778201341294053,4.083193268476798,706532400
2009-06-24,4.077803134918213,4.116120554064133,4.03709162647758,4.053855447393793,485525600
2009-06-25,4.186769485473633,4.196947765461065,4.047570135716976,4.063734839864141,589447600
2009-06-26,4.264002323150635,4.297529969637775,4.183176418488254,4.184673224106526,439384400
2009-06-29,4.24993371963501,4.3092056424912375,4.2370615868516435,4.294537342387233,567616000
2009-06-30,4.263702392578125,4.304713661998194,4.244843443668799,4.268192808833212,434224000
2009-07-01,4.275676727294922,4.33045941477606,4.266397331564036,4.2957339231412,414178800
2009-07-02,4.191558361053467,4.275676843026471,4.184673454511413,4.228379381609215,370479200
2009-07-06,4.149350166320801,4.16072629077191,4.078702527000344,4.1520440172430675,498688400
2009-07-07,4.053255558013916,4.181379291754886,4.04667001448655,4.145456764525865,461596800
2009-07-08,4.107738018035889,4.132285224542436,4.02391892214191,4.068822680121037,575929200
2009-07-09,4.081993579864502,4.130788229908531,4.069121454939713,4.123903325730601,343025200
2009-07-10,4.1466546058654785,4.160125053966815,4.080795973184649,4.081395494656091,445275600
2009-07-13,4.261007785797119,4.261007785797119,4.117019099919521,4.177188679934891,483501200
2009-07-14,4.258912563323975,4.2861540244815775,4.225685079047187,4.251728696091269,347247600
2009-07-15,4.39691686630249,4.4005092009315465,4.320282392621956,4.341835601033893,485587200
2009-07-16,4.416075229644775,4.431043690431832,4.357701789737973,4.363389253276993,393570800
2009-07-17,4.542701721191406,4.550784472574185,4.44930303695159,4.46277428925622,602154000
2009-07-20,4.577425479888916,4.641188595048358,4.516956535884043,4.5882028792074,735526400
2009-07-21,4.535514831542969,4.592991352256859,4.482828886863992,4.588800697348961,874781600
2009-07-22,4.692078590393066,4.751650652764712,4.673219239877004,4.723510708026149,874104000
2009-07-23,4.724410533905029,4.7429697292199515,4.656756101900029,4.688787350547138,526962800
2009-07-24,4.789370059967041,4.789669021444301,4.684895014098214,4.69836586654417,438362400
2009-07-27,4.792661666870117,4.8160114347827285,4.707645506025704,4.794757194731089,433311200
2009-07-28,4.789668560028076,4.792661771642398,4.717823087981656,4.756140912881729,363554800
2009-07-29,4.790567398071289,4.803140568541613,4.737282702897959,4.756740781325616,382158000
2009-07-30,4.873189449310303,4.93096415759474,4.834572257473162,4.840559480964369,469604800
2009-07-31,4.891149997711182,4.939345944592077,4.8767806622803525,4.8791755515188235,422536800
2009-08-03,4.982152462005615,4.988438644395147,4.935452537734249,4.945630413786476,394240000
2009-08-04,4.955809593200684,4.956408315411812,4.915696404098201,4.93724960433674,395810800
2009-08-05,4.942637920379639,5.010889846304061,4.915695823740733,4.9617962295117914,423183600
2009-08-06,4.906716346740723,4.98454824174849,4.882169133883805,4.9567076567968575,341616800
2009-08-07,4.9546122550964355,4.987242219254302,4.933358413792873,4.954013932505251,387354800
2009-08-10,4.930962085723877,4.987240763850857,4.89923061391556,4.959102024308827,300294400
2009-08-11,4.87438440322876,4.920784166336805,4.845945903207856,4.900128254153477,355342400
2009-08-12,4.94862699508667,4.990536361570044,4.863310656845948,4.8660045078058065,445071200
2009-08-13,5.04172420501709,5.049208632297055,4.98424847178158,4.988738888340932,439980800
2009-08-14,4.992631435394287,5.036037204157191,4.955212090370859,5.0273561303408325,305816000
2009-08-17,4.777396202087402,4.897137882420517,4.772306662086929,4.8959400379583355,524381200
2009-08-18,4.909409999847412,4.916594266961802,4.831877469085132,4.838463013966567,431152400
2009-08-19,4.927371025085449,4.948325904228073,4.863010381389466,4.871990815489975,413271600
2009-08-20,4.979157447814941,4.990832526448858,4.9276689561530445,4.938744513443944,342031200
2009-08-21,5.065672397613525,5.0701636136268595,4.993229007379058,5.018674302054937,416074400
2009-08-24,5.06088399887085,5.110277792230451,5.037235265960221,5.0926154833177835,406929600
2009-08-25,5.071061134338379,5.117161544766531,5.0629783846258825,5.072857300941156,324354800
2009-08-26,5.011490345001221,5.075551628114911,4.992031871642619,5.0566922766945765,303998800
2009-08-27,5.072558879852295,5.076150414361324,4.934257223257689,5.051603998617725,449181600
2009-08-28,5.090519905090332,5.163562430642389,5.045018606724523,5.156976884692023,453700800
2009-08-31,5.0354390144348145,5.054597329503711,4.984249454607468,5.0339418089387555,311337600
2009-09-01,4.9483256340026855,5.0890225577966115,4.9375490337343635,5.0288521737890886,469028000
2009-09-02,4.944733142852783,5.017475885904121,4.912701907406907,4.927969322280469,364249200
2009-09-03,4.985745429992676,5.002209892853354,4.939345652781873,4.982452857165413,293955200
2009-09-04,5.098302841186523,5.109977925584067,5.001910952708749,5.007598814338321,374628800
2009-09-08,5.176732063293457,5.183018245821428,5.148892284301481,5.178228868581304,315047600
2009-09-09,5.123148441314697,5.222832883668821,5.08004084526761,5.172242059947638,811087200
2009-09-10,5.165658950805664,5.186314475480887,5.113271935901817,5.150691289359023,491134000
2009-09-11,5.153680801391602,5.184215224486486,5.115064430453193,5.176132477281127,348961200
2009-09-14,5.200380802154541,5.205768501015867,5.096504529256836,5.113866668614109,322011200
2009-09-15,5.2434892654418945,5.2581575611766,5.196491166609517,5.209961618139402,426470800
2009-09-16,5.444355487823486,5.4706988642776535,5.324913209704974,5.328206181721874,754023200
2009-09-17,5.5245819091796875,5.591637190878592,5.44734915035003,5.447648511423347,810572000
2009-09-18,5.538651466369629,5.5844525081267,5.530867679363163,5.562899311818064,601582800
2009-09-21,5.5087175369262695,5.5428435062211046,5.4368728651462535,5.516800287322127,437715600
2009-09-22,5.522488117218018,5.5494302226026,5.473693445975729,5.543742760103192,356753600
2009-09-23,5.553023815155029,5.654804636732015,5.538953837098542,5.550030602483807,593563600
2009-09-24,5.502729892730713,5.618878803181212,5.471297776295431,5.603911147720652,550880400
2009-09-25,5.459323406219482,5.553021434271407,5.431483622640633,5.448546806052423,445239200
2009-09-28,5.572480201721191,5.588346343503796,5.4880627510778845,5.50422785434507,337444800
2009-09-29,5.5494303703308105,5.609899729030164,5.517399523928938,5.5898437293240715,345385600
2009-09-30,5.548532962799072,5.581461894366881,5.466509995069823,5.571882336278115,539585200
2009-10-01,5.414122104644775,5.574575280024411,5.409331527017755,5.548532059752706,524711600
2009-10-02,5.535061359405518,5.566194523793237,5.428791333350476,5.430587500508296,553308000
2009-10-05,5.568587779998779,5.5937337149563024,5.516200781878259,5.573976679959556,423133200
2009-10-06,5.688031196594238,5.688031196594238,5.606907112997032,5.620078205812112,605085600
2009-10-07,5.695215702056885,5.7041961370639696,5.658694040672651,5.680547405080606,465668000
2009-10-08,5.6658782958984375,5.731137419886645,5.654502173909704,5.707488691293336,438211200
2009-10-09,5.7017998695373535,5.70868477478626,5.646420067419131,5.656897305674955,293272000
2009-10-12,5.711979389190674,5.732934269942661,5.676954934114715,5.7182659733206025,288024800
2009-10-13,5.688331127166748,5.722756463104213,5.67875156960685,5.706591359403024,348020400
2009-10-14,5.726347923278809,5.757180518592724,5.694616445281292,5.755085390523612,375510800
2009-10-15,5.704494476318359,5.7152710763325665,5.673661481788968,5.676654693134382,373556400
2009-10-16,5.629356384277344,5.698507199601017,5.623069801182086,5.6682725278859065,431426800
2009-10-19,5.683540344238281,5.687731400225001,5.554519289205565,5.623370753120146,942230800
2009-10-20,5.949963569641113,6.039470925329564,5.922722513312349,6.005045603444664,1141039200
2009-10-21,6.134366512298584,6.247822362263893,5.964034056014403,5.972715127580728,1193726800
2009-10-22,6.142751216888428,6.222080342367008,6.0622254458786236,6.12778355539918,791392000
2009-10-23,6.105030059814453,6.160710425731476,6.083776220817313,6.15771721437601,420786800
2009-10-26,6.061326026916504,6.189150035274625,5.99007967486328,6.096949202943116,484338400
2009-10-27,5.9083571434021,6.071205235066523,5.8808155141061125,6.036779897091483,756551600
2009-10-28,5.759576320648193,5.92781326939024,5.720659775628465,5.918532675203609,818386800
2009-10-29,5.87782096862793,5.891591979992877,5.7517931330567045,5.837408415990212,570270400
2009-10-30,5.642827033996582,5.891290725184578,5.632948118754054,5.869138805517877,717525200
2009-11-02,5.667076110839844,5.773945245065659,5.555117836995286,5.681744407706873,678983200
2009-11-03,5.65031099319458,5.673360997420251,5.565593804387699,5.62336969453772,522541600
2009-11-04,5.711979389190674,5.802982780413473,5.694617241908323,5.7095848996794265,487530400
2009-11-05,5.808370113372803,5.837407337632103,5.742212516330161,5.759575458289288,384801200
2009-11-06,5.81765079498291,5.8430956920558295,5.7595767332894265,5.762869306088175,295097600
2009-11-09,6.030790328979492,6.043961416921795,5.8751261670575285,5.895481521121178,528855600
2009-11-10,6.076292991638184,6.136163213953823,6.017320053271264,6.0176194143748685,401195200
2009-11-11,6.084375858306885,6.136762856842069,6.041866977667186,6.123590967165208,443870000
2009-11-12,6.046657562255859,6.132871169429134,6.029893738691987,6.081082893090645,363731200
2009-11-13,6.120296955108643,6.1316722756551565,6.049050621881401,6.072998707208903,343240800
2009-11-16,6.1855573654174805,6.226568640012887,6.13706206278583,6.151131236131829,485206400
2009-11-17,6.196634292602539,6.20980538463611,6.136763657709633,6.169093864500783,396513600
2009-11-18,6.165501117706299,6.196634279440102,6.106827927610372,6.182864465099605,374320800
2009-11-19,6.002352237701416,6.12508790516511,5.981098396443921,6.12508790516511,542326400
2009-11-20,5.984690189361572,5.998760161458323,5.920029788662418,5.961640183373682,406666400
2009-11-23,6.16310453414917,6.1666968669381,6.075393340610115,6.076890545619832,474896800
2009-11-24,6.119998455047607,6.163105254510222,6.073898044577649,6.146640393969834,318438400
2009-11-25,6.112514019012451,6.156219937436586,6.099641892222199,6.148735510737391,286454000
2009-11-27,6.004748344421387,6.075694540387507,5.938291366757031,5.963736265683784,295257200
2009-11-30,5.9843926429748535,6.037377972973446,5.950266267905269,6.020314785438654,424858000
2009-12-01,5.896381378173828,6.07000683361488,5.892190322429819,6.054140694012561,465763200
2009-12-02,5.874228477478027,6.029593299307236,5.859859543613769,5.955952063611722,715260000
2009-12-03,5.881712913513184,5.9565519985451445,5.875426729331954,5.90985206096329,448719600
2009-12-04,5.787117004394531,5.983492707569764,5.696112820641877,5.978105006653677,826884800
2009-12-07,5.656298637390137,5.800587903833385,5.648216286586379,5.787117052706402,714758800
2009-12-08,5.683839321136475,5.758079680267647,5.64881526894419,5.668572303612329,690398800
2009-12-09,5.92122745513916,5.932004055038702,5.69701078781565,5.726048414782289,684782000
2009-12-10,5.880213737487793,5.978102791193172,5.8709339456842855,5.972115570880632,489669600
2009-12-11,5.827528476715088,5.927213714970403,5.790408503266641,5.920627371726256,429774800
2009-12-14,5.896682262420654,5.910153117737929,5.7643677996630025,5.84848630469193,495790400
2009-12-15,5.812561988830566,5.912546608213627,5.785620286393443,5.862255137231535,419459600
2009-12-16,5.838306903839111,5.882312195701872,5.82393796761003,5.8404024319926835,352984800
2009-12-17,5.743411064147949,5.837408459237602,5.717666806692991,5.815256135610931,388838800
2009-12-18,5.850280284881592,5.852375812653492,5.76556268939899,5.782626672365518,608770400
2009-12-21,5.9340996742248535,5.979601765747036,5.857464825143961,5.868840947546118,611906400
2009-12-22,5.997859954833984,6.012528245251307,5.946969780066505,5.970319540133819,349515600
2009-12-23,6.049948215484619,6.058330325001392,6.011331838539572,6.023006120290259,345525600
2009-12-24,6.257700443267822,6.266981036298968,6.087367987941537,6.093355209457754,500889200
2009-12-28,6.334634304046631,6.404682793654989,6.274763291112418,6.337927675386363,644565600
2009-12-29,6.259496688842773,6.367863401251014,6.248420728578781,6.36516915153466,445205600
2009-12-30,6.335532188415527,6.346309586594108,6.235847750079913,6.251413726325528,412084400
2009-12-31,6.308291912078857,6.386723322930557,6.303203172949936,6.380137378588241,352410800
2010-01-04,6.4064788818359375,6.4211471729952505,6.357684231757096,6.3891163413386165,493729600
2010-01-05,6.417557239532471,6.45377913699936,6.383729831431048,6.424143184410481,601904800
2010-01-06,6.315478801727295,6.443003872134875,6.308892855483477,6.417558570419472,552160000
2010-01-07,6.303800582885742,6.3463094541693,6.257999539269732,6.3388254275910345,477131200
2010-01-08,6.345714092254639,6.3463132144168775,6.2583034077958235,6.29542260289351,447610800
2010-01-11,6.289732933044434,6.376245897623317,6.24003978706942,6.370258675293541,462229600
2010-01-12,6.218188762664795,6.279557015248059,6.1792730019379976,6.26219366428465,594459600
2010-01-13,6.305896282196045,6.314278392192159,6.109819976354281,6.222676702144508,605892000
2010-01-14,6.269376277923584,6.3002100727529875,6.2571028720228075,6.289732833522723,432894000
2010-01-15,6.164601802825928,6.334335942731576,6.162805636296458,6.314278749819165,594067600
2010-01-19,6.437312602996826,6.4418030187929185,6.203816976814705,6.236446132556707,730007600
2010-01-20,6.338226795196533,6.45257951827247,6.271470480425866,6.433420810849993,612152800
2010-01-21,6.228664875030518,6.385526933096389,6.202920613373162,6.348706707658238,608154400
2010-01-22,5.919729232788086,6.2115994600331375,5.902067730316724,6.1900462639374885,881767600
2010-01-25,6.078988075256348,6.127782346319549,5.992774058331549,6.062224249734334,1065699600
2010-01-26,6.164902687072754,6.397501114253681,6.0643197346576425,6.165202048234962,1867110000
2010-01-27,6.222978115081787,6.303803238085127,5.973016717935379,6.1921443122729425,1722568400
2010-01-28,5.9658308029174805,6.151730053318206,5.948169296988981,6.134667269602947,1173502400
2010-01-29,5.749397277832031,6.052942611532726,5.695214122616389,6.019414970690484,1245952400
2010-02-01,5.829325199127197,5.867343259414864,5.726646740049162,5.758677578344742,749876400
2010-02-02,5.863150596618652,5.876921203425194,5.7889110626749956,5.864647801387251,698342400
2010-02-03,5.964034080505371,5.9930717054605545,5.820044599087386,5.842496280310649,615328000
2010-02-04,5.749096393585205,5.938287732431242,5.734727066875091,5.889193332200096,757652000
2010-02-05,5.851176738739014,5.86734223529603,5.713174493357437,5.766459960424179,850306800
2010-02-08,5.811065196990967,5.923622584466886,5.8074728634091874,5.858064095323747,478270800
2010-02-09,5.873031139373779,5.9122462445061315,5.829923940252894,5.879916045005989,632886800
2010-02-10,5.841001033782959,5.885306085577331,5.815256773504035,5.86405104363432,370361600
2010-02-11,5.947271823883057,5.979602429207001,5.809269527745575,5.833816742975708,550345600
2010-02-12,5.9984612464904785,6.036179949597363,5.852376212154247,5.930507468863294,655468800
2010-02-16,6.088865280151367,6.097546351793125,6.032586596136439,6.045159361819439,543737600
2010-02-17,6.063421726226807,6.1161076892301836,6.012830092203385,6.112515355476016,436396800
2010-02-18,6.0747971534729,6.10353542620495,6.014626757151199,6.035880600927846,422825200
2010-02-19,6.037076950073242,6.082878398525714,6.020313128331962,6.042765210593994,415469600
2010-02-22,5.99965763092041,6.061923540210251,5.96283741493971,6.057134162327216,390563600
2010-02-23,5.899075984954834,6.026900403768394,5.858663426999395,5.987086168457738,575094800
2010-02-24,6.006844520568848,6.030193893920279,5.92242586441646,5.9341009507733355,460566400
2010-02-25,6.046955585479736,6.072699839249365,5.893985669233541,5.908653962615914,665126000
2010-02-26,6.125386714935303,6.141851176224056,6.046956102902583,6.058331425346124,507460800
2010-03-01,6.256206035614014,6.271472655018733,6.150234186107859,6.159214620995537,550093600
2010-03-02,6.252015113830566,6.311287024533814,6.2187864248931115,6.2843449199296035,566546400
2010-03-03,6.26638126373291,6.282546761179052,6.224771674586259,6.254706981606017,372052800
2010-03-04,6.307693004608154,6.313979587659363,6.2454270953345326,6.264885966364551,366041200
2010-03-05,6.554361343383789,6.576813025994735,6.425040147149231,6.43432034116325,899620400
2010-03-08,6.558251857757568,6.588486124094902,6.533405290838939,6.586091635428919,429889600
2010-03-09,6.676198959350586,6.735470861847223,6.522630303316937,6.535203070561518,920259200
2010-03-10,6.7306809425354,6.749840053638543,6.68158731905782,6.700446669368921,596218000
2010-03-11,6.750436782836914,6.750436782836914,6.685178070586634,6.702840373011667,405700400
2010-03-12,6.7833662033081055,6.8171928023493225,6.757920914164735,6.806415804729603,416323600
2010-03-15,6.700745105743408,6.750437044904169,6.593276480135705,6.746845511430092,493502800
2010-03-16,6.719006538391113,6.734872278252345,6.660932079168102,6.710924187739314,446908000
2010-03-17,6.7091264724731445,6.778875599730518,6.68368158221582,6.732475835350057,450956800
2010-03-18,6.724992752075195,6.735469990142871,6.663924291097309,6.708527493074816,342109600
2010-03-19,6.653148651123047,6.742655628103686,6.622614216391505,6.729184777308604,559445600
2010-03-22,6.7279887199401855,6.765408468185528,6.590285773019902,6.5998653308890844,456419600
2010-03-23,6.836052417755127,6.84862558214002,6.708527005651393,6.754627809034036,602431200
2010-03-24,6.86629056930542,6.891137148499097,6.810610187092803,6.814502282260388,597780400
2010-03-25,6.7848639488220215,6.914185547713092,6.772889504657452,6.912688342511474,542284400
2010-03-26,6.912091255187988,6.9435229758762596,6.841742586260647,6.853717031872669,640875200
2010-03-29,6.95669412612915,7.000998775910004,6.933644517172346,6.974955555524615,540744400
2010-03-30,7.060269832611084,7.109065293335383,7.01237285488818,7.08272151593863,527310000
2010-03-31,7.034826755523682,7.0830235092255585,7.018662050024638,7.04949585406057,430659600
2010-04-01,7.0638628005981445,7.146484075407202,6.967470913639823,7.106970004485837,603145200
2010-04-05,7.1392998695373535,7.139898591776365,7.027939931167599,7.034226914358289,684507600
2010-04-06,7.170731544494629,7.19168602103473,7.094695427802367,7.130617958558283,447017200
2010-04-07,7.202463626861572,7.241978493958324,7.144388370973537,7.17103111004126,628502000
2010-04-08,7.183004856109619,7.230602068855533,7.1258280887898255,7.197673149369855,572989200
2010-04-09,7.238088130950928,7.241082542124563,7.198274292903615,7.227311927792419,334182800
2010-04-12,7.253053665161133,7.276403029799147,7.238684333468802,7.25035901578781,333026400
2010-04-13,7.257243633270264,7.268320392358471,7.2177287720443575,7.240181251604838,306210800
2010-04-14,7.354834079742432,7.358426412688233,7.306339183698169,7.342560675191958,404076400
2010-04-15,7.451528072357178,7.454820645587083,7.349447910520459,7.357530262530068,376784800
2010-04-16,7.406023025512695,7.517981661838814,7.320707123362998,7.441047069855326,750545600
2010-04-19,7.396147727966309,7.4206945457583995,7.237489497466373,7.394950283227069,566924400
2010-04-20,7.321903705596924,7.4614027431594385,7.273109058488164,7.440148510467607,738326400
2010-04-21,7.75985860824585,7.790692392457266,7.655383614626901,7.747285445881984,982391200
2010-04-22,7.976892471313477,7.985274582001934,7.669455420282326,7.730524284507584,793424800
2010-04-23,8.10741138458252,8.147823936855554,7.992758873060224,8.02239442498226,796955600
2010-04-26,8.067595481872559,8.156203952796252,8.028379584795946,8.138841811609028,479068800
2010-04-27,7.8442816734313965,8.017907186899636,7.7987803660137995,8.000843996777434,709343600
2010-04-28,7.831104755401611,7.902948997797337,7.675739992489237,7.880498121689697,758402400
2010-04-29,8.041851043701172,8.082562546004146,7.8433790726860355,7.8736133383763045,558840800
2010-04-30,7.815841197967529,8.099628359023445,7.813147347439925,8.061909655463941,542463600
2010-05-03,7.973300933837891,8.01910278641804,7.869424621559317,7.898163289644792,454342000
2010-05-04,7.743697643280029,7.88170035122903,7.685922933218561,7.869726703240614,723819600
2010-05-05,7.663171291351318,7.727532745206253,7.445839873551955,7.574562781261824,883103200
2010-05-06,7.371601581573486,7.730826243077675,5.964635459633544,7.598511784789909,1285860800
2010-05-07,7.060567378997803,7.381176265528076,6.74175545811018,7.295561404233379,1676018400
2010-05-10,7.603297710418701,7.623055542478543,7.43985055109759,7.491339859527843,984306400
2010-05-11,7.679035186767578,7.779917070633752,7.49882381757409,7.538936602644877,848906800
2010-05-12,7.845774173736572,7.876906923062914,7.744293577221364,7.76045747493179,654379600
2010-05-13,7.734119415283203,7.932890458766041,7.675445418602232,7.879604963762518,599712400
2010-05-14,7.598211765289307,7.677840246266401,7.468890923523766,7.63832536697974,759362800
2010-05-17,7.610183238983154,7.6688572122582785,7.415303569215228,7.624552571057563,762834800
2010-05-18,7.554502964019775,7.739803061609662,7.491637941480372,7.692804574754922,782678400
2010-05-19,7.434167861938477,7.5712721325474694,7.329693571601172,7.468892971516683,1025726800
2010-05-20,7.117447853088379,7.2997543821212565,7.071047278292721,7.240780640048033,1282915200
2010-05-21,7.253952503204346,7.319211622444524,6.9255601803193105,6.969565061738384,1223891200
2010-05-24,7.386866569519043,7.510799692513782,7.371899310779662,7.402433349944737,754238800
2010-05-25,7.340766906738281,7.386866929211572,7.09948739392702,7.165045493198786,1048006400
2010-05-26,7.3075361251831055,7.547618923964282,7.296759125908383,7.486251099359648,850654000
2010-05-27,7.584140300750732,7.600305801628927,7.457214380192791,7.50181798912828,666282400
2010-05-28,7.689811706542969,7.765249101383213,7.584139241740901,7.764950139978662,815614800
2010-06-01,7.808056354522705,7.961026268534908,7.752077031876063,7.773929990929524,876472800
2010-06-02,7.901456832885742,7.9269013300944176,7.7930897016901,7.919117940652651,688548000
2010-06-03,7.876608371734619,7.9493511110709205,7.795482723337761,7.93827435214538,650106800
2010-06-04,7.662271499633789,7.840087193248711,7.622457673185789,7.729625747360184,758304400
2010-06-07,7.511995315551758,7.757764774766136,7.5003198333825924,7.732020520436397,886942000
2010-06-08,7.463800430297852,7.5976120583543505,7.353637931956472,7.5808478349848905,1000770400
2010-06-09,7.280298233032227,7.540737713617903,7.259044784202354,7.527864780717486,854630000
2010-06-10,7.499124050140381,7.513192823917651,7.250360152083129,7.3293898900526475,776356000
2010-06-11,7.588932037353516,7.599409278730915,7.405128273880813,7.430872535405231,545759200
2010-06-14,7.611981391906738,7.757766681159782,7.603899040186743,7.662273267929237,602960400
2010-06-15,7.77393102645874,7.778720804353635,7.648501515603638,7.652692571261671,585074000
2010-06-16,8.000246047973633,8.015213309794166,7.8020729147234835,7.816142492554247,783678000
2010-06-17,8.138542175292969,8.169375960581817,8.067594812803357,8.100523725545141,872855200
2010-06-18,8.204402923583984,8.232243910674345,8.125074215930956,8.149920792109706,784621600
2010-06-21,8.087657928466797,8.352286881499687,8.044550707351544,8.312771995424246,776490400
2010-06-22,8.197818756103516,8.261281729801453,8.12747087470127,8.147227913923336,717262000
2010-06-23,8.111599922180176,8.222062143081626,8.019698085010386,8.219667254858186,768457200
2010-06-24,8.052628517150879,8.178356962660983,8.025686022231318,8.11249832999735,714277200
2010-06-25,7.98377799987793,8.09064792109048,7.95713525993437,8.084361737264611,549942400
2010-06-28,8.031676292419434,8.07508326214316,7.918520168885287,7.990664212042183,584948000
2010-06-29,7.6685590744018555,7.914628342717832,7.612579738724707,7.906545192034307,1133344800
2010-06-30,7.529659748077393,7.722443558227302,7.484158445930571,7.684724847656699,739452000
2010-07-01,7.438354969024658,7.627547203192609,7.280895014103134,7.612579146944294,1022896000
2010-07-02,7.392253398895264,7.511695664854136,7.280293960442656,7.498522978765499,693842800
2010-07-06,7.442843914031982,7.5676738746240035,7.368902933801439,7.513790484403675,615235600
2010-07-07,7.7433905601501465,7.746384968518577,7.476367830990452,7.498518938918259,654556000
2010-07-08,7.7260332107543945,7.870023095369515,7.630240061309702,7.857449929756093,738144400
2010-07-09,7.771838665008545,7.7802199799461444,7.638325956745536,7.690114249627012,433322400
2010-07-12,7.702086925506592,7.838592415231853,7.629344162983821,7.739206909498744,562878400
2010-07-13,7.537740707397461,7.675443631872055,7.376987375238533,7.673049542157303,1190924000
2010-07-14,7.565579891204834,7.6574817586645745,7.453920988751879,7.4652975109246995,812047600
2010-07-15,7.527263164520264,7.692506507369054,7.403031096420563,7.430871281138647,824866000
2010-07-16,7.480865001678467,7.632637526399327,7.436261383846515,7.579053072954873,1039858400
2010-07-19,7.351543426513672,7.4802663399156035,7.172530231361184,7.4802663399156035,1024478000
2010-07-20,7.540431976318359,7.570667040881927,7.18479986313603,7.271313203015096,1074950800
2010-07-21,7.610781669616699,7.93737700677474,7.603597803216721,7.935580840334241,1185671200
2010-07-22,7.753870487213135,7.783207063291935,7.64280956430686,7.7137569160745425,645318800
2010-07-23,7.781416893005371,7.79458878600513,7.671853090230827,7.696100948117384,533388800
2010-07-26,7.761655807495117,7.786202614111244,7.714657321921483,7.783209003626113,420551600
2010-07-27,7.9053473472595215,7.926900547299984,7.792191248482389,7.8092544316616985,584771600
2010-07-28,7.811948299407959,7.962524136693053,7.790694860103739,7.893073959408966,519985200
2010-07-29,7.726633548736572,7.862540312768869,7.66646395626609,7.804465848657737,643806800
2010-07-30,7.7008891105651855,7.77423059187331,7.63054044131175,7.660177594019978,448210000
2010-08-02,7.8385910987854,7.860743021253078,7.771835570595513,7.796382381909653,428055600
2010-08-03,7.840989112854004,7.880802956752092,7.765851443753503,7.813448679504859,417653600
2010-08-04,7.872416973114014,7.911332310576974,7.792489571812044,7.868225918447738,420375200
2010-08-05,7.834103584289551,7.878408242739027,7.79967744580613,7.835001268212668,289097200
2010-08-06,7.785905838012695,7.827815597205386,7.712263798771325,7.776625243223034,444897600
2010-08-09,7.835602283477783,7.847576735039012,7.770343121194265,7.827519128992661,303128000
2010-08-10,7.765549659729004,7.796683219031009,7.709869285724164,7.7787215502029285,451920000
2010-08-11,7.4895453453063965,7.6541907846806,7.478170420669943,7.64550971078377,620054400
2010-08-12,7.5374436378479,7.576658757282339,7.367709429047085,7.384772618321974,534920400
2010-08-13,7.45691442489624,7.54013440912826,7.45661466412774,7.53324950379735,354869200
2010-08-16,7.413209438323975,7.4841568259402,7.382674603559147,7.411413271573102,318430000
2010-08-17,7.542829513549805,7.622457968897037,7.459907686360674,7.486251463647463,422640400
2010-08-18,7.5757575035095215,7.623654480192091,7.5311538986110635,7.554504064432832,339696000
2010-08-19,7.4802656173706055,7.588033237097251,7.444343077461723,7.5688741228193175,426706000
2010-08-20,7.473082542419434,7.60120594901391,7.4539234240576935,7.465598911490586,384230000
2010-08-23,7.358128070831299,7.543727978677673,7.341664407364649,7.537441794491339,414041600
2010-08-24,7.1824049949646,7.2743060343169965,7.144087582107482,7.2644283192721355,602565600
2010-08-25,7.271015644073486,7.30394536757873,7.1006835617063375,7.125829096657289,596867600
2010-08-26,7.1928863525390625,7.356633334257632,7.1928863525390625,7.347652498123306,466505200
2010-08-27,7.2330002784729,7.2626366393621185,7.051591377247786,7.236892373986578,548391200
2010-08-30,7.259340286254883,7.356630643722235,7.204857366328339,7.207252255088278,383289200
2010-08-31,7.2773027420043945,7.321008667256085,7.1949804303494584,7.239883000748961,420786800
2010-09-01,7.493732452392578,7.527559046361148,7.372494045118453,7.408116805087623,697037600
2010-09-02,7.548813343048096,7.548813343048096,7.4410457801644645,7.52157189148404,415427600
2010-09-03,7.746392726898193,7.74669168841753,7.618568292047635,7.63623020319669,520788800
2010-09-07,7.717652320861816,7.769140831745289,7.670952788254176,7.6826274715655645,342557600
2010-09-08,7.8706207275390625,7.914625602048733,7.756266407235159,7.77662295826628,526551200
2010-09-09,7.875113010406494,7.978389802746807,7.870622993126364,7.934085954120506,438575200
2010-09-10,7.885289669036865,7.917919625904338,7.825119293160206,7.87870372551332,387542400
2010-09-13,7.993958473205566,8.031078462840025,7.955641838127113,7.957437205974282,388780000
2010-09-14,8.024491310119629,8.05771919945728,7.948455175071356,7.969110695194645,408150400
2010-09-15,8.08914852142334,8.093939097395953,8.01790219306308,8.0277815070036,429368800
2010-09-16,8.279239654541016,8.282233265382041,8.067596563933739,8.089749284157332,652103200
2010-09-17,8.243319511413574,8.320852048729243,8.192728677495957,8.312768898220073,634477200
2010-09-20,8.478612899780273,8.495077365084562,8.257689143967637,8.264574051462215,658677600
2010-09-21,8.494779586791992,8.601948516713046,8.465442983515276,8.49747423773602,668074400
2010-09-22,8.613920211791992,8.620805118691429,8.45406455210984,8.463045386780124,585289600
2010-09-23,8.648942947387695,8.763895215529018,8.561531901363415,8.571410418311299,786116800
2010-09-24,8.750723838806152,8.786946135551032,8.6977389176463,8.74413869336359,649488000
2010-09-27,8.715998649597168,8.822867773143633,8.71150863241631,8.800416887877194,482834800
2010-09-28,8.587276458740234,8.73425917176179,8.23224296284535,8.73425917176179,1035042400
2010-09-29,8.602543830871582,8.675586348553608,8.56153255471946,8.5983527750122,469644000
2010-09-30,8.494178771972656,8.681275093923421,8.419340083319907,8.651339778334764,673391600
2010-10-01,8.457356452941895,8.578893863550254,8.422331603503144,8.566021735777015,448142800
2010-10-04,8.341207504272461,8.468731337010665,8.31516268869768,8.429815992445349,435302000
2010-10-05,8.649542808532715,8.66480902669723,8.436401686678684,8.441790986231787,501967200
2010-10-06,8.657022476196289,8.740841960944786,8.539376396089287,8.668996916692317,670868800
2010-10-07,8.657926559448242,8.695645272047901,8.588776119257112,8.691454215163231,408399600
2010-10-08,8.803112983703613,8.815985115643343,8.681276572236316,8.732465339113576,658403200
2010-10-11,8.841728210449219,8.898007309336919,8.818978360945009,8.823169417197663,427753200
2010-10-12,8.936920166015625,8.965658826866996,8.755810327570664,8.843222155603014,558544000
2010-10-13,8.984818458557129,9.03930057905798,8.974640181339273,8.986614625124986,630092400
2010-10-14,9.04977798461914,9.054566962436684,8.992600419219183,9.031217598048356,435296400
2010-10-15,9.421874046325684,9.429657433779628,9.127608922932083,9.203345271675174,922194000
2010-10-18,9.519466400146484,9.549400914084606,9.408405420574258,9.533535973416749,1093010800
2010-10-19,9.264714241027832,9.392837591444408,8.981226080399777,9.082407731795625,1232784000
2010-10-20,9.295848846435547,9.407208797173343,9.186285861976499,9.25004778910753,721624400
2010-10-21,9.265609741210938,9.421872184716934,9.184185148812542,9.35062586620879,551460000
2010-10-22,9.204246520996094,9.281180337086463,9.169222465969293,9.252142705615423,372778000
2010-10-25,9.245259284973145,9.327880576434572,9.233284837212503,9.252743714504712,392462000
2010-10-26,9.221609115600586,9.27219994828377,9.149763242688516,9.18628530109459,392929600
2010-10-27,9.2150239944458,9.276989756416507,9.148267654533035,9.209635493543512,399002800
2010-10-28,9.137490272521973,9.220111544271326,9.007570742765004,9.218614338977288,551051200
2010-10-29,9.009963989257812,9.156647728153782,9.006670617536397,9.10725434659117,430511200
2010-11-01,9.105756759643555,9.148265233929529,9.046484864126036,9.047083586290093,423889200
2010-11-02,9.260820388793945,9.28566695512612,9.190173582312228,9.190173582312228,433930000
2010-11-03,9.363801002502441,9.366195891308461,9.23597661024838,9.320992764775863,508348400
2010-11-04,9.527549743652344,9.584726525752156,9.430558327243903,9.443131495872244,642488000
2010-11-05,9.493424415588379,9.56646695355861,9.48204948874417,9.519169480161212,361253200
2010-11-08,9.538026809692383,9.572452143167146,9.482346434720988,9.495518325423564,281758400
2010-11-09,9.461987495422363,9.618250766968195,9.41469004797578,9.610766340994418,383544000
2010-11-10,9.520363807678223,9.542515731043682,9.386252424927312,9.478753011965571,384227200
2010-11-11,9.479052543640137,9.531439534552472,9.407206682491916,9.429658364220352,361284000
2010-11-12,9.221009254455566,9.474562130804724,9.089294356946684,9.459594873994186,795846800
2010-11-15,9.191373825073242,9.296147821595364,9.168323417940432,9.233882305809429,403606000
2010-11-16,9.028226852416992,9.208138518327965,8.960273066159926,9.151860217332288,657650000
2010-11-17,8.995597839355469,9.100072091275875,8.913574476433558,9.016552322165644,479449600
2010-11-18,9.232982635498047,9.270102611166905,9.12102478567561,9.136291002169436,494491200
2010-11-19,9.182090759277344,9.232082850712331,9.137487166217209,9.219210726497787,384843200
2010-11-22,9.380565643310547,9.380565643310547,9.156349364681411,9.180596415882711,393075200
2010-11-23,9.241964340209961,9.332370606063447,9.177004970563127,9.293453657460669,519447600
2010-11-24,9.423674583435059,9.441636255121079,9.332372216799293,9.339855047624965,413725200
2010-11-26,9.429655075073242,9.510480941230425,9.367988311702598,9.391936390824007,237585600
2010-11-29,9.485636711120605,9.503896536409771,9.321291089260466,9.444624646318001,445785200
2010-11-30,9.314409255981445,9.410502187796375,9.306027143688068,9.385954573222916,501858000
2010-12-01,9.471570014953613,9.511982570546369,9.429660253952495,9.437742605198604,461750800
2010-12-02,9.523959159851074,9.549403663897818,9.426369003194141,9.505398764655782,462837200
2010-12-03,9.502702713012695,9.538924212333914,9.46977378658897,9.489830583522933,342092800
2010-12-06,9.583826065063477,9.649085179834536,9.532036999447932,9.538622943011655,448481600
2010-12-07,9.52575397491455,9.6987799351928,9.523060124062699,9.693093271999897,391454000
2010-12-08,9.60956859588623,9.609868356609534,9.492820986822059,9.568257571405493,321935600
2010-12-09,9.572151184082031,9.654173724616836,9.549998463432573,9.643098563335188,294151200
2010-12-10,9.596099853515625,9.610768148126644,9.537425875709447,9.568858392368545,262511200
2010-12-13,9.629327774047852,9.730809991002772,9.609271778778707,9.710154474153242,439815600
2010-12-14,9.588014602661133,9.655369632541683,9.54939743109268,9.63112178981021,351008000
2010-12-15,9.590113639831543,9.669142575980848,9.555088789112704,9.579335840346374,417312000
2010-12-16,9.616755485534668,9.65746779734866,9.582330156745103,9.611965707749244,322030800
2010-12-17,9.5975980758667,9.632921890992296,9.586222352557073,9.628132112756665,386929200
2010-12-20,9.645492553710938,9.676626106736634,9.52635003861848,9.627231927098043,385610400
2010-12-21,9.705065727233887,9.710753189090383,9.640705081924564,9.66914319056922,256354000
2010-12-22,9.73380184173584,9.750566062192524,9.685605906965916,9.709853754731178,265921600
2010-12-23,9.687104225158691,9.733503998782762,9.674232096938514,9.729013981754088,223157200
2010-12-27,9.719433784484863,9.742185229516757,9.624838069017601,9.664652698142348,249816000
2010-12-28,9.743085861206055,9.778708643160824,9.730812452307987,9.756256953977546,175924000
2010-12-29,9.737698554992676,9.772423657335857,9.732010292101073,9.765537949557855,163139200
2010-12-30,9.6889009475708,9.74428075842865,9.670640318251564,9.743383074716276,157494400
2010-12-31,9.655969619750977,9.683510037601813,9.61854988734935,9.667644301279768,193508000
2011-01-03,9.865819931030273,9.886475451390709,9.72422569946969,9.748173792909252,445138400
2011-01-04,9.91730785369873,9.95352934991396,9.823310061421788,9.951733183206931,309080800
2011-01-05,9.998432159423828,10.008610437675213,9.863722850604093,9.86522005591037,255519600
2011-01-06,9.990349769592285,10.035851058055215,9.965503197980372,10.019985319440757,300428800
2011-01-07,10.061895370483398,10.06878027630323,9.935567380683935,9.998132653366198,311931200
2011-01-10,10.251386642456055,10.274736009772536,10.09332797251922,10.14302031826482,448560000
2011-01-11,10.227141380310059,10.326526089184581,10.16218120684679,10.324131999237832,444108000
2011-01-12,10.310359001159668,10.310658761958331,10.237916008787062,10.27533574880589,302590400
2011-01-13,10.348078727722168,10.376817397858613,10.293297636180093,10.332512747427137,296780400
2011-01-14,10.431896209716797,10.431896209716797,10.310957527330753,10.354363686148979,308840000
2011-01-18,10.197503089904785,10.320537716686509,9.758949026056603,9.864321745832283,1880998000
2011-01-19,10.14332103729248,10.435490315228254,10.084647852666128,10.428005887058546,1135612800
2011-01-20,9.958919525146484,10.127156504858734,9.882284664814012,10.071177165450337,764789200
2011-01-21,9.780506134033203,10.02477929840373,9.777811483323603,9.991550602068118,754401200
2011-01-24,10.101710319519043,10.101710319519043,9.780502634210213,9.784993450665095,574683200
2011-01-25,10.219954490661621,10.221152734511609,10.015496040215766,10.068182798318867,546868000
2011-01-26,10.293296813964844,10.345683811506486,10.222948948384824,10.266654073668473,506875600
2011-01-27,10.274138450622559,10.318443100742979,10.262763526468953,10.29120163621517,285026000
2011-01-28,10.061298370361328,10.309763356705679,9.984365343903889,10.302878449160424,592057200
2011-01-31,10.15769100189209,10.179245006972108,10.007415685506805,10.05231826403224,377246800
2011-02-01,10.328619956970215,10.347179546051013,10.207381507650915,10.216961062976278,426633200
2011-02-02,10.30736255645752,10.3352019315389,10.284312158207692,10.311254649295583,258955200
2011-02-03,10.281020164489746,10.304969048664605,10.134636207099726,10.291797162368432,393797600
2011-02-04,10.372625350952148,10.378612573325313,10.283118374878688,10.287009669740177,321840400
2011-02-07,10.53367805480957,10.574688528178893,10.406751343170168,10.414234971185207,485021600
2011-02-08,10.633061408996582,10.642640963243796,10.541759080344836,10.587560125046322,381040800
2011-02-09,10.721672058105469,10.746818391220021,10.623185051174172,10.632763807284277,482745200
2011-02-10,10.613302230834961,10.776750144667332,10.417524127320089,10.698618919548107,928550000
2011-02-11,10.682459831237793,10.710897945167845,10.58337327602002,10.619595580231465,367572800
2011-02-14,10.752208709716797,10.761188745796312,10.67826849631826,10.68066338576941,310416400
2011-02-15,10.773758888244629,10.77585481560663,10.703411028788894,10.752504650018748,284174800
2011-02-16,10.870453834533691,10.923438762585873,10.791723046806405,10.800703082436998,481157600
2011-02-17,10.725862503051758,10.784835439027345,10.672577028132983,10.694430787490985,530583200
2011-02-18,10.494162559509277,10.761784978998518,10.463029006157923,10.738135852576113,816057200
2011-02-22,10.136434555053711,10.339696356744621,10.109792614718032,10.242405992249575,872555600
2011-02-23,10.256477355957031,10.316945909272984,10.13643553499408,10.141226112685201,671854400
2011-02-24,10.26425838470459,10.332212155363829,10.129250125729268,10.298385550105776,499900800
2011-02-25,10.422316551208496,10.430398900222045,10.321733632206822,10.335503441731834,380018800
2011-02-28,10.573492050170898,10.628572896160202,10.510926776686196,10.514519110037078,403074000
2011-03-01,10.456741333007812,10.648627367812082,10.407946681347017,10.641143741311504,456136800
2011-03-02,10.540862083435059,10.607618412463196,10.429502147698408,10.476201681874969,602590800
2011-03-03,10.763582229614258,10.770467135694746,10.654617179996045,10.692635642563568,500788400
2011-03-04,10.776754379272461,10.785435452283096,10.709399324673093,10.778849507482487,453266800
2011-03-07,10.637850761413574,10.82674317849947,10.516612339689859,10.818660030852488,546123200
2011-03-08,10.64982795715332,10.698922384041122,10.544754196938381,10.624382660302407,356316800
2011-03-09,10.55134391784668,10.619896443404317,10.495365363849132,10.61780051502348,453306000
2011-03-10,10.377715110778809,10.47051546796408,10.324729386609171,10.451056593656748,507539200
2011-03-11,10.536968231201172,10.546847545943972,10.327720843743169,10.337598559762004,471080400
2011-03-14,10.583970069885254,10.6713819224782,10.51661581299483,10.57259434676862,435957200
2011-03-15,10.340595245361328,10.412739278890271,10.181039361076092,10.240909988023425,721081200
2011-03-16,9.878990173339844,10.267851893472322,9.76673254575084,10.237916579406066,1162011200
2011-03-17,10.017593383789062,10.166372285305007,9.898450038493243,10.083151480360275,659422400
2011-03-18,9.898751258850098,10.124165071135609,9.87869445594769,10.092133818929543,753214000
2011-03-21,10.157092094421387,10.170263186812393,10.036152577318912,10.058006342863475,409402000
2011-03-22,10.213968276977539,10.256477560494401,10.152301478487376,10.254681393585239,325922800
2011-03-23,10.153796195983887,10.184629187992979,10.05680480537891,10.156490046006459,372996400
2011-03-24,10.326823234558105,10.3576570269211,10.14391800639991,10.23342497324878,404712000
2011-03-25,10.523503303527832,10.5390692869897,10.388194435527334,10.419626962702782,448910000
2011-03-28,10.490572929382324,10.606723472323221,10.490572929382324,10.571698612790804,309355200
2011-03-29,10.506138801574707,10.506138801574707,10.359455828055726,10.407352015561505,352900800
2011-03-30,10.436388969421387,10.503744832401079,10.40076618954639,10.496559365021662,329406000
2011-03-31,10.4327974319458,10.47141382348414,10.359455944362896,10.36843598001964,274019200
2011-04-01,10.314552307128906,10.524998822222452,10.276833597444464,10.510630284805043,418661600
2011-04-04,10.213667869567871,10.315748009381707,10.130148118521145,10.3070669368975,460084800
2011-04-05,10.144814491271973,10.245397406803773,10.058301145523568,10.08793749003351,482731200
2011-04-06,10.119368553161621,10.294790121838869,10.092426859530677,10.214563763012544,402539200
2011-04-07,10.120567321777344,10.190914370475399,10.05919870645705,10.121165244512971,373447200
2011-04-08,10.030158996582031,10.182530129425592,9.996931128774285,10.175645226966294,377535200
2011-04-11,9.902639389038086,10.04842385443725,9.879290021608657,10.000227914333772,398946800
2011-04-12,9.95053482055664,9.990348643313748,9.884676185362082,9.893357256599904,425639200
2011-04-13,10.0621919631958,10.062490924529355,9.95412463537302,10.028963290269406,346220000
2011-04-14,9.951131820678711,10.058300674343737,9.940355622657869,10.022378149096456,301800800
2011-04-15,9.802653312683105,9.987654463458908,9.782896280749549,9.977476186730877,453605600
2011-04-18,9.934069633483887,9.945445354079787,9.584124937926777,9.761941415694807,609898800
2011-04-19,10.113984107971191,10.117575642163864,9.929880610415662,9.971491407744745,419378400
2011-04-20,10.250188827514648,10.35017303697653,10.222948166417416,10.28311774920135,700666400
2011-04-21,10.498351097106934,10.630965240467528,10.433091988910336,10.627073147254611,753810400
2011-04-25,10.567506790161133,10.589659516605035,10.48638111263294,10.487579356667847,266546000
2011-04-26,10.489974021911621,10.62677847570833,10.457942777283838,10.585767195589831,338800000
2011-04-27,10.481889724731445,10.547748373756358,10.390587378144202,10.544455001655924,356213200
2011-04-28,10.380109786987305,10.469914925208792,10.343288769043664,10.3633455643289,360959200
2011-04-29,10.481290817260742,10.595643560360495,10.377713475069623,10.38100684686069,1006345200
2011-05-02,10.366042137145996,10.491471681139151,10.34269276310169,10.46961871340128,442713600
2011-05-03,10.423514366149902,10.474105192392383,10.346280802012023,10.417228182807285,313348000
2011-05-04,10.46452522277832,10.532179223984624,10.383998296240577,10.425309323384688,389250400
2011-05-05,10.380109786987305,10.5058382594768,10.3591545086643,10.429502373200483,335969200
2011-05-06,10.377415657043457,10.477399877677913,10.363944805699262,10.46812008220825,280134400
2011-05-09,10.405552864074707,10.453449837205008,10.373521628401475,10.413335452742686,204747200
2011-05-10,10.460933685302734,10.468118351328249,10.377413941161226,10.444169464576532,282091600
2011-05-11,10.394478797912598,10.477400638983532,10.334907926344377,10.448064045092336,336000000
2011-05-12,10.37471866607666,10.391183924406553,10.245997404358883,10.361248617134187,322000000
2011-05-13,10.193015098571777,10.365143386208599,10.188525080406079,10.347482275054437,326116000
2011-05-16,9.9774751663208,10.214564321448233,9.956519892847393,10.154094988148868,449775200
2011-05-17,10.062498092651367,10.062498092651367,9.900547265578522,9.938565741819449,452334400
2011-05-18,10.174154281616211,10.209478097574348,10.058304315579077,10.072373889796754,334776400
2011-05-19,10.193910598754883,10.250188887242027,10.138230233110027,10.240310370550871,261170000
2011-05-20,10.034954071044922,10.206484396074233,10.028966848630997,10.164873599978527,337968400
2011-05-23,10.010406494140625,10.057704752013827,9.861328652323477,9.877793114338255,383600000
2011-05-24,9.944245338439941,10.055306267661178,9.918800053893921,10.043331828024982,321927200
2011-05-25,10.081649780273438,10.134935244397003,9.964003692928918,9.981365833354419,294224000
2011-05-26,10.028367042541504,10.084945089195026,10.011303860187047,10.057404668429632,222560800
2011-05-27,10.10051155090332,10.107097495162739,10.007712007152335,10.022380301503631,203599200
2011-05-31,10.412436485290527,10.412436485290527,10.207977290665754,10.210971700439325,417754400
2011-06-01,10.34299373626709,10.541166091395334,10.31725026699801,10.443577519472436,554682800
2011-06-02,10.360651969909668,10.416931066633314,10.30676856174338,10.372626415885383,338783200
2011-06-03,10.281020164489746,10.337598204309916,10.238212733070121,10.273237576494873,313250000
2011-06-06,10.119368553161621,10.389086848909077,10.112483649077735,10.34867430846266,461941200
2011-06-07,9.939756393432617,10.124757523799156,9.935565338771665,10.123261118244073,529785200
2011-06-08,9.945747375488281,10.022382233830802,9.898150949387428,9.931977561471296,333723600
2011-06-09,9.923295021057129,9.988554145659913,9.90114229845988,9.975980978780393,275088800
2011-06-10,9.75595760345459,9.92838564224631,9.74428211802949,9.8951569517331,433955200
2011-06-13,9.776909828186035,9.82809937788989,9.731108778350285,9.794870695050957,329473200
2011-06-14,9.951728820800781,9.975976661035412,9.858030830395876,9.87868633879117,334569200
2011-06-15,9.781403541564941,9.887673967116887,9.725423398257771,9.871209501213249,399196000
2011-06-16,9.73380184173584,9.839174543663198,9.529343420233396,9.785889870221366,510591200
2011-06-17,9.587117195129395,9.856237584135256,9.56017549990039,9.84845419680898,615020000
2011-06-20,9.439238548278809,9.510484892644133,9.29494969291565,9.500306615059916,640645600
2011-06-21,9.737994194030762,9.752961450641678,9.435646657634363,9.479951303952458,493382400
2011-06-22,9.657465934753418,9.845760440497818,9.650580230833832,9.733801005080904,390583200
2011-06-23,9.915510177612305,9.929279987574636,9.523057004531708,9.547603013733688,559759200
2011-06-24,9.769425392150879,9.972986129712728,9.73170669555631,9.919701456371115,439807200
2011-06-27,9.939756393432617,9.995436748851876,9.796366048947402,9.806544324552567,339813600
2011-06-28,10.036149978637695,10.079257177487989,9.981667857398996,9.987954040790594,294299600
2011-06-29,9.999628067016602,10.069377194449839,9.934966878477109,10.059498679312542,352545200
2011-06-30,10.048420906066895,10.062192312573014,9.963704533793935,10.01938408569687,322954800
2011-07-01,10.275635719299316,10.282819587465015,10.004420115656297,10.056807117337303,435313200
2011-07-05,10.460333824157715,10.472308266229733,10.252881811112708,10.267849064340776,355054000
2011-07-06,10.530085563659668,10.6001352678005,10.378911792118386,10.445967085636253,444626000
2011-07-07,10.6929349899292,10.716883081036803,10.597141026774453,10.617198622223968,399663600
2011-07-08,10.768070220947266,10.776752091476983,10.543255257924578,10.577381619829993,489633200
2011-07-11,10.597138404846191,10.769866936855584,10.561814599505212,10.66718809277651,442674400
2011-07-12,10.58966064453125,10.707306798381268,10.436091146675661,10.583073898767879,451609200
2011-07-13,10.71748161315918,10.776753512875194,10.668386392228916,10.726760608316276,391638800
2011-07-14,10.709996223449707,10.824948478674909,10.667188788577345,10.806986814095024,430533600
2011-07-15,10.924036026000977,10.926430915012563,10.75190777478499,10.811778401350363,484467200
2011-07-18,11.189860343933105,11.215304834346552,10.934810322798132,10.939300338903575,572653200
2011-07-19,11.281164169311523,11.335047563381474,11.175491709626154,11.315589493442436,819145600
2011-07-20,11.582015991210938,11.862511356877183,11.555074290595048,11.85802133989524,941340400
2011-07-21,11.593693733215332,11.676613979314796,11.492212295263425,11.583515453462656,526534400
2011-07-22,11.773603439331055,11.825990436175593,11.607461615216684,11.624524799339053,516728800
2011-07-25,11.929265022277832,11.974167580158849,11.663438010710461,11.685290167881938,589806000
2011-07-26,12.076251983642578,12.108881949341566,11.96459307235735,11.974171829803968,476582400
2011-07-27,11.75234603881836,12.053197088283532,11.739174153109081,11.991829274362725,659324400
2011-07-28,11.729299545288086,11.884065656792774,11.618838082927805,11.72331312187911,594034000
2011-07-29,11.689181327819824,11.828980126454109,11.495200182946638,11.604165196188442,632584400
2011-08-01,11.876882553100586,11.959204073733753,11.745764764061347,11.907715553312876,612836000
2011-08-02,11.642184257507324,11.911303852002435,11.6254208377105,11.903820225273243,639539600
2011-08-03,11.751750946044922,11.78108753755008,11.442518491353397,11.704152925849428,732508000
2011-08-04,11.296730041503906,11.714328739782315,11.296131319367271,11.657152774138604,871407600
2011-08-05,11.184473991394043,11.480237193557333,10.853688334639308,11.388634286111902,1204590800
2011-08-08,10.573492050170898,11.009351438370505,10.567803789350942,10.827343878736356,1143833600
2011-08-09,11.196147918701172,11.214109584080557,10.627074877376169,10.815668367049438,1082583600
2011-08-10,10.88722038269043,11.215312321562443,10.851597592713057,11.110538281352541,878656800
2011-08-11,11.186868667602539,11.239255661792145,10.918047991577165,11.091673435195224,741969200
2011-08-12,11.285359382629395,11.364687297927933,11.202737295292188,11.317688791494197,528976000
2011-08-15,11.477542877197266,11.52424241567075,11.318285948180781,11.36438676437432,460544000
2011-08-16,11.389832496643066,11.476346676428054,11.257518055884027,11.420966058574395,498750000
2011-08-17,11.388629913330078,11.510766010545685,11.315587424069035,11.444609224341184,442061200
2011-08-18,10.957862854003906,11.155438003973561,10.817765041465039,11.101254038680832,851435200
2011-08-19,10.657909393310547,10.98630173637504,10.657011709661678,10.841713118024565,775888400
2011-08-22,10.670181274414062,10.922837218956708,10.629768729385404,10.911760459789406,535315200
2011-08-23,11.183878898620605,11.185076343448719,10.686950486026731,10.785737286258977,656835200
2011-08-24,11.261106491088867,11.344326464213799,11.094066224020077,11.179980846253667,626267600
2011-08-25,11.187468528747559,11.239256806001078,10.926431214856228,10.928826103933536,871346000
2011-08-26,11.482629776000977,11.489214920204022,11.100054320705755,11.111130280656885,641477200
2011-08-29,11.67391586303711,11.719717705507865,11.61494373265843,11.62033143237313,405269200
2011-08-30,11.674514770507812,11.729895368409936,11.56135868618702,11.622426744634945,417922400
2011-08-31,11.520051956176758,11.737083598039511,11.43114369140713,11.691881262606573,522586400
2011-09-01,11.406294822692871,11.59518727733898,11.39701502841945,11.54968598957675,343725200
2011-09-02,11.197344779968262,11.315589606457863,11.130888220249311,11.217999495035896,438939200
2011-09-06,11.367679595947266,11.385340703322381,10.970734736844673,10.997377477353979,509698000
2011-09-07,11.493107795715332,11.54309989895358,11.435331504735894,11.541902454587559,350576800
2011-09-08,11.49939250946045,11.633204102496336,11.44461063575864,11.447304485556911,416158400
2011-09-09,11.300024032592773,11.555073281889655,11.226382005110295,11.49310753575486,564813200
2011-09-12,11.373666763305664,11.40180511026396,11.132985215555117,11.165914939226234,467832400
2011-09-13,11.513765335083008,11.561361758593014,11.382946513506893,11.43952457070278,440560400
2011-09-14,11.653861999511719,11.74097409139822,11.547890555799803,11.585609259450633,534724400
2011-09-15,11.763425827026367,11.784381106567432,11.671823717404825,11.717624772215597,417818800
2011-09-16,11.989136695861816,11.989136695861816,11.825390575823894,11.840657591760765,698513200
2011-09-19,12.322319030761719,12.37021600991048,11.830481107790979,11.884363710529353,823860800
2011-09-20,12.376803398132324,12.65849624564125,12.309149376818528,12.430686806517986,775754000
2011-09-21,12.337586402893066,12.620475852454105,12.333395347424343,12.562101636040024,605976000
2011-09-22,12.028650283813477,12.268134334661582,11.875381418530578,12.005001959213217,968480800
2011-09-23,12.102895736694336,12.175938264734915,11.969682811468518,11.982554942323857,546277200
2011-09-26,12.069069862365723,12.093317720972786,11.7137364953231,11.96998329912461,812876400
2011-09-27,11.952018737792969,12.251072903796667,11.9160962026273,12.235506924863422,632497600
2011-09-28,11.884662628173828,12.086127435338085,11.869693775095815,11.979856252359527,429637600
2011-09-29,11.69188117980957,12.04032956868919,11.561362115034719,12.031648494923092,651086800
2011-09-30,11.414977073669434,11.64158904972757,11.410786017902327,11.58860253006737,547640800
2011-10-03,11.213813781738281,11.454495403765973,11.171007126160568,11.386542405988045,669099200
2011-10-04,11.150947570800781,11.429347058615543,10.604327674116563,11.212914132748313,1233677200
2011-10-05,11.323074340820312,11.370072032321554,10.785732789010208,11.012044970985668,786469600
2011-10-06,11.296730041503906,11.518551397274438,11.12998952357986,11.175790567989493,812582400
2011-10-07,11.070123672485352,11.307810867480493,11.030908554703133,11.24913767156515,535458000
2011-10-10,11.639190673828125,11.639190673828125,11.32187514756149,11.348218920586152,442514800
2011-10-11,11.98284912109375,12.069363267172024,11.719717547637392,11.751747981563202,605687600
2011-10-12,12.039730072021484,12.251073437159507,11.97836223857464,12.19389745895221,622286000
2011-10-13,12.226524353027344,12.226524353027344,12.059484079590124,12.12324598673811,426185200
2011-10-14,12.632750511169434,12.632750511169434,12.431284077459106,12.477984411502229,573367200
2011-10-17,12.572579383850098,12.77344628411052,12.451340137569005,12.624966376955378,686044800
2011-10-18,12.639936447143555,12.71687106741582,12.452840115728252,12.625567111240242,881602400
2011-10-19,11.932861328125,12.226228054702652,11.908313714340641,12.01458492195279,1104059600
2011-10-20,11.833772659301758,11.984647461335749,11.800844535916717,11.974170222163856,549270400
2011-10-21,11.760730743408203,11.948426571817253,11.697267783577145,11.917293814152247,621244400
2011-10-24,12.146896362304688,12.16874852137746,11.836466526571662,11.859815890675831,502138000
2011-10-25,11.907413482666016,12.170246932713294,11.895739598818828,12.124744844913142,430427200
2011-10-26,11.992135047912598,12.050509280713644,11.769115358640372,12.026859347105727,456304800
2011-10-27,12.1145658493042,12.243588477242744,12.030747144429244,12.2004804814342,494664800
2011-10-28,12.122350692749023,12.164260449898869,12.049308178695266,12.063976473793394,322842800
2011-10-31,12.117265701293945,12.253472254319085,12.005605968170304,12.046618054332422,385501200
2011-11-01,11.869694709777832,11.959201679642721,11.771207706338226,11.896637208588224,531790000
2011-11-02,11.896636962890625,11.987341375273795,11.82778471115924,11.976864136744954,327350800
2011-11-03,12.066072463989258,12.075950981251625,11.835270236710157,11.946330414276453,441386400
2011-11-04,11.981354713439941,12.07714786917847,11.949024513386162,12.034939152317554,302229200
2011-11-07,11.966092109680176,11.974175262736138,11.858325262133464,11.971481411292448,270275600
2011-11-08,12.160664558410645,12.213651061102185,12.020866554364309,12.040324621656309,400442000
2011-11-09,11.832877159118652,12.000815175735214,11.801445435803027,11.883467997015009,558684000
2011-11-10,11.53172492980957,11.890650508638865,11.439823067126976,11.885262008640229,744752400
2011-11-11,11.513765335083008,11.635901484436264,11.383246274332116,11.573336204357922,653786000
2011-11-14,11.353309631347656,11.532623338573904,11.321578153144308,11.480834266379263,432905200
2011-11-15,11.639791488647461,11.659847482658606,11.358997180784705,11.399409728940439,430810800
2011-11-16,11.518254280090332,11.70894291464922,11.504782630178067,11.652364862721358,349210400
2011-11-17,11.297928810119629,11.512565525410233,11.240752038411662,11.494603859205698,479900400
2011-11-18,11.223987579345703,11.375161336241986,11.22219141276322,11.343130897897492,371938000
2011-11-21,11.046472549438477,11.12639997050056,10.953672200466487,11.088081746935647,447980400
2011-11-22,11.270989418029785,11.313497904055826,11.104248846418521,11.106643735736172,409021200
2011-11-23,10.986002922058105,11.25093153199436,10.982709549883594,11.211116900618618,428271200
2011-11-25,10.883625030517578,11.11053520130326,10.876140601604202,11.028811600492855,254760800
2011-11-28,11.25931167602539,11.277273342307401,11.085985992895527,11.146455337320766,346413200
2011-11-29,11.171902656555176,11.340439391920855,11.082096706953214,11.250932403796735,375855200
2011-11-30,11.44131851196289,11.44371340065001,11.324570086551947,11.414077852189974,405938400
2011-12-01,11.612848281860352,11.644878717531357,11.397911828269176,11.451496261130924,387181200
2011-12-02,11.6658353805542,11.78348149811725,11.632307735852674,11.66972667527339,379055600
2011-12-05,11.764923095703125,11.8667042907843,11.686492870327838,11.779292431299218,357210000
2011-12-06,11.703256607055664,11.813419917497496,11.656258902365886,11.74995614962262,283598000
2011-12-07,11.647574424743652,11.702955029067864,11.577824487653862,11.672719957721332,304746400
2011-12-08,11.694572448730469,11.839460017517572,11.681700321659184,11.718221574943223,376356400
2011-12-09,11.78317642211914,11.795749582971442,11.705643928600969,11.760126826265868,296993200
2011-12-12,11.72989559173584,11.791562373486975,11.65835029434687,11.725105814611556,301067200
2011-12-13,11.639190673828125,11.83646601332714,11.588001132107243,11.764620158985483,338928800
2011-12-14,11.381150245666504,11.596386509889001,11.306012597563845,11.576029952269264,406887600
2011-12-15,11.343732833862305,11.487423003721194,11.324873479084268,11.475149594944778,256200000
2011-12-16,11.405997276306152,11.49969531892224,11.36259110810304,11.386240239542408,421478400
2011-12-19,11.441619873046875,11.520649612051466,11.389830797625299,11.44940326236866,235530400
2011-12-20,11.852931022644043,11.857421838693073,11.592792229606706,11.607759484804646,337215200
2011-12-21,11.867897987365723,11.89334327810003,11.734984073164698,11.875081853532762,262948000
2011-12-22,11.930763244628906,11.948126187826816,11.857421776077356,11.884362675418968,202358800
2011-12-23,12.07385540008545,12.081638788900365,11.95890313259762,11.96489035476294,269399200
2011-12-27,12.169647216796875,12.246282053351461,12.064573477769123,12.066969165733598,265076000
2011-12-28,12.053199768066406,12.221136951706562,12.014283623725973,12.180425440095801,228662000
2011-12-29,12.127439498901367,12.143306037920828,11.989438419261047,12.075950985055757,215978000
2011-12-30,12.123847007751465,12.162164428672305,12.078644681304574,12.079242604134421,179662000
2012-01-03,12.310342788696289,12.348361242688458,12.243587272383765,12.255561714485545,302220800
2012-01-04,12.376500129699707,12.413620901855223,12.251969123787234,12.273522321160703,260022000
2012-01-05,12.51390552520752,12.529471503086752,12.353451172629976,12.42170470424905,271269600
2012-01-06,12.64472770690918,12.655204949218128,12.54953324348597,12.565997709789274,318292800
2012-01-09,12.624666213989258,12.804877592428314,12.613290492628005,12.73752334593129,394024400
2012-01-10,12.66987133026123,12.75249341015068,12.617783288758169,12.749798760079983,258196400
2012-01-11,12.649214744567871,12.658195578443165,12.552224136801183,12.653106039566085,215084800
2012-01-12,12.614490509033203,12.659692843563281,12.535460764291553,12.641133251656948,212587200
2012-01-13,12.567190170288086,12.586349280689944,12.53276484282787,12.56389839723089,226021600
2012-01-17,12.71357536315918,12.752192546635523,12.661487329425261,12.698607307671816,242897200
2012-01-18,12.845593452453613,12.856369655255149,12.761474961747343,12.781231999685387,276791200
2012-01-19,12.804883003234863,12.91324856559775,12.767763011943265,12.876728096098445,261738400
2012-01-20,12.581857681274414,12.797392863705527,12.565393221478788,12.79709390230515,413974400
2012-01-23,12.79470157623291,12.8258351349334,12.641731630132496,12.65280759268138,306062400
2012-01-24,12.585152626037598,12.7255501929942,12.559408369181671,12.7255501929942,547638000
2012-01-25,13.370955467224121,13.604151746764316,13.283244671658293,13.603852785373746,958314000
2012-01-26,13.310192108154297,13.434722363337752,13.265588490978399,13.421851031525957,323985200
2012-01-27,13.389517784118652,13.425440318524581,13.28444483061453,13.301507215111172,299709200
2012-01-30,13.56104564666748,13.587688382936987,13.332938100692717,13.342516855829755,379341200
2012-01-31,13.664924621582031,13.717610586014718,13.562844466370636,13.638281878530272,391683600
2012-02-01,13.656245231628418,13.74006476644361,13.637087714115392,13.72270261671554,270046000
2012-02-02,13.624216079711914,13.685583131344691,13.590089700028361,13.64756545548622,186796400
2012-02-03,13.760717391967773,13.770296948069868,13.637383804601946,13.689471841544924,286599600
2012-02-06,13.889144897460938,13.919379983000377,13.716418657947338,13.721806360901438,249412800
2012-02-07,14.034624099731445,14.062165318169022,13.907397643397642,13.92745523476688,316223600
2012-02-08,14.26961898803711,14.272910761143113,14.060668933929048,14.084617822286473,407890000
2012-02-09,14.76325511932373,14.870424005789056,14.385769127654825,14.391756350255484,884214800
2012-02-10,14.77073860168457,14.89646707760525,14.62495253056914,14.697098162511875,631302000
2012-02-13,15.045551300048828,15.082371531331196,14.88060606440575,14.95364860388857,517216000
2012-02-14,15.250904083251953,15.2538968954401,15.027586257129501,15.107213926282817,460398400
2012-02-15,14.897963523864746,15.754713397138882,14.874612559033805,15.394591191609752,1506120000
2012-02-16,15.033869743347168,15.1140969197732,14.567475539218405,14.71326159778748,944552000
2012-02-17,15.031179428100586,15.200314892986233,14.976696494211728,15.060814985056417,535805200
2012-02-21,15.412254333496094,15.412254333496092,15.09104666320974,15.173668729259555,605595200
2012-02-22,15.358068466186523,15.431409929216096,15.239224120960813,15.359265910454843,483302400
2012-02-23,15.458357810974121,15.501465821881675,15.252103149084,15.419142694539195,568027600
2012-02-24,15.638566017150879,15.653234312594758,15.525710470155914,15.556543466987591,415072000
2012-02-27,15.738850593566895,15.820873142680513,15.45506264559673,15.605636893052475,547582000
2012-02-28,16.02773094177246,16.02773094177246,15.741548039466583,15.80471205141697,600387200
2012-02-29,16.238176345825195,16.392944087017568,16.036412493606857,16.211834159086358,952011200
2012-03-01,16.29894256591797,16.41090283482652,16.128310710016873,16.40970379152168,683270000
2012-03-02,16.3201961517334,16.36869025483053,16.240566893596654,16.29205700596435,431712400
2012-03-05,15.960376739501953,16.38905077365579,15.746037324338058,16.327384766437852,809124400
2012-03-06,15.873556137084961,15.976234184704204,15.453262793795496,15.675982630181396,810238800
2012-03-07,15.886433601379395,16.0986754614382,15.66521010743454,16.06933886802257,798520800
2012-03-08,16.224702835083008,16.254637348352375,15.929239404921798,16.006173214340112,516457200
2012-03-09,16.31989860534668,16.396832421045183,16.25823100896793,16.291159935486817,418919200
2012-03-12,16.524354934692383,16.524354934692383,16.374675987822442,16.43394868451563,407282400
2012-03-13,17.006319046020508,17.008713935418214,16.636615589191496,16.690201639146284,690855200
2012-03-14,17.64932632446289,17.803193917957312,17.224841119289877,17.304171403326148,1418844000
2012-03-15,17.528989791870117,17.96155665103803,17.31914282669467,17.949582205330202,1159718000
2012-03-16,17.529293060302734,17.63795838403282,17.302681815457632,17.503847756602745,825487600
2012-03-19,17.994184494018555,18.014240489170852,17.6334627529099,17.912460910105032,901236000
2012-03-20,18.139678955078125,18.16781651250495,17.706213488018502,17.946594559585673,816662000
2012-03-21,18.036096572875977,18.250135405227727,18.003468204926328,18.043281240697315,644042000
2012-03-22,17.941497802734375,18.095964930372787,17.827443223895308,17.89479747189421,623870800
2012-03-23,17.843006134033203,18.015134329938743,17.793611963722267,17.97591923401833,430488800
2012-03-26,18.170202255249023,18.175292592620977,17.819360663976124,17.954966036534728,595742000
2012-03-27,18.394723892211914,18.448607301692995,18.14266739380827,18.14625972768864,607129600
2012-03-28,18.48872184753418,18.60337437867393,18.269893227234167,18.511471697887924,655460400
2012-03-29,18.256412506103516,18.456980386175434,18.177683358168863,18.343824322378772,608238400
2012-03-30,17.947782516479492,18.27737066192825,17.899585783791085,18.223786229330734,731038000
2012-04-02,18.51895523071289,18.52314548737613,17.972632732433848,18.016039698730552,598351600
2012-04-03,18.838960647583008,18.925475603771726,18.635100939120505,18.77849050616414,834559600
2012-04-04,18.688983917236328,18.735383686561857,18.470155359679556,18.690181361581324,572980800
2012-04-05,18.969480514526367,18.998817102320896,18.66174370537209,18.768912578735492,641298000
2012-04-09,19.045812606811523,19.153879950717,18.718619362590694,18.74346513144736,597536800
2012-04-10,18.812612533569336,19.278407056182104,18.739570048657058,19.156569927555772,889725200
2012-04-11,18.745567321777344,19.064978084546283,18.659950829650246,19.04492208593305,696614800
2012-04-12,18.642887115478516,18.899135464200498,18.5749333333405,18.70964345301422,614336800
2012-04-13,18.11781883239746,18.700662576228524,18.066330315539638,18.682999869458197,859644800
2012-04-16,17.366445541381836,18.268997635602307,17.31016723084725,18.262412488136484,1050786800
2012-04-17,18.251628875732422,18.260608909702498,17.120370015618544,17.3308164802112,1025528000
2012-04-18,18.210918426513672,18.567449936675974,18.042380908907692,18.37197071686267,954531200
2012-04-19,17.58526611328125,18.102849880129657,17.497854268154168,17.967840817702044,834719200
2012-04-20,17.152400970458984,17.800204045753016,17.075766122447586,17.703212641577455,1030985200
2012-04-23,17.11408805847168,17.262868582911004,16.66266254038874,17.081459684664086,966529200
2012-04-24,16.77222442626953,16.994045863830884,16.61416492136542,16.84197358250076,1076149200
2012-04-25,18.2606143951416,18.50009855976767,18.140873112190917,18.42945091505632,905777600
2012-04-26,18.191757202148438,18.4010062102182,18.02501667003518,18.38843224491684,536068400
2012-04-27,18.051063537597656,18.14625958531834,17.976225647097145,18.11303169622897,406722400
2012-04-30,17.481687545776367,17.913357422161344,17.452350959841585,17.895395757693915,506144800
2012-05-01,17.42630386352539,17.864258226510266,17.399362172187796,17.5092248642735,610999200
2012-05-02,17.54155731201172,17.58406578316297,17.328417033497526,17.36972806040897,427389200
2012-05-03,17.417030334472656,17.703812700662994,17.371529041566216,17.67687099840168,390549600
2012-05-04,16.921005249023438,17.31345860602553,16.918610359322937,17.275141969542293,529992400
2012-05-07,17.047622680664062,17.146110465940755,16.80065501470125,16.808738162587083,460118400
2012-05-08,17.008708953857422,17.108093637304968,16.72581952118642,17.050617907318273,497252000
2012-05-09,17.038646697998047,17.18233844832552,16.78928565974297,16.874601587337022,480704000
2012-05-10,17.07876205444336,17.239216446661402,17.016498127544036,17.2003002933059,333200000
2012-05-11,16.964704513549805,17.19700392694799,16.89405689389938,16.91351496538083,399546000
2012-05-14,16.710554122924805,16.98865381842498,16.691994532206376,16.840773416851718,352626400
2012-05-15,16.55937957763672,16.860230705023692,16.51687109847244,16.807245785829192,476336000
2012-05-16,16.34713363647461,16.670736127435564,16.196258869157454,16.585719190458583,560896000
2012-05-17,15.869365692138672,16.389643226931675,15.869365692138672,16.324084353463846,717220000
2012-05-18,15.877161026000977,16.267219609849548,15.631691153253943,15.984329974032606,732292400
2012-05-21,16.802156448364258,16.809940637215888,15.987014864921845,16.00048731500455,631106000
2012-05-22,16.673131942749023,17.179339101452403,16.541715236122478,17.04971776181095,694870400
2012-05-23,17.079957962036133,17.147013254144902,16.56117673219042,16.688999533849156,584897600
2012-05-24,16.923093795776367,17.257772291181738,16.80065711164796,17.238912143335416,496230000
2012-05-25,16.83238410949707,16.9389550276128,16.71803060468186,16.901236340677542,328507200
2012-05-29,17.131147384643555,17.182936463126815,16.92279842230191,17.09013690612122,380508800
2012-05-30,17.33770751953125,17.362254341092626,16.960221400825525,17.039251167026094,529429600
2012-05-31,17.294586181640625,17.4074416711569,17.106891248353396,17.38469023724456,491674400
2012-06-01,16.793476104736328,17.14252400812967,16.779407329860515,17.038048966157,520987600
2012-06-04,16.89225959777832,16.988352508928035,16.41958082842876,16.808740651726808,556995600
2012-06-05,16.848554611206055,16.9575204548963,16.713846110526163,16.801855877466917,388214400
2012-06-06,17.106903076171875,17.178447600306963,16.928487010632512,16.99644079933806,401455600
2012-06-07,17.11467742919922,17.28231481285809,17.07815618224095,17.28141792879472,379766800
2012-06-08,17.372129440307617,17.37991363013706,17.033260587436715,17.11109289338385,347516400
2012-06-11,17.098217010498047,17.616996593675488,17.08205071216127,17.59364722785185,591264800
2012-06-12,17.247594833374023,17.261364645075503,16.964406417499188,17.196705842747086,435380400
2012-06-13,17.127851486206055,17.3170428884,17.074566014509283,17.198499100795924,293580000
2012-06-14,17.108993530273438,17.16796726959866,16.981170732066175,17.100312457714992,345573200
2012-06-15,17.186826705932617,17.201495001480804,17.049721707794504,17.09312867154697,335255200
2012-06-18,17.535581588745117,17.59874561476821,17.074277483634056,17.091940197433523,440412000
2012-06-19,17.584365844726562,17.661897559289173,17.455344029311966,17.464324061493965,361404400
2012-06-20,17.53437614440918,17.63944909006576,17.386494162861872,17.608315536458708,358943200
2012-06-21,17.292797088623047,17.608615464476117,17.285911383439398,17.525395474313644,326351200
2012-06-22,17.4254207611084,17.42811461287511,17.225452227588832,17.333818609964567,284471600
2012-06-25,17.086246490478516,17.356563623526625,17.074272044043745,17.281724132671552,304382400
2012-06-26,17.123960494995117,17.197600922259912,16.98326318611002,17.103004420126748,276536400
2012-06-27,17.197906494140625,17.26496180281141,17.120673704245363,17.212873754464777,202997200
2012-06-28,17.034757614135742,17.182938601813554,16.931780564729642,17.113189444645798,282836400
2012-06-29,17.482288360595703,17.482288360595703,17.190417286623042,17.30267490008202,421500800
2012-07-02,17.737340927124023,17.7657790375605,17.470317174064018,17.50414458460626,400092000
2012-07-03,17.943593978881836,17.961256684994098,17.781644805595608,17.80798698595511,241712800
2012-07-05,18.258811950683594,18.390527630624906,17.950776188820555,17.97801684851032,484383200
2012-07-06,18.137279510498047,18.2139143738748,18.008558199873672,18.17350181360699,418930400
2012-07-09,18.37706184387207,18.377360805358382,18.084293816374057,18.119916596256274,379405600
2012-07-10,18.207019805908203,18.556065948374403,18.120205912920593,18.499188156196947,511957600
2012-07-11,18.0938720703125,18.19056292266311,17.878037879989396,18.14446210556023,469322000
2012-07-12,17.928329467773438,18.06513391823153,17.742130826510593,17.968443063108822,428041600
2012-07-13,18.11003303527832,18.176488797861293,17.96125417361228,18.049564494377247,311427200
2012-07-16,18.168106079101562,18.30910073609054,18.111527240762033,18.11452165060125,301260400
2012-07-17,18.169004440307617,18.305509879709867,18.05554780302125,18.284254845782517,293624800
2012-07-18,18.148651123046875,18.210916632928413,18.067824425661172,18.158529639635006,252700000
2012-07-19,18.389934539794922,18.420767540605805,18.140870847825276,18.29893034477481,436861600
2012-07-20,18.089981079101562,18.393526091862277,18.072019410047083,18.35131656926536,397471200
2012-07-23,18.075904846191406,18.13787138530015,17.593346018415776,17.79361336760399,487975600
2012-07-24,17.988798141479492,18.25103209631162,17.916652508871998,18.182179835813315,565132400
2012-07-25,17.211971282958984,17.386494405760743,17.06319241509912,17.19670506607765,877312800
2012-07-26,17.209272384643555,17.374514865299144,17.073964406138675,17.355355760739535,406632800
2012-07-27,17.517011642456055,17.537069234456894,17.110788649735053,17.213167740803907,403936400
2012-07-30,17.812475204467773,17.94448984462793,17.596639461266776,17.68944059741424,379142400
2012-07-31,18.28335952758789,18.31150027011867,18.04267960006283,18.057945816994227,462327600
2012-08-01,18.165117263793945,18.45219860176599,18.05106266788784,18.437530305590737,384501600
2012-08-02,18.194446563720703,18.281258861417708,17.968733950219,18.046267255340666,332158400
2012-08-03,18.43124008178711,18.499492808006877,18.30730699510678,18.369273538446944,344920800
2012-08-06,18.636301040649414,18.70575122539765,18.418071968609095,18.47883948137999,302103200
2012-08-07,18.587202072143555,18.709637144316375,18.50128664994062,18.642880829290217,290446800
2012-08-08,18.555770874023438,18.67611162640317,18.4731488172038,18.54170050401435,244706000
2012-08-09,18.66160011291504,18.691664758736685,18.573512707643324,18.575015538537265,221642400
2012-08-10,18.690757751464844,18.69256082696969,18.60056704769484,18.600867292680956,194938800
2012-08-13,18.94028663635254,18.94028663635254,18.73735476445048,18.74156461616561,278832400
2012-08-14,18.991104125976562,19.19914830247686,18.946610047495557,18.996516566022734,340169200
2012-08-15,18.965246200561523,19.06054912279022,18.872650300703864,18.979376985785418,257342400
2012-08-16,19.130895614624023,19.14352196070898,18.955321327100854,18.976667623031613,254534000
2012-08-17,19.48474884033203,19.487154011650787,19.205154899674078,19.240930618849333,442761200
2012-08-20,19.997045516967773,19.997045516967773,19.538569621952977,19.54187713497602,613384800
2012-08-21,19.723758697509766,20.289563265086084,19.55149189709887,20.16750321679882,812719600
2012-08-22,20.108882904052734,20.112790907322893,19.48475519362434,19.67445872787899,565322800
2012-08-23,19.92127227783203,20.139836139869292,19.876776620771796,20.02589399001411,420128800
2012-08-24,19.939008712768555,20.127209297643542,19.708419003189732,19.827471736331074,437340400
2012-08-27,20.313608169555664,20.469639206825278,20.249270654692207,20.44318232853624,427008400
2012-08-28,20.287158966064453,20.326242202801154,20.162993985924807,20.292569799512925,267416800
2012-08-29,20.247173309326172,20.373441609985804,20.221018271779975,20.300687575834132,202806800
2012-08-30,19.95855712890625,20.18944876774103,19.927891996191075,20.16209114711514,302699600
2012-08-31,19.999746322631836,20.100760316005974,19.75953423074919,20.060174250511626,338321200
2012-09-04,20.292264938354492,20.297375525579614,19.977495795050682,20.01537643733855,367892000
2012-09-05,20.149757385253906,20.33374811160234,20.13081626618369,20.310298502038847,336375200
2012-09-06,20.331344604492188,20.392074361746218,20.16689547359039,20.23814664844398,391196400
2012-09-07,20.456722259521484,20.518052537054146,20.31632316039153,20.38486734799682,329666400
2012-09-10,19.924589157104492,20.542402004316514,19.905347782842263,20.457021617205154,487998000
2012-09-11,19.859949111938477,20.14585624856809,19.736986725508185,19.99583809104022,503983200
2012-09-12,20.13654327392578,20.13985078737464,19.72196251900165,20.04815559656667,712233200
2012-09-13,20.533082962036133,20.608844266845626,20.286257428465614,20.364423905033778,598360000
2012-09-14,20.782608032226562,20.95397245757458,20.680690111980933,20.7429243150252,600474000
2012-09-17,21.038162231445312,21.038762721717376,20.88273158631862,21.025234029117357,398031200
2012-09-18,21.10218620300293,21.114812547585505,20.93713496058179,21.041156194873686,373503200
2012-09-19,21.10790252685547,21.16472269286766,21.031840990092764,21.052585191536078,326874800
2012-09-20,21.00567626953125,21.04656416664669,20.852951159128455,21.01950519664408,336568400
2012-09-21,21.047468185424805,21.1971860533712,21.025521403328035,21.117216532858095,571589200
2012-09-24,20.767887115478516,20.898065068068288,20.533689467823727,20.649736630794337,639766400
2012-09-25,20.249279022216797,20.827709982764283,20.23304331012735,20.691819384623223,518789600
2012-09-26,19.99793815612793,20.22371755572645,19.8782833110075,20.104965051099786,576503200
2012-09-27,20.483177185058594,20.508731734513315,19.85273636691371,19.971188671891216,594090000
2012-09-28,20.055673599243164,20.476869394395216,20.04515056825778,20.40591841190451,535110800
2012-10-01,19.823869705200195,20.34578063532438,19.736984899448807,20.1777221014366,543594800
2012-10-02,19.881591796875,20.033114373616435,19.561109954719516,19.896623314310823,627992400
2012-10-03,20.186445236206055,20.19877294616767,19.921282264057034,19.988325225395542,424281200
2012-10-04,20.046642303466797,20.27061864827396,20.009063511296215,20.180426335888136,370725600
2012-10-05,19.61943244934082,20.02258919972469,19.580048978755205,19.998539095525498,594006000
2012-10-08,19.185916900634766,19.468217912825878,19.123984531087675,19.447773953023862,637994000
2012-10-09,19.116161346435547,19.25565804387077,18.7463751608079,19.200340720181906,838597200
2012-10-10,19.268287658691406,19.39064793607216,19.15073772380344,19.233112430609978,510356000
2012-10-11,18.883163452148438,19.45738590573269,18.883163452148438,19.4363414652363,546081200
2012-10-12,18.931575775146484,19.102037908450622,18.79899429430867,18.92706567669449,460014800
2012-10-15,19.083391189575195,19.094514703242975,18.755393644883764,19.01093742546258,432502000
2012-10-16,19.535261154174805,19.550594526906032,18.97035883010244,19.101739342194385,549771600
2012-10-17,19.37952423095703,19.625447368937035,19.36118520177968,19.50759719019271,389037600
2012-10-18,19.019655227661133,19.30285685908718,18.94028619828628,19.228600021760744,476624400
2012-10-19,18.334199905395508,18.993500963987334,18.327584882195982,18.971856030066746,744086000
2012-10-22,19.06145477294922,19.102040848498003,18.361865983322232,18.411772502282705,546730800
2012-10-23,18.44002914428711,19.057543330430455,18.390124239921548,18.97035665914615,707145600
2012-10-24,18.544353485107422,18.83657546871383,18.35825771190643,18.682949518397468,558527200
2012-10-25,18.3251895904541,18.699787959311628,18.20523442911993,18.639658650482072,656325600
2012-10-26,18.158628463745117,18.459268470383915,17.767797739585404,18.321875059319886,1018432800
2012-10-31,17.89767837524414,18.097302838519692,17.668591357166434,17.884449928976295,510003200
2012-11-01,17.93434715270996,18.128559075441956,17.863095974675257,17.98485413397137,361298000
2012-11-02,17.34088897705078,17.94667746626137,17.279258467752214,17.914809748440398,599373600
2012-11-05,17.57598876953125,17.670689581854283,17.364938997101934,17.54291846619434,529135600
2012-11-06,17.522777557373047,17.75998240203623,17.43980234353123,17.744650636387213,374917200
2012-11-07,16.852310180664062,17.35183856110683,16.784356165874346,17.330697993072633,793648800
2012-11-08,16.240737915039062,16.980066044618752,16.166443484886003,16.931742890448596,1056146000
2012-11-09,16.521902084350586,16.758075710245414,16.119016904684646,16.32136595633282,929913600
2012-11-12,16.394161224365234,16.746610579906392,16.2679193994698,16.73603948636534,515802000
2012-11-13,16.396259307861328,16.625184383000587,16.198742639481555,16.275756381891647,532949200
2012-11-14,16.214460372924805,16.53368829545471,16.19331980339586,16.474795672031316,477170400
2012-11-15,15.874388694763184,16.29358217432644,15.783786050917712,16.234086336049547,789910800
2012-11-16,15.936602592468262,16.006669512941105,15.274288659691301,15.861703359347535,1266893600
2012-11-19,17.08576202392578,17.139217470476687,16.305059598180982,16.330126012243127,823317600
2012-11-20,16.940195083618164,17.273618309911036,16.749021896120155,17.27241023136763,642754000
2012-11-21,16.96405029296875,17.13529094306279,16.81002274115106,17.041064068877596,373002000
2012-11-23,17.260028839111328,17.27513062965949,16.99123858051153,17.129257945992325,272826400
2012-11-26,17.804550170898438,17.818743878860882,17.326765767062184,17.392906833245814,630579600
2012-11-27,17.661100387573242,17.831436237885004,17.51975842256458,17.805160126098578,533330000
2012-11-28,17.60552978515625,17.691904979452723,17.282979273873487,17.434287478552157,520864400
2012-11-29,17.79941749572754,17.947101437938592,17.675291886685287,17.825391985481772,514698800
2012-11-30,17.676198959350586,17.77042746511471,17.597675473367453,17.721802710946328,391319600
2012-12-03,17.70368003845215,17.957371651636947,17.682841090272404,17.92898261704626,364280000
2012-12-04,17.391403198242188,17.57110045908521,17.27905511139241,17.57110045908521,557068400
2012-12-05,16.27214241027832,17.1920723692957,16.271537564596493,17.181804509000962,1044638000
2012-12-06,16.52734375,16.71066360521322,15.663283789274933,15.974659959407589,1177212400
2012-12-07,16.10482406616211,16.767741240562128,16.006669730320823,16.713379335456633,787040800
2012-12-10,16.00123405456543,16.26368218176257,15.752374790612448,15.85566305463965,630484400
2012-12-11,16.350662231445312,16.597406955893184,16.229252794634196,16.3017358719774,592345600
2012-12-12,16.278474807739258,16.550285844983687,16.196025518915548,16.5433389948142,487144000
2012-12-13,15.997312545776367,16.237413735614783,15.879828916305648,16.04140660888089,625259600
2012-12-14,15.3962984085083,15.648177012288732,15.269151835145781,15.546096846342513,1009579200
2012-12-17,15.669323921203613,15.7046598118333,15.137782318647728,15.370331769765928,757607200
2012-12-18,16.124465942382812,16.154666304540203,15.712217450384868,15.855674009400174,625685200
2012-12-19,15.895224571228027,16.11841255158219,15.870761394367817,16.051063411147368,449369200
2012-12-20,15.756905555725098,16.012710060572164,15.67083200199354,16.006669669703157,481689600
2012-12-21,15.684427261352539,15.69469512250042,15.409896654629764,15.477245823666973,596268400
2012-12-24,15.709794998168945,15.833015781281002,15.66570093868,15.715232157966195,175753200
2012-12-26,15.493250846862793,15.688351478798436,15.43647277421625,15.67445777054955,302436400
2012-12-27,15.555469512939453,15.591408644068535,15.241375507035459,15.509562522983618,455120400
2012-12-28,15.390264511108398,15.537950084550953,15.345868838038127,15.411406690312944,354278400
2012-12-31,16.07221031188965,16.169761441544754,15.372447369831674,15.418654356527652,659492400
2013-01-02,16.581405639648438,16.76170775295505,16.357917536291332,16.726070238476407,560518000
2013-01-03,16.372106552124023,16.600730133928707,16.338885204532,16.546669838388492,352965200
2013-01-04,15.916070938110352,16.267312127550873,15.880735042505128,16.217177672415893,594333600
2013-01-07,15.822443008422852,15.985528735778198,15.559691630454903,15.76506009717472,484156400
2013-01-08,15.86502742767334,16.063752291381817,15.742411502863407,15.982812651824167,458707200
2013-01-09,15.617076873779297,15.85596833840594,15.583552293618034,15.78016262548801,407604400
2013-01-10,15.810665130615234,15.968012079740976,15.569355937156203,15.962878150439593,601146000
2013-01-11,15.713725090026855,15.865334937224311,15.675066570950412,15.734865661185692,350506800
2013-01-14,15.153480529785156,15.327137289471674,15.055627834443436,15.181566324338881,734207600
2013-01-15,14.67540454864502,15.070134989267808,14.59869235771436,15.049296034939175,876772400
2013-01-16,15.284557342529297,15.385732684363772,14.87412365206808,14.938753417839465,690804800
2013-01-17,15.181571006774902,15.425296358661049,15.16194175132546,15.412007497884717,453678400
2013-01-18,15.100637435913086,15.167683379279485,14.991911974106273,15.055938527413446,472922800
2013-01-22,15.244698524475098,15.338623821919462,14.99886015128678,15.238356514454125,461546400
2013-01-23,15.523759841918945,15.553356966988881,15.24470008202932,15.36671281882307,861509600
2013-01-24,13.605673789978027,14.065638797417726,13.598122089566587,13.89258517918955,1460852400
2013-01-25,13.28493881225586,13.778729338644172,13.137556421344128,13.641616424213518,1208026400
2013-01-28,13.58543586730957,13.6875160658981,13.163524595095055,13.223021242623604,785517600
2013-01-29,13.84033489227295,13.898624271949608,13.654597273466528,13.847281746316154,571158000
2013-01-30,13.796843528747559,13.971105181987994,13.726474988956426,13.801977457925041,417155200
2013-01-31,13.756380081176758,13.870842722274629,13.740978286516729,13.801380612228678,319334400
2013-02-01,13.699899673461914,13.87687913052377,13.540739776409712,13.865704808316412,539484400
2013-02-04,13.358622550964355,13.769963484030404,13.348957925752146,13.708654727531528,477117200
2013-02-05,13.827348709106445,13.884731624468378,13.355604595796503,13.410872970808226,573347600
2013-02-06,13.81255054473877,14.08889081472302,13.668489213065886,13.785972820192425,593706400
2013-02-07,14.22325611114502,14.277326495713758,13.79493540777304,14.072281162651175,704580800
2013-02-08,14.428600311279297,14.544945115565183,14.224160191336546,14.39883070717073,633158400
2013-02-11,14.578967094421387,14.73115872290327,14.376048708529694,14.474773478115742,517490400
2013-02-12,14.213528633117676,14.653391958808754,14.208668157320757,14.566208390942775,609053200
2013-02-13,14.186493873596191,14.387895395529906,14.071364182225299,14.192569468869758,475207600
2013-02-14,14.173734664916992,14.327139781607519,14.095665300547854,14.11085347621021,355275200
2013-02-15,13.978408813476562,14.282182061908197,13.97111809977132,14.242386510686659,391745200
2013-02-19,13.973247528076172,14.056482389990297,13.78673239135643,14.006967494647043,435783600
2013-02-20,13.634845733642578,13.903380613198063,13.633325617755894,13.903380613198063,476302400
2013-02-21,13.550087928771973,13.64456220783057,13.451665729974234,13.548265250396412,447182400
2013-02-22,13.694381713867188,13.71837909793276,13.566493275212437,13.646993694089243,330654800
2013-02-25,13.45106315612793,13.82531097595249,13.444075814606062,13.786732155105028,372579200
2013-02-26,13.638487815856934,13.716557185258655,13.29492061779681,13.482044080556102,501499600
2013-02-27,13.504827499389648,13.743896900919289,13.38574907664115,13.622083243555615,587350400
2013-02-28,13.408530235290527,13.605070441779878,13.408530235290527,13.489029833268212,322515200
2013-03-01,13.076510429382324,13.310719387858768,13.061625624430889,13.305250540175795,552448400
2013-03-04,12.759980201721191,13.007554680529818,12.728083725014292,12.995403487277457,582755600
2013-03-05,13.09686279296875,13.219890778779494,12.781243271728304,12.803418792606626,638433600
2013-03-06,12.930394172668457,13.22171290093128,12.893029664930566,13.19923319698364,460250000
2013-03-07,13.079850196838379,13.123290298960946,12.79065834113787,12.895156149961648,468473600
2013-03-08,13.114480018615723,13.22717947351539,13.020006538640773,13.056155925463509,391482000
2013-03-11,13.301301956176758,13.335932854534144,12.914598775043553,13.054638428460214,474236000
2013-03-12,13.01453685760498,13.331979780266446,12.988412612012267,13.23234246240984,465911600
2013-03-13,13.01210880279541,13.198928906514265,12.92128148744229,13.015147411762944,405549200
2013-03-14,13.138175010681152,13.203181448412414,13.075900562995798,13.14819852641668,303875600
2013-03-15,13.477182388305664,13.494497426215242,13.282463244194627,13.303120264498446,643960800
2013-03-18,13.843538284301758,13.896393542095122,13.402459697926126,13.41005378821866,606197200
2013-03-19,13.806173324584961,14.003017772730178,13.624212059093422,13.958361735480867,526775200
2013-03-20,13.73296070098877,13.90155562923312,13.657321568423338,13.895176659834373,308660800
2013-03-21,13.752706527709961,13.91218725831892,13.672815286470152,13.67646064374634,383255600
2013-03-22,14.031573295593262,14.037343895614331,13.76425353481968,13.808907953031634,395105200
2013-03-25,14.082298278808594,14.275802310910478,14.027619551336496,14.11601661110684,501135600
2013-03-26,14.008184432983398,14.150956915226129,13.989654266604482,14.138805720498578,294294000
2013-03-27,13.73296070098877,13.876341503496764,13.69195165000668,13.866013802786583,331237200
2013-03-28,13.446809768676758,13.725065588023035,13.415217479294132,13.664311247761145,442839600
2013-04-01,13.029119491577148,13.478399613900653,12.993578476652058,13.423720068651642,389732000
2013-04-02,13.055852890014648,13.309502935006607,12.952873567463117,12.989327142845076,529519200
2013-04-03,13.122681617736816,13.283377464233936,13.071647428048639,13.10384727218536,363216000
2013-04-04,12.99297046661377,13.214117269488913,12.917938892248705,13.17645020079394,358447600
2013-04-05,12.855668067932129,12.908828318556825,12.74873919589464,12.89515782136783,383695200
2013-04-08,12.947103500366211,12.986289881226394,12.834100649600675,12.90579025514089,300829200
2013-04-09,12.970490455627441,13.016663353792781,12.841994464650815,12.951656922905421,306614000
2013-04-10,13.235081672668457,13.27669910765954,12.941029259232444,13.004518032851848,375928000
2013-04-11,13.193767547607422,13.304947716846227,13.098685680891643,13.175236573046378,328364400
2013-04-12,13.056153297424316,13.188293819722857,13.034585343811456,13.188293819722857,238613200
2013-04-15,12.753902435302734,12.998135699996663,12.744789041913904,12.97109970519028,317520000
2013-04-16,12.94801139831543,12.959250031810296,12.775771938163915,12.806149100614238,305771200
2013-04-17,12.235970497131348,12.776687220885641,12.093501411668326,12.76666208123752,945056000
2013-04-18,11.909415245056152,12.32679896790954,11.839243326049873,12.302497394396001,666299200
2013-04-19,11.863240242004395,12.13876241473942,11.698290662933113,11.785474241780328,609274400
2013-04-22,12.11051082611084,12.217743873121522,11.885720275238324,11.927336077743949,429920400
2013-04-23,12.337127685546875,12.405476115672531,12.11476491790011,12.272119616627691,664238400
2013-04-24,12.316773414611816,12.614166942200978,11.923083718889322,11.95467681790424,969651200
2013-04-25,12.405475616455078,12.574373130136328,12.363554815045745,12.492050831904344,384837600
2013-04-26,12.6734037399292,12.721095955097661,12.401526883767735,12.448915724695649,764097600
2013-04-29,13.065877914428711,13.172198408212214,12.758459254020424,12.772128939088477,640326400
2013-04-30,13.450451850891113,13.525484234193401,13.125111436892393,13.217154675440435,691538400
2013-05-01,13.344437599182129,13.515765352722488,13.195589551123271,13.50148810752421,506909200
2013-05-02,13.533690452575684,13.626947213735608,13.385144949075256,13.420078414122735,421828400
2013-05-03,13.669168472290039,13.767894860095184,13.643954348236674,13.709569149892726,361300800
2013-05-06,13.995121955871582,14.040383124578744,13.800706100983277,13.843233656683823,496641600
2013-05-07,13.932844161987305,14.148218746640426,13.78217264052272,14.124524735711745,483753200
2013-05-08,14.09019660949707,14.136674504108134,13.846267562133104,13.944385579029928,472598000
2013-05-09,13.967273712158203,14.157776723634194,13.930885863462848,14.060232401292291,398487600
2013-05-10,13.851076126098633,14.05717485636247,13.774936327044552,14.003968121784121,334852000
2013-05-13,13.905197143554688,14.001825303003455,13.806124293304924,13.80642967552255,316948800
2013-05-14,13.57250690460205,13.919265167656167,13.520217137162815,13.877984674789976,447118000
2013-05-15,13.11352825164795,13.485056052703152,12.915075470862423,13.428792218529885,741613600
2013-05-16,13.288742065429688,13.388733540796187,12.809273881644426,12.941983723304425,603204000
2013-05-17,13.24837875366211,13.457229226266273,13.179577915350656,13.425427822875386,427904400
2013-05-20,13.5440673828125,13.631827206171693,13.151746784287559,13.207093634432761,451578400
2013-05-21,13.44407844543457,13.622044449063884,13.277120900750404,13.397905300765373,456022000
2013-05-22,13.495756149291992,13.709805440248736,13.40004575356144,13.578317960337442,443038400
2013-05-23,13.519912719726562,13.64283806038874,13.32574022852688,13.33063287689514,353021200
2013-05-24,13.611955642700195,13.62755055341965,13.4654856348586,13.480468964441405,276166800
2013-05-28,13.498510360717773,13.794202921194582,13.480469940675484,13.757204301073452,386145200
2013-05-29,13.605839729309082,13.683815098851875,13.436129639547385,13.454477073509295,330576400
2013-05-30,13.808574676513672,13.897863890628113,13.592385232660572,13.627244541397255,353519600
2013-05-31,13.752006530761719,13.977368892775777,13.744972938782048,13.83670685154593,384302800
2013-06-03,13.78227424621582,13.832422255195079,13.53030858972845,13.782579628451039,372352400
2013-06-04,13.739156723022461,13.895718176263525,13.68044658632204,13.858717937960794,292728800
2013-06-05,13.61073112487793,13.782275942237304,13.567921266106286,13.627242997392763,290589600
2013-06-06,13.407387733459473,13.668527192119495,13.272537752227445,13.621742454761629,416934000
2013-06-07,13.509822845458984,13.553549668059773,13.233393911897334,13.34745174245107,404535600
2013-06-10,13.42053508758545,13.732127925661617,13.356626898902501,13.599112700269139,450153200
2013-06-11,13.381087303161621,13.538871959078161,13.250212215344447,13.324212711087544,286112400
2013-06-12,13.215657234191895,13.492697714396982,13.194558097734882,13.43918560112892,265227200
2013-06-13,13.330938339233398,13.36702080463595,13.110468678260046,13.225138083754672,285832400
2013-06-14,13.150223731994629,13.341032981862787,13.102826597726851,13.313818026996127,271866000
2013-06-17,13.209847450256348,13.32298749237164,13.159699438344331,13.192723997771541,259414400
2013-06-18,13.202816009521484,13.298526410031439,13.155114316938631,13.196394816257678,195025600
2013-06-19,12.93464469909668,13.1994527835242,12.93464469909668,13.191502229213125,310940000
2013-06-20,12.746281623840332,13.02576683423663,12.695215827430962,12.821504465129317,357310800
2013-06-21,12.644150733947754,12.842910530170059,12.479027901842523,12.796736560419935,481118400
2013-06-24,12.309005737304688,12.49614538977102,12.171708697991034,12.457616613777075,480746000
2013-06-25,12.311761856079102,12.46954567462229,12.195563913317491,12.405637500153953,314162800
2013-06-26,12.172325134277344,12.37781146340799,12.098630844157306,12.350596515542536,367724000
2013-06-27,12.041143417358398,12.27384470158447,12.033805261220808,12.208407978221109,337246000
2013-06-28,12.125236511230469,12.23959892065724,11.89100582894248,11.967146457653502,578516400
2013-07-01,12.513275146484375,12.606540045859928,12.268648405354284,12.313599211033832,391053600
2013-07-02,12.796734809875488,12.89275140670536,12.52091909061838,12.53590241886483,469865200
2013-07-03,12.86737060546875,12.934032123807434,12.764933636805578,12.869205348630276,240928800
2013-07-05,12.764017105102539,12.943512487571855,12.70072050116563,12.854835675683722,274024800
2013-07-08,12.691548347473145,12.87349008850936,12.557003743365923,12.846275948645001,298138400
2013-07-09,12.914770126342773,12.949934818671416,12.548747371236844,12.647209489593363,352584400
2013-07-10,12.865228652954102,12.98968334630981,12.789395057824722,12.830675550921326,281405600
2013-07-11,13.065827369689941,13.095183267471137,12.878688420516688,12.933117514592032,326292400
2013-07-12,13.041975021362305,13.142271877671055,12.94718239525535,13.076834329443464,279563200
2013-07-15,13.070412635803223,13.193337997029582,12.989686373812575,12.996108384135301,241917200
2013-07-16,13.154806137084961,13.17040022697212,12.970418149639759,13.042276872046266,216538000
2013-07-17,13.158171653747559,13.216577241440621,13.094263469129283,13.139519654702799,198990400
2013-07-18,13.202508926391602,13.297606917022161,13.167344242582631,13.25204535588677,218878800
2013-07-19,12.99427318572998,13.270395124032435,12.975925751922059,13.24348637097769,268721600
2013-07-22,13.035857200622559,13.1410466897852,13.010171613503683,13.132179172980962,207796400
2013-07-23,12.81202507019043,13.055734005848445,12.803462935096634,13.026378930628434,369395600
2013-07-24,13.47006893157959,13.59482818812728,13.309532595178942,13.421754849625517,591936800
2013-07-25,13.408610343933105,13.497287981891983,13.326354716623534,13.475883457141709,229493600
2013-07-26,13.484745979309082,13.486274523426163,13.28139980340873,13.310754872614485,200152400
2013-07-29,13.692678451538086,13.759950722539692,13.46058878997056,13.478935401821012,248057600
2013-07-30,13.86178207397461,13.978897010921376,13.736715765236813,13.759038069819193,309422400
2013-07-31,13.837620735168457,13.984702296178927,13.74282812660338,13.912844384142257,322957600
2013-08-01,13.964524269104004,13.968193756101192,13.85994633927492,13.93608778620145,206250800
2013-08-02,14.143714904785156,14.153194822089272,13.963914922841457,14.005195430957468,274783600
2013-08-05,14.355008125305176,14.39231375433899,14.13178674870726,14.20945509561884,318855600
2013-08-06,14.226579666137695,14.429619688084342,14.132397811687019,14.31128160546342,334857600
2013-08-07,14.21832275390625,14.280091626545227,14.120166031749992,14.182240286664337,298858000
2013-08-08,14.190003395080566,14.285114488402034,14.095814497499665,14.277727059421466,255777200
2013-08-09,13.988088607788086,14.173078509107281,13.963465479589214,14.117057974633058,266865200
2013-08-12,14.385464668273926,14.425170062831317,14.055191862631052,14.062271896346322,364434000
2013-08-13,15.069091796875,15.225763196936303,14.406698636381629,14.495655206809268,881941200
2013-08-14,15.343962669372559,15.520948727282901,15.186983831112121,15.32487928978865,756372400
2013-08-15,15.325794219970703,15.46399865570813,15.05400454663585,15.279932650964371,490294000
2013-08-16,15.461844444274902,15.48062041726833,15.3550373991624,15.394742779278252,362306000
2013-08-19,15.628360748291016,15.813041501768138,15.513242470401948,15.523707170631019,510518400
2013-08-20,15.423063278198242,15.715476657380112,15.415368448826571,15.689005852558061,358688400
2013-08-21,15.462767601013184,15.610203859409513,15.427061692120033,15.500626943940219,335879600
2013-08-22,15.48123550415039,15.562188190486813,15.334721432337878,15.543412217142082,244207600
2013-08-23,15.421524047851562,15.493241630187185,15.370121077290571,15.490779153375533,222731600
2013-08-26,15.48154354095459,15.704085331387114,15.405515812817255,15.413210640826138,330965600
2013-08-27,15.038924217224121,15.467386954567846,14.968437874720424,15.328566060001862,424188800
2013-08-28,15.110028266906738,15.260852515441965,14.959205662214615,14.959205662214615,307608000
2013-08-29,15.134652137756348,15.282397459385374,15.117107401360938,15.1331135007034,239657600
2013-08-30,14.996760368347168,15.173129971093498,14.974598071563411,15.143889284608596,272297200
2013-09-03,15.038619041442871,15.408597188457978,15.000759688515968,15.177745711364645,331928800
2013-09-04,15.349800109863281,15.45907125195598,15.27562007348648,15.376579947930349,345032800
2013-09-05,15.24454116821289,15.411064159841613,15.19436942037723,15.39782793188143,236367600
2013-09-06,15.33533763885498,15.371041905604221,15.080785285509979,15.342110271405941,359525600
2013-09-09,15.580041885375977,15.633907334177684,15.497243155191248,15.54402857201087,340687200
2013-09-10,15.225149154663086,15.619444715188838,15.066939092513847,15.580968917064641,743195600
2013-09-11,14.396235466003418,14.580299866420347,14.30697149758774,14.374687970552188,898696400
2013-09-12,14.549519538879395,14.632933063890174,14.343906013430106,14.420550192994334,404051200
2013-09-13,14.309744834899902,14.52305161195473,14.30359028481711,14.446409052376703,298835600
2013-09-16,13.854804992675781,14.208469504557321,13.765542696737324,14.189695178450746,543706800
2013-09-17,14.014866828918457,14.149992373063709,13.774165463642944,13.788323883999425,399380800
2013-09-18,14.302970886230469,14.354373862004383,14.179233879660918,14.256800263251193,456862000
2013-09-19,14.537515640258789,14.646170382554766,14.443635759891409,14.488267744339925,404541200
2013-09-20,14.386994361877441,14.729885096637517,14.343593634237537,14.712956807370198,699302800
2013-09-23,15.10202407836914,15.295016165128985,14.854550106721504,15.270084000023438,762106800
2013-09-24,15.054622650146484,15.250692016335105,15.015224666499932,15.23253248342137,364344400
2013-09-25,14.821616172790527,15.07124358634322,14.818538898806157,15.057701608200459,316957200
2013-09-26,14.965974807739258,15.037999784417881,14.894564628305364,14.959203818832735,237221600
2013-09-27,14.85916805267334,14.91826584995112,14.796683938953954,14.890871207475689,228040400
2013-09-30,14.67448616027832,14.825616136968822,14.602459543587859,14.689875816692783,260156400
2013-10-01,15.01953411102295,15.0558548229476,14.724658259180101,14.726813337402922,353883600
2013-10-02,15.06878662109375,15.137734350759589,14.889954526045306,14.947821106397136,289184000
2013-10-03,14.87947940826416,15.154655367328463,14.797297142660863,15.0980184153123,322753200
2013-10-04,14.867791175842285,14.916115241017174,14.731434363709857,14.893338146515584,258868400
2013-10-07,15.013071060180664,15.16389366434205,14.939198395238881,14.976442948290483,312292400
2013-10-08,14.803454399108887,15.102022259489635,14.79114201734918,15.080474769488804,290917200
2013-10-09,14.977367401123047,15.014302917237995,14.721583732824413,14.91734574907333,301725200
2013-10-10,15.071246147155762,15.155583523541482,14.991217283848824,15.122958167160478,278602800
2013-10-11,15.168815612792969,15.200518764482664,14.933346642685793,14.989674559091428,267738800
2013-10-14,15.268233299255371,15.315635143437813,15.062314072760644,15.077088929728038,261898000
2013-10-15,15.349493980407715,15.451685101328591,15.252229455848193,15.31348067607521,320073600
2013-10-16,15.424299240112305,15.468007396663983,15.36643265893467,15.414449329470399,251101200
2013-10-17,15.52863597869873,15.53725464613933,15.380275884506682,15.389509349128815,253593200
2013-10-18,15.663764953613281,15.675153498570833,15.56588396040421,15.574502629747808,290542000
2013-10-21,16.047590255737305,16.13808378714995,15.744712269129145,15.752407096023653,398106800
2013-10-22,16.001733779907227,16.26582870073327,15.63729538100638,16.2030371772658,534063600
2013-10-23,16.15839958190918,16.18025446998623,15.974948385631562,15.974948385631562,313723200
2013-10-24,16.372323989868164,16.389561325300917,16.081143542171713,16.15963210357812,384764800
2013-10-25,16.189178466796875,16.412949807081777,16.16301507046863,16.35415942593807,337792000
2013-10-28,16.309837341308594,16.34431200680416,16.104532916468923,16.28398134218692,550440800
2013-10-29,15.90353775024414,16.598248648985358,15.837668977054989,16.506523875459493,635807200
2013-10-30,16.156557083129883,16.237200733672893,15.914008046527881,15.993729501140468,354163600
2013-10-31,16.088836669921875,16.236274572541717,16.0448211356927,16.15963204685076,275696400
2013-11-01,16.006656646728516,16.153478128969116,15.877687299571583,16.129469801814697,274890000
2013-11-04,16.213502883911133,16.215657962510708,15.96910776519677,16.03959412314578,244627600
2013-11-05,16.173486709594727,16.27937157832044,16.098075405156305,16.146708504705312,265213200
2013-11-06,16.127662658691406,16.249645211973622,16.043451294120526,16.227662724059194,223375600
2013-11-07,15.866668701171875,16.197940410964588,15.863264267744558,16.086176118823026,262620400
2013-11-08,16.116518020629883,16.134165189566865,15.869766848859028,15.931377343465021,279316800
2013-11-11,16.069766998291016,16.150881467028675,15.926112807886486,16.098869199038123,227452400
2013-11-12,16.09949493408203,16.2205482933792,16.006305358687666,16.027047773182126,204276800
2013-11-13,16.118684768676758,16.168840225646466,16.0050603537312,16.03725944943332,197220800
2013-11-14,16.3518123626709,16.386486656604564,16.15707348560641,16.186175686146512,282419200
2013-11-15,16.25366973876953,16.380604345969328,16.2381902312457,16.302895961585115,317920400
2013-11-18,16.056774139404297,16.32179268199382,16.043462282960455,16.25368081833122,244944000
2013-11-19,16.085256576538086,16.2038331138553,16.036339517951603,16.06915701934841,208938800
2013-11-20,15.944374084472656,16.11217837724709,15.923631682879806,16.075334779423777,193916800
2013-11-21,16.13447380065918,16.13664146088981,15.903203799302792,16.024875510508842,262026800
2013-11-22,16.092987060546875,16.166052586089744,16.05366825092005,16.084318073209893,223725600
2013-11-25,16.214969635009766,16.280913793383952,16.13013988184707,16.130758268508856,229311600
2013-11-26,16.514041900634766,16.59887330540199,16.223019884631185,16.226733511402074,401382800
2013-11-27,16.90290641784668,16.90414484508113,16.514048533433666,16.604142874659278,363448400
2013-11-29,17.215909957885742,17.28587860532253,16.960180561760996,17.01188365048062,318127600
2013-12-02,17.066064834594727,17.47163897138999,17.053371369901047,17.275663252191993,472544800
2013-12-03,17.533241271972656,17.535099738513725,17.26574775149725,17.284942536261738,450968000
2013-12-04,17.492380142211914,17.622102468782128,17.362967009012106,17.507859652018052,377809600
2013-12-05,17.582162857055664,17.80631315998733,17.536033522993357,17.72922315420501,447580000
2013-12-06,17.33819007873535,17.546551587290555,17.324259849404566,17.516829355545724,344352400
2013-12-09,17.53666114807129,17.634184421844154,17.365452263507205,17.365452263507205,320493600
2013-12-10,17.5094051361084,17.581543082160152,17.374729118280637,17.448414684436095,278269600
2013-12-11,17.37968635559082,17.67721307408181,17.32798492091951,17.55430125889228,359718800
2013-12-12,17.35430145263672,17.502909405798498,17.338512746337717,17.403838539317853,262290000
2013-12-13,17.165138244628906,17.426750640383485,17.14160977916189,17.425821406540024,332822000
2013-12-16,17.260183334350586,17.419318751541528,17.183094960349926,17.183404153793894,282592800
2013-12-17,17.18247413635254,17.32024543769035,17.132627856512027,17.207861066417596,229902400
2013-12-18,17.051820755004883,17.07287401451183,16.681230146894453,17.01869407203766,565863200
2013-12-19,16.85646629333496,17.027984332417002,16.833865409572525,17.01250481864248,320308800
2013-12-20,16.997636795043945,17.077823686191717,16.867605294527742,16.88649088890863,436413600
2013-12-23,17.64996910095215,17.669473088047873,17.4230327044724,17.58526169717196,501306400
2013-12-24,17.575044631958008,17.705385350703477,17.524269126034444,17.643774848840053,167554800
2013-12-26,17.458322525024414,17.631698970321157,17.44222297660794,17.588354032276808,204008000
2013-12-27,17.340364456176758,17.474111243965407,17.32209890092022,17.455845688708873,225884400
2013-12-30,17.16791534423828,17.340362537160456,17.099803531079232,17.258938877428033,253629600
2013-12-31,17.369159698486328,17.37720864701693,17.151819900314173,17.157084454981685,223084400
2014-01-02,17.12489128112793,17.245635471521325,17.090526161127706,17.203839787179252,234684800
2014-01-03,16.748722076416016,17.142531915588886,16.73169329293808,17.116526603758516,392467600
2014-01-06,16.840049743652344,16.928903963405094,16.52023308432344,16.639429584108992,412610800
2014-01-07,16.71962547302246,16.9029077579293,16.653990477833855,16.852133890732308,317209200
2014-01-08,16.825510025024414,16.890524985603836,16.677831272726365,16.681544901613254,258529600
2014-01-09,16.610647201538086,16.930773258923715,16.574423611754373,16.928914791016243,279148800
2014-01-10,16.499807357788086,16.743152520999384,16.443150552198833,16.71312107408648,304976000
2014-01-13,16.586179733276367,16.795778083431735,16.40506354444137,16.405992777847967,378492800
2014-01-14,16.916208267211914,16.92673406473109,16.645927083223647,16.66326505255856,332561600
2014-01-15,17.255844116210938,17.343770766881416,17.079372428180925,17.13695844851925,391638800
2014-01-16,17.15955924987793,17.240055339287128,17.079990740498282,17.17968327223023,229278000
2014-01-17,16.73912811279297,17.09207160691058,16.715288801923542,17.073806045308793,426739600
2014-01-21,16.99919319152832,17.03015221948828,16.731388671093644,16.749035846131918,328526800
2014-01-22,17.07472801208496,17.253674884008454,16.96017602197407,17.056151611500447,379985200
2014-01-23,17.21931266784668,17.229220083151596,16.867298498356387,17.02612302972225,403239200
2014-01-24,16.90630531311035,17.20197183569629,16.865437231761298,17.15181638076073,429354800
2014-01-27,17.04346466064453,17.17659311510173,16.896405965877307,17.030152807263402,554878800
2014-01-28,15.681224822998047,15.944383135209348,15.54407026490961,15.751193472376938,1065523200
2014-01-29,15.503205299377441,15.708160865601165,15.437261118349337,15.602277821078994,502810000
2014-01-30,15.473177909851074,15.681230425311535,15.377822298159742,15.558627754872107,678501600
2014-01-31,15.498564720153809,15.527357746256785,15.280297246293609,15.330761926992409,464797200
2014-02-03,15.527351379394531,15.719304256891919,15.45831196788907,15.560788908286279,401464000
2014-02-04,15.752116203308105,15.772860263729887,15.565427926712937,15.661094321734767,376681200
2014-02-05,15.869769096374512,15.953051245542579,15.673482549960289,15.683080772595654,328344800
2014-02-06,15.962275505065918,15.993110469715944,15.81589175822213,15.885969862422703,257765200
2014-02-07,16.185585021972656,16.286807459475092,16.11395170517897,16.23853239902594,370280400
2014-02-10,16.475549697875977,16.568986059036238,16.133262968986415,16.153818502706972,345559200
2014-02-11,16.6926212310791,16.748369633438305,16.491420662808018,16.5259931220226,282256800
2014-02-12,16.691377639770508,16.804747388499887,16.607909707011494,16.723458427700663,308100800
2014-02-13,16.956430435180664,16.96951092412663,16.637813077720505,16.652139406725034,307398000
2014-02-14,16.942726135253906,17.004707099869872,16.856144401331385,16.89538587188448,272924400
2014-02-18,17.0050106048584,17.16696476598802,16.993174296760188,17.00532164893012,260251600
2014-02-19,16.736541748046875,17.033044991870042,16.642483330294446,16.966393388669974,313768000
2014-02-20,16.542818069458008,16.725018415875077,16.475855421030886,16.60012504263749,305858000
2014-02-21,16.359066009521484,16.649340150275346,16.33882152018765,16.593901087791025,278784800
2014-02-24,16.430692672729492,16.504508265819005,16.270919122551334,16.293655283305323,288909600
2014-02-25,16.259708404541016,16.493608618400874,16.226694477427067,16.48769212612234,231952000
2014-02-26,16.113018035888672,16.35127958595076,16.05851377060217,16.30798788329537,276217200
2014-02-27,16.434436798095703,16.46900761580204,16.072527708577557,16.10647643785904,301882000
2014-02-28,16.389904022216797,16.592659997518478,16.261584108924236,16.47835537457672,371968800
2014-03-03,16.43724250793457,16.527252398673603,16.283072667543383,16.302071318022396,238781200
2014-03-04,16.545623779296875,16.589228184515797,16.437550057202877,16.538150401740186,259140000
2014-03-05,16.580507278442383,16.65494331639799,16.479906934056938,16.535658696480034,200062800
2014-03-06,16.530366897583008,16.645293601674286,16.44783204568546,16.593903098163068,185488800
2014-03-07,16.520706176757812,16.568670183679195,16.38397815161755,16.540950660328352,220729600
2014-03-10,16.53565788269043,16.610717668694633,16.45530202881765,16.455925780529558,178584000
2014-03-11,16.69667625427246,16.77921107558366,16.587667748640644,16.6767444774935,279224400
2014-03-12,16.71286964416504,16.73591684914197,16.569290347570888,16.64746554869031,199326400
2014-03-13,16.52724266052246,16.807860979244037,16.480835548279224,16.738719372013684,257742800
2014-03-14,16.34161949157715,16.53471967503672,16.288983174642492,16.46931391569071,237199200
2014-03-17,16.40546989440918,16.506068569314248,16.377750368660287,16.435370056117076,199544800
2014-03-18,16.550607681274414,16.56836048814547,16.357507441859564,16.37930881351317,209647200
2014-03-19,16.546255111694336,16.701358122974153,16.475865942689754,16.577401129691662,224756000
2014-03-20,16.466510772705078,16.590158293398986,16.424464927054856,16.503573259166753,208398400
2014-03-21,16.59638023376465,16.623788700061194,16.392691317285546,16.567103840070903,374046400
2014-03-24,16.793228149414062,16.83402816245642,16.664597246865867,16.769246144927752,355700800
2014-03-25,16.97386932373047,16.99754028315722,16.805684254479036,16.86517352887281,282293200
2014-03-26,16.81160545349121,17.098765796837903,16.782952792336037,17.0215253680638,299768000
2014-03-27,16.73934555053711,16.865173725619997,16.66646640645853,16.81907764619857,222031600
2014-03-28,16.72066307067871,16.78544510636423,16.639374065980352,16.766135412362814,200564000
2014-03-31,16.716920852661133,16.843682150814942,16.691691347348154,16.7944723067561,168669200
2014-04-01,16.869844436645508,16.876697388252186,16.71785528470092,16.74868857691766,200760000
2014-04-02,16.897871017456055,16.9268363745239,16.826548774105174,16.89257661458785,180420800
2014-04-03,16.7807674407959,16.89631617560473,16.74495079274732,16.861745367401433,162344000
2014-04-04,16.563678741455078,16.818447093552777,16.525059380894355,16.812530603522866,275251200
2014-04-07,16.303621292114258,16.535031476748014,16.254413111626313,16.4453326682984,289850400
2014-04-08,16.302688598632812,16.386158209900078,16.155059063181337,16.35719284760666,243888400
2014-04-09,16.516969680786133,16.522264085124288,16.258463694040927,16.27777338300154,206169600
2014-04-10,16.303932189941406,16.576764441327537,16.294276516062737,16.528176691169087,239652000
2014-04-11,16.183399200439453,16.28368679951259,16.106469847825842,16.164398897846908,271717600
2014-04-14,16.247873306274414,16.262821721971157,16.108653606107303,16.25472459416302,205674000
2014-04-15,16.13201141357422,16.246625356344985,15.925518026767064,16.203957419446084,266490000
2014-04-16,16.164709091186523,16.229491081029792,16.013031044820494,16.134808943564817,214765600
2014-04-17,16.349403381347656,16.43723425476587,16.170629530046313,16.195546325815663,284334400
2014-04-21,16.543437957763672,16.573647489700793,16.318879106361237,16.361859742043166,182548800
2014-04-22,16.55994415283203,16.563992715619253,16.39798833464535,16.454360496281257,202563200
2014-04-23,16.343488693237305,16.542196003079994,16.334144062123936,16.477725034416032,394940000
2014-04-24,17.683364868164062,17.75281922051539,17.464101955497515,17.697069112081646,759911600
2014-04-25,17.813241958618164,17.814797179917804,17.56470262489122,17.582453771104856,390275200
2014-04-28,18.503103256225586,18.55480478181797,17.832232590133984,17.84002033722479,669485600
2014-04-29,18.448291778564453,18.56197262713536,18.360462532136925,18.492207233447314,337377600
2014-04-30,18.37851905822754,18.669416831569972,18.3694871354584,18.457940098445018,456640800
2014-05-01,18.421815872192383,18.525217268978075,18.26235167353005,18.438010129396687,244048000
2014-05-02,18.456077575683594,18.50653493887635,18.366691446109982,18.44860419731455,191514400
2014-05-05,18.717063903808594,18.718311406672157,18.375712190257833,18.380073460268846,287067200
2014-05-06,18.513071060180664,18.824522745238212,18.513071060180664,18.743233763954613,374564400
2014-05-07,18.448291778564453,18.602772649589024,18.305023470276243,18.53923645742118,282864400
2014-05-08,18.415401458740234,18.61647141231713,18.36560397880569,18.423543811700107,230297200
2014-05-09,18.33867645263672,18.3609123771227,18.175501497833473,18.307356482274148,291597600
2014-05-12,18.566991806030273,18.592986124447403,18.396927310498352,18.399747362029867,213208800
2014-05-13,18.59611701965332,18.620545757512385,18.500282102544592,18.54099555055743,159737200
2014-05-14,18.599559783935547,18.710117159325492,18.532850355470583,18.55446071115514,166404000
2014-05-15,18.441394805908203,18.685058218012387,18.41696607567775,18.625552808448635,230846000
2014-05-16,18.71355628967285,18.714181852383824,18.334279625162512,18.43544014056277,276256400
2014-05-19,18.935300827026367,19.021115003966536,18.707922110967054,18.724208489309643,317755200
2014-05-20,18.93906021118164,18.99198885277448,18.814409279375784,18.932796219184258,234836000
2014-05-21,18.989168167114258,19.001381695554034,18.85606211675699,18.911496348412836,196859600
2014-05-22,19.01923942565918,19.100044100820675,18.91995889784122,18.998256303119312,200760000
2014-05-23,19.234088897705078,19.252880875837153,18.994183831084378,19.01861256634196,232209600
2014-05-27,19.594255447387695,19.601457782510565,19.28106259034714,19.28889216087899,348866000
2014-05-28,19.543521881103516,19.72579987280838,19.53631787190641,19.6064729120165,315481600
2014-05-29,19.899621963500977,19.946288289425382,19.661282485139978,19.66378808213764,376474000
2014-05-30,19.825088500976562,20.174923798222625,19.696679127910542,19.981057776089045,564020800
2014-06-02,19.688840866088867,19.88239402126725,19.496227727789538,19.855146912797903,369350800
2014-06-03,19.96727180480957,20.004855760517994,19.676316456370063,19.682893230461985,292709200
2014-06-04,20.195268630981445,20.29141962755043,19.922478125955234,19.964133243265035,335482000
2014-06-05,20.274507522583008,20.33777299295295,20.12605512312198,20.238490830179348,303805600
2014-06-06,20.218765258789062,20.39697376171377,20.184315807611735,20.35437861102034,349938400
2014-06-09,20.542295455932617,20.581757777933774,20.114788361443757,20.323060705399172,301660000
2014-06-10,20.662872314453125,20.838260759117787,20.513792638276612,20.76810571577756,251108000
2014-06-11,20.57737159729004,20.77468318599352,20.491870187623235,20.63656423758697,182724000
2014-06-12,20.233171463012695,20.634371381292542,20.147670060445265,20.616832203168943,218996000
2014-06-13,20.01173973083496,20.2660527422656,19.924045531285508,20.213435218959287,218100000
2014-06-16,20.213449478149414,20.3340292966691,20.049023365238344,20.062178591658892,142244000
2014-06-17,20.1871337890625,20.323058247471973,20.125748333957805,20.23755683891498,118904000
2014-06-18,20.209049224853516,20.233165169114734,20.027084071837987,20.228779539634022,134056000
2014-06-19,20.138900756835938,20.235364565254937,20.02489777004474,20.233171749801382,142112000
2014-06-20,19.930627822875977,20.290172605057634,19.92843500749139,20.13670730806962,403592000
2014-06-23,19.9130859375,20.086281531515954,19.86266122627902,20.0205104599456,174776000
2014-06-24,19.79250717163086,20.112589612268046,19.77277685276505,19.89554774160454,156144000
2014-06-25,19.810043334960938,19.88458231395437,19.65438693239143,19.77715780255833,147476000
2014-06-26,19.928434371948242,19.96131991115606,19.687276538804262,19.812240249691563,130516000
2014-06-27,20.16520881652832,20.169592774653424,19.899933352688127,19.910895756942963,256116000
2014-06-30,20.373485565185547,20.548874035793187,20.189327503784686,20.191520319640095,197929200
2014-07-01,20.50282859802246,20.623408353190957,20.417327198040446,20.50282859802246,152892000
2014-07-02,20.494054794311523,20.62120961376334,20.408551746264834,20.579556169730658,113860000
2014-07-03,20.61463737487793,20.629983736080597,20.432672183026366,20.535712753656238,91567200
2014-07-07,21.039955139160156,21.044339097352292,20.62998563413003,20.638755223142383,225872000
2014-07-08,20.90403175354004,21.22192312447617,20.59052601399795,21.105727309330227,260888000
2014-07-09,20.91279411315918,21.035564987691902,20.77467687930987,20.92375651522577,145744000
2014-07-10,20.8360652923584,20.947875453420846,20.50282762442309,20.555445154704216,158744000
2014-07-11,20.875532150268555,21.022419024214507,20.796607510285707,20.906224879969848,136072000
2014-07-14,21.145185470581055,21.24164927074101,20.96979871975964,21.01583780457381,171240000
2014-07-15,20.89745330810547,21.2328821599118,20.833875039001995,21.221921427559717,181911600
2014-07-16,20.779062271118164,21.287686651246958,20.770292683384998,21.259186745585044,213585200
2014-07-17,20.408559799194336,20.88868438340413,20.294558477861365,20.833875702015003,229192000
2014-07-18,20.70233726501465,20.770299501471268,20.39321546830219,20.52475765485206,199952000
2014-07-21,20.59490394592285,20.82729214407909,20.54667205438982,20.825099329201862,156316000
2014-07-22,20.765913009643555,20.80318251072698,20.634372511766173,20.757143420101304,220788000
2014-07-23,21.307416915893555,21.458687692311127,20.8645619706932,20.919370635115087,371672000
2014-07-24,21.2723445892334,21.335922858674817,21.138611276378715,21.274537404766736,182916000
2014-07-25,21.41265296936035,21.44992246731566,21.18684149364189,21.2328805804034,173876000
2014-07-28,21.708621978759766,21.756853886425095,21.386348334377125,21.44554097483934,221272000
2014-07-29,21.568309783935547,21.80069970978824,21.5398098742887,21.776583758307037,172572000
2014-07-30,21.517885208129883,21.63846328433388,21.412651820728552,21.58146346909328,132040000
2014-07-31,20.958831787109375,21.36441554698788,20.899639168747097,21.30083897166927,227372000
2014-08-01,21.075027465820312,21.182453654542776,20.785637778749393,20.80536976810509,194044000
2014-08-04,20.956645965576172,21.173689541463318,20.8645677851182,21.12765045123433,159832000
2014-08-05,20.853599548339844,20.976370411436584,20.686980753688868,20.906215393577366,223732000
2014-08-06,20.818523406982422,20.932526368464433,20.763714741208155,20.772484328447366,154232000
2014-08-07,20.81632423400879,21.14020084420526,20.732599587839513,20.915469894953947,186844000
2014-08-08,20.873605728149414,20.891232144833175,20.55193118793501,20.767850589942068,167460000
2014-08-11,21.149017333984375,21.168847477818137,20.895642995551334,20.990382907106365,146340000
2014-08-12,21.144607543945312,21.34510258128571,21.065290345605813,21.16003023912534,135180000
2014-08-13,21.42442512512207,21.42442512512207,21.16003551865573,21.184271428692426,127664000
2014-08-14,21.48171043395996,21.497133133187443,21.327483441685146,21.444255547400097,112464000
2014-08-15,21.58745765686035,21.63372573390377,21.340692898348063,21.56983124247789,195804000
2014-08-18,21.847448348999023,21.89371644078921,21.58746453731042,21.699829182680325,190288000
2014-08-19,22.149293899536133,22.18234301843013,21.882700587434414,21.90253073115002,277596000
2014-08-20,22.158105850219727,22.27267421746431,22.021503617666486,22.12946417864556,210796000
2014-08-21,22.16030502319336,22.239622215365685,22.05675192891574,22.15810130092536,133912000
2014-08-22,22.323339462280273,22.35638856405821,22.074372699987812,22.09640487419072,176736000
2014-08-25,22.371826171875,22.510630474762003,22.314541135991426,22.426907484584675,161080000
2014-08-26,22.22860336303711,22.363001833656057,22.221993877752148,22.345375418931212,132608000
2014-08-27,22.50181007385254,22.59875369115224,22.186744998576238,22.257248989081187,209476000
2014-08-28,22.52824592590332,22.645017983022427,22.3762210389647,22.382830524319,273840000
2014-08-29,22.583328247070312,22.671458644711798,22.51723002860232,22.6626454368529,178380000
2014-09-02,22.75958824157715,22.856530162719196,22.631799253540514,22.706708996284252,214256000
2014-09-03,21.79897689819336,22.737561086079772,21.71965968781592,22.715528901185586,501684000
2014-09-04,21.618303298950195,22.05234241189122,21.545595599467404,21.7791397094998,342872000
2014-09-05,21.805587768554688,21.89812395954802,21.660172313323965,21.768132883764252,233828000
2014-09-08,21.67118263244629,21.88049085975283,21.60288237150474,21.87828881845943,185426800
2014-09-09,21.58966827392578,22.71112454050749,21.182066944869003,21.829823642677457,759385200
2014-09-10,22.252840042114258,22.27707594297256,21.538987030240442,21.5940683174734,403478400
2014-09-11,22.347583770751953,22.349787493285962,21.948795720433214,22.122852819768717,249412400
2014-09-12,22.39826202392578,22.51503411819511,22.27047299659603,22.29911466922595,250504400
2014-09-15,22.391653060913086,22.704516172594822,22.34979240924612,22.651636905834216,245266000
2014-09-16,22.222000122070312,22.31013053951151,21.78795920295445,21.988455944656863,267632400
2014-09-17,22.38062858581543,22.429100386565853,22.16250548243852,22.312326647963715,243706000
2014-09-18,22.426904678344727,22.550286265472426,22.37622913737553,22.45775007512665,149197600
2014-09-19,22.244029998779297,22.550281864884752,22.142680617566846,22.537062891971566,283609600
2014-09-22,22.266067504882812,22.504019159905546,22.160312334393684,22.429109387554757,211153600
2014-09-23,22.61417579650879,22.680274021297212,22.151493265832897,22.164712238411507,253608800
2014-09-24,22.418087005615234,22.660444366783693,22.296907484557146,22.50842113603085,240687200
2014-09-25,21.563222885131836,22.188945499909554,21.530173776673017,22.144881142596116,400368000
2014-09-26,22.197763442993164,22.197763442993164,21.679999569842444,21.708641240111536,249482000
2014-09-29,22.0567569732666,22.129464696210654,21.730674921878347,21.735082367422326,199065200
2014-09-30,22.197763442993164,22.371820549123427,22.14929163103944,22.21098241681769,221056400
2014-10-01,21.851852416992188,22.184543924642135,21.746095586148275,22.162510060878297,205965200
2014-10-02,22.010488510131836,22.080992509116758,21.600683490735754,21.871682553948947,191031200
2014-10-03,21.94880485534668,22.078795962842158,21.821015790353908,21.909146237967835,173878400
2014-10-06,21.94880485534668,22.175739623312325,21.90473879106548,22.02151091975083,148204800
2014-10-07,21.757112503051758,22.058958618361885,21.752706738870703,21.90693369942461,168376800
2014-10-08,22.208776473999023,22.277076734692063,21.660165623379154,21.759312952490628,229618800
2014-10-09,22.25725555419922,22.55689802246631,22.166923077664055,22.371825623156283,309506000
2014-10-10,22.193361282348633,22.479783074390813,22.098621365677825,22.18454807138529,265326400
2014-10-13,21.99065589904785,22.42469677696446,21.99065589904785,22.325551117346482,214333600
2014-10-14,21.757112503051758,22.147087349565375,21.717453901631067,22.118445680019022,254754400
2014-10-15,21.490514755249023,21.84523837169316,20.9705472807451,21.5852546344412,403734400
2014-10-16,21.2085018157959,21.530176369576573,21.021225753238696,21.052071143262346,288618000
2014-10-17,21.519161224365234,21.812194134856952,21.32968142366742,21.481706344934878,272718800
2014-10-20,21.979644775390625,22.023709147728173,21.640343729357728,21.6623759155265,310069200
2014-10-21,22.576719284057617,22.69789711279081,22.312328085012577,22.69789711279081,378495600
2014-10-22,22.691295623779297,22.93806049366263,22.605368916068205,22.65824650213315,273052400
2014-10-23,23.09669303894043,23.14516485592047,22.832301768398754,22.931449125207386,284298800
2014-10-24,23.182613372802734,23.24210042579216,23.030588476016632,23.173800164776978,188215600
2014-10-27,23.158382415771484,23.239903346705518,23.06804827492989,23.101097391846277,136750800
2014-10-28,23.51751136779785,23.51751136779785,23.211259474397874,23.222276406772554,192243600
2014-10-29,23.64970588684082,23.656317054760354,23.43378813467598,23.497682643648638,210751600
2014-10-30,23.570388793945312,23.651908035769168,23.332437193110163,23.565981348958875,162619200
2014-10-31,23.79512596130371,23.80393917263279,23.6210688196878,23.79732968437303,178557200
2014-11-03,24.103572845458984,24.30186582569185,23.797321007467836,23.843589089364244,209130400
2014-11-04,23.927316665649414,24.123405961483314,23.73343109250688,24.09476429028718,166297600
2014-11-05,23.984603881835938,24.081547517744443,23.823765729619375,24.037481464627827,149743600
2014-11-06,24.053203582763672,24.073119717162434,23.854052368199323,24.031075857616212,139874000
2014-11-07,24.12179183959961,24.190388265915036,24.02000299504763,24.064258427205353,134766000
2014-11-10,24.081960678100586,24.1926009439874,24.0465549826633,24.12400283113677,108782000
2014-11-11,24.274484634399414,24.285549341284874,23.98682082598713,24.05320400258816,109769200
2014-11-12,24.61745834350586,24.6572889054338,24.20145156533128,24.203663155045415,187769600
2014-11-13,24.96487045288086,25.10427658530236,24.694907923988854,24.739165044926544,238091600
2014-11-14,25.265811920166016,25.26802519825433,24.608608451569186,25.037893235929197,176254400
2014-11-17,25.223772048950195,25.951785336864077,25.07108960154861,25.28573033928554,186986800
2014-11-18,25.55126190185547,25.599943886349166,25.201638275251998,25.21270297654107,176896000
2014-11-19,25.374238967895508,25.611009076778252,25.181725979695287,25.544625928109273,167476800
2014-11-20,25.737136840820312,25.858841802587065,25.414067482955222,25.427345462207484,173582000
2014-11-21,25.772550582885742,26.015958894195553,25.67518658306705,26.002682599033704,228717200
2014-11-24,26.250511169433594,26.28149031152891,25.80573847724948,25.856632058590368,189803200
2014-11-25,26.022594451904297,26.49834801061913,25.98940202906619,26.34787715689157,275361600
2014-11-26,26.332387924194336,26.354515643626133,26.073490061545048,26.097831059391062,163073200
2014-11-28,26.316898345947266,26.42090048431417,26.122172051459014,26.392132929646095,99257600
2014-12-01,25.462759017944336,26.38771200958332,24.621892048004522,26.290348003651733,335256000
2014-12-02,25.365386962890625,25.6132217683277,24.94938016742072,25.115340567647465,237395600
2014-12-03,25.65304946899414,25.74598687757241,25.471599519192434,25.61321890985541,172253600
2014-12-04,25.555694580078125,25.93408418215037,25.511439137868713,25.61765287446606,168178000
2014-12-05,25.447263717651367,25.68624712122002,25.367602583128484,25.666330993470975,153275600
2014-12-08,24.87193489074707,25.36981614292211,24.69933632677759,25.248111161540212,230659600
2014-12-09,25.252532958984375,25.292363519181364,24.19702395788225,24.382900468213666,240832000
2014-12-10,24.772361755371094,25.41407581386646,24.681637589962005,25.31671350077341,178261200
2014-12-11,24.699338912963867,25.181730644221464,24.637378932531213,24.84095834890767,165606800
2014-12-12,24.281110763549805,24.75465091322938,24.247918349869476,24.442644588165095,224112400
2014-12-15,23.949195861816406,24.694910271976017,23.53318732663083,24.495757429412357,268872400
2014-12-16,23.621702194213867,24.376269791286713,23.513275181438555,23.537616180585218,243162800
2014-12-17,24.210302352905273,24.305451355206277,23.637184931788564,23.703569762670043,213647200
2014-12-18,24.927255630493164,24.927255630493164,24.486907785110112,24.75465706236497,236024800
2014-12-19,24.734739303588867,25.057808700012927,24.70818671838803,24.840954709101993,353719200
2014-12-22,24.991430282592773,25.113133593701413,24.77678784096711,24.81883169314774,180670000
2014-12-23,24.902910232543945,25.0777220481025,24.885207385547442,25.055594333475078,104113600
2014-12-24,24.785634994506836,24.940530704938997,24.785634994506836,24.911764841069203,57918400
2014-12-26,25.223772048950195,25.341050482547352,24.785637459729237,24.80555190094983,134884000
2014-12-29,25.20606231689453,25.39636199184139,25.159591926704707,25.179508049391234,110395600
2014-12-30,24.898487091064453,25.208280203040292,24.80776294217987,25.14632191829245,119526000
2014-12-31,24.42494773864746,25.033469281976277,24.38733044841849,24.964872848236773,165613600
2015-01-02,24.192604064941406,24.659506182275138,23.75446781268404,24.648441478964468,212818400
2015-01-05,23.51106071472168,24.042134423807454,23.32518584507189,23.96247328303275,257142000
2015-01-06,23.51327896118164,23.77217687928269,23.15259047306622,23.57523726415586,263188400
2015-01-07,23.84297752380371,23.942553088747736,23.610632287952324,23.721272554884127,160423600
2015-01-08,24.759077072143555,24.816610479641703,24.053191678114224,24.17047177100101,237458000
2015-01-09,24.785634994506836,25.060022405088077,24.387329327343235,24.93167928030907,214798000
2015-01-12,24.174901962280273,24.9228296715174,24.075326382352763,24.916191524620462,198603200
2015-01-13,24.389541625976562,24.960445829902344,24.099664655994744,24.65729087939062,268367600
2015-01-14,24.296602249145508,24.44928466294763,24.008936892193326,24.128428577931782,195826400
2015-01-15,23.637184143066406,24.354132526775988,23.601780139150986,24.340856236337245,240056000
2015-01-16,23.453521728515625,23.80535863149471,23.278709915973817,23.683653670789532,314053200
2015-01-20,24.057621002197266,24.11294113817059,23.566377924636292,23.862893043099756,199599600
2015-01-21,24.241291046142578,24.575423545445133,23.95805045253569,24.10852133204305,194303600
2015-01-22,24.87193489074707,24.88742446217416,24.278902931738003,24.39839463484841,215185600
2015-01-23,25.00027847290039,25.170663761693863,24.679420647171945,24.849807624202118,185859200
2015-01-26,25.026826858520508,25.30564079070656,24.960443714443343,25.168446258435488,222460000
2015-01-27,24.150564193725586,24.88964226473819,24.12622319302464,24.87636428093233,382274800
2015-01-28,25.51585578918457,26.137655187863214,25.51585578918457,26.029226519367846,585908400
2015-01-29,26.310256958007812,26.374428518206834,25.571179064885065,25.739352750639867,337745600
2015-01-30,25.92522430419922,26.553660116605485,25.85662620089734,26.199611652697993,334982000
2015-02-02,26.250511169433594,26.370002869616926,25.68624677706615,26.122169732854424,250956400
2015-02-03,26.25493621826172,26.352298507154856,26.02480425574212,26.2217437998551,207662800
2015-02-04,26.45630645751953,26.666524028239085,26.17970572360188,26.221749575393172,280598800
2015-02-05,26.64513397216797,26.70955879365363,26.491847269498656,26.66290499248517,168984800
2015-02-06,26.42075538635254,26.713998377671132,26.314120800918854,26.662902250403082,174826400
2015-02-09,26.59626007080078,26.62291744894482,26.309681391456404,26.336340464499866,155559200
2015-02-10,27.10721778869629,27.1360988800661,26.694013099240877,26.69623341788492,248034000
2015-02-11,27.742582321166992,27.751468681803974,27.213856575016383,27.27383739069104,294247200
2015-02-12,28.093578338623047,28.3201762363106,27.895861528916974,28.004716451194586,297898000
2015-02-13,28.231313705444336,28.27574380069617,27.913633609185215,28.27574380069617,217088800
2015-02-17,28.397933959960938,28.63119623716081,28.19577309373441,28.322400751240114,252609600
2015-02-18,28.595653533935547,28.608982227084695,28.313517099678975,28.353504874026363,179566800
2015-02-19,28.535661697387695,28.664511338711634,28.50900431980301,28.542326041783866,149449600
2015-02-20,28.768922805786133,28.768922805786133,28.44680040985868,28.57342633827766,195793600
2015-02-23,29.546470642089844,29.546470642089844,28.804477380870498,28.884452925719273,283896400
2015-02-24,29.362077713012695,29.679759521946426,29.139923834524474,29.5331371485924,276912400
2015-02-25,28.611196517944336,29.235451763904805,28.469018171309017,29.226563710478064,298846800
2015-02-26,28.973308563232422,29.07327713106697,28.126902824541162,28.61119665484146,365150000
2015-02-27,28.53788948059082,29.00663431225127,28.489015354840497,28.880004971043817,248059200
2015-03-02,28.677839279174805,28.94220289932046,28.502339231657224,28.713384708226034,192386800
2015-03-03,28.737823486328125,28.773368917506,28.45568713477693,28.648963298182327,151265200
2015-03-04,28.555654525756836,28.78225240299768,28.506783797135036,28.680063529790168,126665200
2015-03-05,28.082469940185547,28.602309153184912,27.93806959383036,28.564543404185695,226068400
2015-03-06,28.124679565429688,28.740045038751425,28.049148063282413,28.524555513955516,291368400
2015-03-09,28.2446346282959,28.784470137068023,27.782554307182497,28.42680068057535,354114000
2015-03-10,27.660371780395508,28.262408411308336,27.50264277627288,28.082464364826016,275426400
2015-03-11,27.15608787536621,27.718136880404018,27.12720848319452,27.713694548877402,275756000
2015-03-12,27.647050857543945,27.747021124712568,27.020576957239324,27.17164166982553,193450800
2015-03-13,27.45599365234375,27.858093275490027,27.231619482991277,27.635939424321684,207309200
2015-03-16,27.758129119873047,27.758129119873047,27.296050296116164,27.52042451473041,143497200
2015-03-17,28.22242546081543,28.284628267969687,27.913631743228663,27.96917020603059,204092400
2015-03-18,28.54010581970215,28.69339252092788,28.073583066505737,28.213539383994842,261083600
2015-03-19,28.324621200561523,28.713390511157467,28.30240615036455,28.60231356527291,183238000
2015-03-20,27.96917724609375,28.52456031900796,27.804783829392747,28.491238588858963,274780400
2015-03-23,28.260194778442383,28.40237312558268,28.106908059378792,28.240201742859963,150838800
2015-03-24,28.14468002319336,28.444585774451372,28.115798929518245,28.264643340636482,131369200
2015-03-25,27.40934181213379,28.17355160991336,27.40934181213379,28.111348802168397,206620800
2015-03-26,27.600400924682617,27.742579289537534,27.236068652879418,27.27161409154305,190291600
2015-03-27,27.380464553833008,27.702586988271232,27.304933051374206,27.673707595254548,158184800
2015-03-30,28.07358169555664,28.08024603964981,27.54707647850533,27.558184848593484,188398800
2015-03-31,27.642606735229492,28.100243175381227,27.62705603177481,28.01138128639751,168362400
2015-04-01,27.60262107849121,27.79589557467753,27.347143763734493,27.729248729123714,162485600
2015-04-02,27.840322494506836,27.893638947918962,27.58928923541274,27.77589766980492,128880400
2015-04-06,28.291296005249023,28.32684143925686,27.620392039897094,27.65149344720416,148776000
2015-04-07,27.993610382080078,28.462353501011048,27.986946036985735,28.35572058970243,140049200
2015-04-08,27.902523040771484,28.080246797583147,27.76256672633937,27.95806150291271,149316800
2015-04-09,28.115793228149414,28.12023725469051,27.693702231319484,27.958064183930947,129936000
2015-04-10,28.235754013061523,28.260191072168222,27.826991742366516,27.980276746427457,160752000
2015-04-13,28.180217742919922,28.562324360961306,28.1269012893116,28.51789087563862,145460400
2015-04-14,28.05803680419922,28.277968679310423,27.97139692324936,28.213543848237514,102098400
2015-04-15,28.16466522216797,28.242418731765728,27.993607501052892,28.08246938126436,115881600
2015-04-16,28.029155731201172,28.235758915493303,28.01582704024673,28.053592794550752,113476000
2015-04-17,27.713703155517578,28.02249698694898,27.649278311527574,27.891426979965868,207828000
2015-04-20,28.346834182739258,28.46235345227572,27.80700019732746,27.8958620865322,188217200
2015-04-21,28.19354248046875,28.48011942052571,28.14022434264029,28.457906072112596,129740400
2015-04-22,28.57342529296875,28.628963751952003,28.062472487262376,28.21131515056167,150618000
2015-04-23,28.806699752807617,28.97331520063431,28.466804510425153,28.50234995284684,183083600
2015-04-24,28.942203521728516,29.019958725725385,28.70894129953666,28.98885732208639,178103600
2015-04-27,29.468700408935547,29.575336674295194,29.135469706732138,29.393168929987628,387816800
2015-04-28,29.00440788269043,29.888579310474817,28.784477727247477,29.870809984413906,475696000
2015-04-29,28.5778751373291,29.23322840880269,28.502343631285193,28.91554998584197,253544400
2015-04-30,27.802560806274414,28.57787743942009,27.675933151606497,28.57787743942009,332781600
2015-05-01,28.64673614501953,28.908879431182097,27.8358760088577,28.013598058675683,234050400
2015-05-04,28.59120750427246,29.006637620531052,28.49345924162338,28.768931310016274,203953200
2015-05-05,27.94695472717285,28.535661067838543,27.942510701073854,28.469014235548403,197085600
2015-05-06,27.77145767211914,28.15800495791627,27.404903422444445,28.11579517734717,288564000
2015-05-07,27.9432315826416,28.126158622234403,27.666608877322254,27.833920256290526,175763600
2015-05-08,28.469707489013672,28.469707489013672,28.132853405005918,28.26000999669395,222201600
2015-05-11,28.17969512939453,28.456316106647098,28.025768130626794,28.41839260613247,168143200
2015-05-12,28.079307556152344,28.30461895496568,27.84507097887534,28.019074515376378,192640000
2015-05-13,28.110544204711914,28.37378085400866,28.079312882081744,28.141775527342084,138776800
2015-05-14,28.766401290893555,28.766401290893555,28.36708631302993,28.42285677051672,180814000
2015-05-15,28.72624397277832,28.88686313904668,28.601318711004723,28.793169192716487,152832000
2015-05-18,29.043025970458984,29.161259076095174,28.63478578527864,28.639248375290993,203531600
2015-05-19,29.01625633239746,29.196952076729875,28.92032937190029,29.154565982832896,178532800
2015-05-20,29.014026641845703,29.219261547929744,28.853407427700088,29.000642274660084,145819600
2015-05-21,29.310710906982422,29.364251752243845,28.962703922676564,29.016244767937987,158921600
2015-05-22,29.5672664642334,29.663193428374157,29.312953295150677,29.35757238765829,182384000
2015-05-26,28.915864944458008,29.649806051808497,28.804324032431605,29.580651230985488,282790400
2015-05-27,29.455713272094727,29.504791530244127,29.011782760594354,29.076474971450878,183332800
2015-05-28,29.397722244262695,29.435645745544992,29.246028239133516,29.41556919850586,122933200
2015-05-29,29.063098907470703,29.32410422543376,28.978326727566014,29.275025953274035,203538000
2015-06-01,29.12110137939453,29.310722301615094,29.011793458266705,29.06310132744831,128451200
2015-06-02,28.991716384887695,29.147872986498268,28.848944148563945,28.96940684010392,134670400
2015-06-03,29.02740478515625,29.210333508028192,28.97832651335931,29.147870871915426,123934000
2015-06-04,28.857866287231445,29.130026398016824,28.7574801423585,28.906944563206427,153800400
2015-06-05,28.69947052001953,28.931477484587052,28.634778299566968,28.889091400447338,142507200
2015-06-08,28.509859085083008,28.824405288183716,28.293469433641413,28.75524706027214,210699200
2015-06-09,28.425085067749023,28.572319885753103,28.02353881333458,28.26446588519156,224301600
2015-06-10,28.750789642333984,28.85340538613573,28.521013909368506,28.536629570640002,156349200
2015-06-11,28.68609046936035,29.04078974685961,28.661551332957096,28.817707926451256,141563600
2015-06-12,28.369319915771484,28.628095692036958,28.355935548716214,28.596864367588303,147544800
2015-06-15,28.31353759765625,28.384923695366272,28.043608862503394,28.130610615900643,175955600
2015-06-16,28.465246200561523,28.521016667922336,28.190856454254913,28.338089603058062,125976400
2015-06-17,28.3983154296875,28.527701587513736,28.273388457264044,28.49200938252072,131672400
2015-06-18,28.5277042388916,28.62362949532071,28.380471113895364,28.382702408783295,141628800
2015-06-19,28.242156982421875,28.51431706464247,28.1975413009342,28.489777929230502,218867600
2015-06-22,28.467470169067383,28.567856303688377,28.349237081009143,28.440699738911512,136157200
2015-06-23,28.338085174560547,28.467473047092806,28.30462255897747,28.438473021309782,121075600
2015-06-24,28.579015731811523,28.956024600203072,28.358165178471953,28.378241727875807,221123600
2015-06-25,28.442930221557617,28.822168610386743,28.442930221557617,28.74632161341256,127752400
2015-06-26,28.27562141418457,28.55224240156402,28.22208225255806,28.48085628540225,176267200
2015-06-29,27.78038215637207,28.21316148452477,27.76922908520098,27.987848342323893,196645600
2015-06-30,27.981151580810547,28.135078574808336,27.853995016806024,28.012382898146452,177482800
2015-07-01,28.242156982421875,28.3180056833259,28.106076941311578,28.309082206632535,120955200
2015-07-02,28.20646858215332,28.26223904252488,28.05700245485321,28.20423728718423,108844000
2015-07-06,28.108304977416992,28.159614536960795,27.85176058365589,27.8718388293831,112241600
2015-07-07,28.039148330688477,28.141765741070998,27.610830037031594,28.08376400407954,187787200
2015-07-08,27.3431339263916,27.80491314662569,27.336441745254415,27.769220946567717,243046400
2015-07-09,26.785430908203125,27.675526788735418,26.595811723906333,27.62867981628414,314380000
2015-07-10,27.50153160095215,27.628688193870396,27.039752215935398,27.202602723627663,245418000
2015-07-13,28.03246307373047,28.054770915935904,27.73353254184397,27.891920434075615,165762000
2015-07-14,28.021305084228516,28.190847729085604,27.894148526080468,28.117230326479085,127072400
2015-07-15,28.29123878479004,28.364856200215463,28.014617780682237,28.045849102017986,134596800
2015-07-16,28.66824722290039,28.681634993181415,28.409473162788792,28.496474947841605,144889600
2015-07-17,28.915864944458008,28.915864944458008,28.62362829958219,28.795402257211233,184658800
2015-07-20,29.462411880493164,29.66318411792523,29.156787531745444,29.217020564558172,235600800
2015-07-21,29.167951583862305,29.652038784847903,29.072028023261137,29.63642482556907,307025600
2015-07-22,27.934309005737305,27.99677165024984,27.213753894871886,27.213753894871886,461802400
2015-07-23,27.92091941833496,28.35146566635156,27.898609876341503,28.15292299685926,203998000
2015-07-24,27.773681640625,28.050302571575923,27.639832912873192,27.95660863234755,168649200
2015-07-27,27.387754440307617,27.575144055147923,27.24275261810859,27.459140555013633,177822000
2015-07-28,27.52383041381836,27.64206519121989,27.338673823127042,27.52383041381836,134472400
2015-07-29,27.43682861328125,27.550600801647835,27.27620945369995,27.47252251628997,148046800
2015-07-30,27.29852294921875,27.343138632464825,27.1512881309441,27.28736817741762,134513200
2015-07-31,27.059818267822266,27.35874701036645,26.972816517262167,27.34982353569634,171540000
2015-08-03,26.42180061340332,27.343127544460224,26.216564128551543,27.10443016173234,279904000
2015-08-04,25.574092864990234,26.25672250688455,25.264009354327214,26.19425988631628,496554400
2015-08-05,25.74364471435547,26.19873187286403,25.00747396047822,25.197093184361943,397250400
2015-08-06,25.799657821655273,26.106663840240888,25.573326602166386,25.98789560018216,211612000
2015-08-07,25.88705825805664,26.05064586175011,25.6584856014657,25.676413337974065,154681600
2015-08-10,26.8282470703125,26.888751051054925,26.11339430736292,26.11339430736292,219806400
2015-08-11,25.432151794433594,26.48314180457779,25.396298032277432,26.400227308211978,388331200
2015-08-12,25.824312210083008,25.86464876132336,24.567158357722324,25.217024256735492,404870000
2015-08-13,25.80414581298828,26.084260288357925,25.667449812233247,26.00358718267682,194143200
2015-08-14,25.98565673828125,26.064088441275725,25.54867888610996,25.61814672166465,171718000
2015-08-17,26.254573822021484,26.364378232100474,25.882580929145096,26.00359060358621,163538800
2015-08-18,26.10666847229004,26.317315099765885,25.996864079315262,26.0909821304365,138242800
2015-08-19,25.772781372070312,26.1111585355766,25.698830716595314,26.017040452072212,193146000
2015-08-20,25.24391746520996,25.62487247693871,25.01534309042622,25.56436850107426,274006400
2015-08-21,23.69993019104004,25.075852599969778,23.675279976084997,24.746437645282736,513102000
2015-08-24,23.10832405090332,24.38116427748664,20.616425097540755,21.25956853943907,648825200
2015-08-25,23.247257232666016,24.898812593986147,23.193475738649916,24.898812593986147,414406400
2015-08-26,24.58060073852539,24.62541836113681,23.540816164859486,23.99796138648065,387098400
2015-08-27,25.30442237854004,25.376131620216796,24.654556414147635,25.14980034129892,338464400
2015-08-28,25.38733673095703,25.39181781054846,24.995176443904853,25.136353531757695,212657600
2015-08-31,25.268566131591797,25.66520746167961,25.09825605819991,25.104978531809078,224917200
2015-09-01,24.139148712158203,25.071368928809964,24.058475595083692,24.683691397569483,307383600
2015-09-02,25.174448013305664,25.174448013305664,24.455114225615663,24.701616338576237,247555200
2015-09-03,24.732990264892578,25.273050126560126,24.65903962729395,25.208063358035563,212935600
2015-09-04,24.486488342285156,24.75091649826802,24.316179957517583,24.419261888197923,199985200
2015-09-08,25.167724609375,25.223747503944658,24.721782847311772,25.042233872637542,219374400
2015-09-09,24.683687210083008,25.55092050698643,24.59853131779331,25.492657928736982,340043200
2015-09-10,25.22599220275879,25.38509703901559,24.627668020705055,24.710580821331632,251571200
2015-09-11,25.593494415283203,25.593494415283203,25.044470829651967,25.05119330225992,199662000
2015-09-14,25.84000587463379,26.194071068119193,25.73916532279667,26.12460320839511,233453600
2015-09-15,26.057374954223633,26.113397862780076,25.640564377789012,25.978943224181307,173364800
2015-09-16,26.086505889892578,26.115637184543175,25.86913674840091,26.050650410614907,148694000
2015-09-17,25.528505325317383,26.10442045830471,25.483687705581502,25.918425797686464,256450400
2015-09-18,25.423189163208008,25.61366837467434,25.069125764829042,25.145316081669108,297141200
2015-09-21,25.817588806152344,25.853444276933047,25.470247908799738,25.47248759346132,200888000
2015-09-22,25.411983489990234,25.586774634919642,25.214781821099262,25.407500701324746,201384800
2015-09-23,25.618154525756836,25.707791517778,25.38958182030212,25.463530757262415,143026800
2015-09-24,25.770536422729492,25.882582233263097,25.181176074808743,25.37837608586187,200878000
2015-09-25,25.705543518066406,26.149245574241068,25.5509197893008,26.093222682332716,224607600
2015-09-28,25.196853637695312,25.67416800871761,25.196853637695312,25.512821824236045,208436000
2015-09-29,24.439428329467773,25.436636933681488,24.170519104557986,25.28425458365043,293461600
2015-09-30,24.717304229736328,24.99517733576546,24.365480485186172,24.688171227461435,265892000
2015-10-01,24.555953979492188,24.56491784720905,24.04726517207875,24.441666803205894,255716400
2015-10-02,24.735225677490234,24.876404453917548,24.101047864608606,24.204129776630648,232079200
2015-10-05,24.82486915588379,24.957084099471995,24.441672694460394,24.623186357849537,208258800
2015-10-06,24.943634033203125,25.039993484121485,24.598532783627668,24.791251685464392,192787200
2015-10-07,24.82486915588379,25.046719378879786,24.51786473357705,25.039996903892536,187062400
2015-10-08,24.53803253173828,24.692656297530114,24.248954135106484,24.692656297530114,247918400
2015-10-09,25.12514877319336,25.161002537255133,24.535786818714605,24.650074004172488,211064400
2015-10-12,25.008615493774414,25.266321106419458,24.97276173645001,25.261840027884947,121868800
2015-10-13,25.05119514465332,25.199094681953888,24.8024533817687,24.833826062701636,132197200
2015-10-14,24.697134017944336,24.990693454806067,24.55147414198158,24.93915334634247,177849600
2015-10-15,25.066879272460938,25.120660762215397,24.75987325365055,24.858474076269335,150694000
2015-10-16,24.883127212524414,25.09825490656156,24.76884003736367,25.04895448944583,156930400
2015-10-19,25.03775405883789,25.042235138369406,24.6747250681917,24.829348812117825,119036800
2015-10-20,25.494903564453125,25.584540556883663,24.833833950934338,24.950360844315636,195871200
2015-10-21,25.49266242980957,25.90050909798165,25.479215770415255,25.546443938336843,167180800
2015-10-22,25.882577896118164,25.882577896118164,25.5688493372589,25.620391153728185,166616400
2015-10-23,26.684829711914062,26.71844379583291,26.068577775574017,26.151490578266074,237467600
2015-10-26,25.83327865600586,26.47193935630753,25.752605545474786,26.46073580242905,265335200
2015-10-27,25.669689178466797,26.11563090930809,25.54419674083244,25.860166664731032,279537600
2015-10-28,26.727401733398438,26.734125916866574,26.0080679737833,26.203028261965798,342205600
2015-10-29,27.009754180908203,27.045609649466968,26.503306800454087,26.599666235102223,204909200
2015-10-30,26.778940200805664,27.16437794000668,26.767734939442647,27.112836131292795,197461200
2015-11-02,27.15542221069336,27.195758770132144,26.80359844046524,27.07026801173741,128813200
2015-11-03,27.466901779174805,27.673065599084715,27.047849956583303,27.068019085532576,182076000
2015-11-04,27.339170455932617,27.747017028773147,27.254016278195074,27.59239330450581,179544400
2015-11-05,27.2131404876709,27.611481338312984,27.046603387668622,27.422437786228294,158210800
2015-11-06,27.24464988708496,27.413437990731037,27.145628700506865,27.255903114128582,132169200
2015-11-09,27.134382247924805,27.413444834864308,27.017356555660438,27.222151946373536,135485600
2015-11-10,26.279184341430664,26.57175110364436,26.119398460129865,26.308442047852964,236511600
2015-11-11,26.13065528869629,26.425471363562412,25.928109172871483,26.18916899260163,180872000
2015-11-12,26.042884826660156,26.29044042006532,26.02713133572533,26.164412492586706,130102400
2015-11-13,25.282211303710938,26.009126294308526,25.266457813116027,25.925856862877318,183249600
2015-11-16,25.69630241394043,25.70980491355159,24.980640745523743,25.066159438063565,152426800
2015-11-17,25.586029052734375,25.892098314595156,25.502759628683492,25.86284060822513,110467600
2015-11-18,26.396202087402344,26.441211549602507,25.99336104780747,26.05187472226842,186698800
2015-11-19,26.731536865234375,26.94983644140062,26.276934951724414,26.474979060688888,173183200
2015-11-20,26.84856605529785,26.9880964780301,26.74729214650655,26.826059597565344,137148400
2015-11-23,26.499732971191406,26.94533433204748,26.407461314604493,26.841809448120213,129930000
2015-11-24,26.754039764404297,26.859813920179256,26.35795157371696,26.405212037935286,171212800
2015-11-25,26.562747955322266,26.83280996896848,26.537992227812992,26.828307991056892,85553200
2015-11-27,26.51323890686035,26.648270784440793,26.465978436507857,26.621264065524375,52185600
2015-11-30,26.62350845336914,26.873314961150975,26.499729835278604,26.553741542717557,156721200
2015-12-01,26.40745735168457,26.738282268628147,26.299433940234323,26.724779771447157,139409600
2015-12-02,26.168907165527344,26.580750548158523,26.12389769161195,26.407460467881386,133546400
2015-12-03,25.925851821899414,26.28368349155291,25.70530299645381,26.229671779586834,166278000
2015-12-04,26.78780174255371,26.8373132030574,25.90560284431139,25.946112064996072,231108000
2015-12-07,26.619009017944336,26.97458970295678,26.513234864567096,26.77654561210243,128336800
2015-12-08,26.607757568359375,26.691025267759507,26.29943734579293,26.447969985021057,137238000
2015-12-09,26.020374298095703,26.486229388709443,25.898846659196288,26.474976161829343,185445600
2015-12-10,26.144153594970703,26.317443689533036,25.995620945204504,26.114897606214114,116850800
2015-12-11,25.471248626708984,25.96861066941635,25.396981453503482,25.923601197959165,187544800
2015-12-14,25.313720703125,25.35873018692822,24.708333359061726,25.246204760418422,257274800
2015-12-15,24.865867614746094,25.385736239096286,24.834360633512954,25.192192373234604,213292400
2015-12-16,25.057153701782227,25.20343705615663,24.485526216013525,24.996390745011965,224954000
2015-12-17,24.52603530883789,25.261950620429094,24.52603530883789,25.210188184389988,179091200
2015-12-18,23.862136840820312,24.647563678113645,23.812625388457732,24.51028426520113,385813200
2015-12-21,24.154706954956055,24.163709194553643,23.758616997670288,24.143453726208655,190362400
2015-12-22,24.132200241088867,24.24247466238895,23.956659158792924,24.170458468498886,131157600
2015-12-23,24.442766189575195,24.496777897863105,24.125443754756063,24.14119724121509,130629600
2015-12-24,24.312240600585938,24.53054017780593,24.294236122320022,24.53054017780593,54281600
2015-12-28,24.039926528930664,24.235721344204507,23.895894153442327,24.213214890470855,106816800
2015-12-29,24.472023010253906,24.627308608515364,24.04892813303589,24.07143286917491,123724800
2015-12-30,24.15245819091797,24.463027759139525,24.120951207924556,24.436022754860485,100855200
2015-12-31,23.688846588134766,24.087185730146636,23.589823691295113,24.082685469836317,163649200
2016-01-04,23.70909881591797,23.713600792941097,22.955179062652647,23.092460172838408,270597600
2016-01-05,23.114965438842773,23.821624751632932,23.0474512349527,23.799120017002906,223164000
2016-01-06,22.662616729736328,23.0384529014461,22.475825855355314,22.63110975251536,273829600
2016-01-07,21.70615005493164,22.534337108884632,21.70164979418796,22.20801411942277,324377600
2016-01-08,21.8209228515625,22.304782359296947,21.77591338354117,22.178754475236307,283192000
2016-01-11,22.174259185791016,22.29353585732134,21.906448134391603,22.27328210570374,198957600
2016-01-12,22.49608039855957,22.66036825729513,22.244022854897278,22.628861278962535,196616800
2016-01-13,21.91769790649414,22.772891657948627,21.8974441580709,22.577096838183675,249758400
2016-01-14,22.39705467224121,22.61310494938619,21.546362930112668,22.045975976632942,252680400
2016-01-15,21.859195709228516,21.989725657702174,21.46085632778573,21.64989828046982,319335600
2016-01-19,21.753416061401367,22.201266773710493,21.492356250325585,22.14725505028168,212350800
2016-01-20,21.78266143798828,22.09773281894118,21.02423982233035,21.402325136073646,289337600
2016-01-21,21.672395706176758,22.027974714138363,21.36632643874029,21.84343310144887,208646000
2016-01-22,22.82465171813965,22.83365395617753,22.138247808514276,22.196759780258493,263202000
2016-01-25,22.379051208496094,22.849406537567848,22.32728877108087,22.847155548897288,207178000
2016-01-26,22.50283432006836,22.703129441961522,22.070737094209072,22.489331818323304,300308000
2016-01-27,21.024248123168945,21.746661081313626,21.006243644691438,21.61388191579554,533478800
2016-01-28,21.17502784729004,21.271799754940478,20.792442193975056,21.107513640999823,222715200
2016-01-29,21.906442642211914,21.906442642211914,21.233541274149022,21.332564169235646,257666000
2016-02-01,21.701648712158203,21.76466266143647,21.46984666288399,21.710650950198147,163774000
2016-02-02,21.262805938720703,21.613884729731595,21.217794736666875,21.474352578867418,149428800
2016-02-03,21.68364143371582,21.79391583070109,21.172776939232083,21.379823236388418,183857200
2016-02-04,21.857872009277344,22.023051307354372,21.53882942849587,21.690431234443935,185886800
2016-02-05,21.274093627929688,21.93028280241884,21.19942517660604,21.839773653124055,185672400
2016-02-08,21.498104095458984,21.65423060804116,21.052347960750858,21.072711612963058,216085600
2016-02-09,21.493579864501953,21.70853933097506,21.25373206268932,21.33519013242165,177324800
2016-02-10,21.330657958984375,21.8013040732542,21.292192138208378,21.70400705661494,169374400
2016-02-11,21.201684951782227,21.432483350272403,20.950522902652605,21.22205032873997,200298800
2016-02-12,21.267309188842773,21.382708416044636,21.045563549785236,21.312564633980127,161405600
2016-02-16,21.86693000793457,21.914446929611888,21.407598038735156,21.500368678299818,196231600
2016-02-17,22.201807022094727,22.22217067140794,21.756050950844866,21.873711619396975,179452800
2016-02-18,21.780941009521484,22.37603568810699,21.74247346139411,22.36472139871926,156084000
2016-02-19,21.731163024902344,21.894079140646554,21.676858228427058,21.72211193777007,141496800
2016-02-22,21.921226501464844,21.925752907328235,21.704005630608744,21.792251555446594,137123200
2016-02-23,21.425695419311523,21.83524717134706,21.394017478619176,21.812620317469428,127770400
2016-02-24,21.74473762512207,21.808093505328504,21.11570177690352,21.265042117091483,145022800
2016-02-25,21.894081115722656,21.894081115722656,21.552409882510005,21.733428188848517,110330800
2016-02-26,21.928014755249023,22.179175022970334,21.853344599979433,21.993632099351238,115964400
2016-02-29,21.878238677978516,22.226697740378793,21.86918759146339,21.916704500929125,140865200
2016-03-01,22.747127532958984,22.801432338301602,22.04342136196263,22.09546468989167,201628400
2016-03-02,22.796899795532227,22.828577731584346,22.54573778374896,22.742595008916886,132678400
2016-03-03,22.966602325439453,23.01411922654083,22.72901609361463,22.758432551190197,147822800
2016-03-04,23.308284759521484,23.47572559606634,22.937198729168685,23.163470783106675,184220400
2016-03-07,23.050334930419922,23.267555896684534,22.844426531146482,23.167995639777043,143315600
2016-03-08,22.86026382446289,23.02544317251674,22.717713061364464,22.80369581471164,126247600
2016-03-09,22.880632400512695,22.984717345830273,22.688299759447865,22.923622920029782,108806800
2016-03-10,22.891937255859375,23.134048220780034,22.661140581184426,22.9462437774568,134054400
2016-03-11,23.138572692871094,23.143097372800096,22.966605508160118,23.13404628662392,109632800
2016-03-14,23.197404861450195,23.285652530351765,23.029964063512647,23.059380528585958,100304400
2016-03-15,23.66352653503418,23.799289391840023,23.49834721293617,23.523237271421053,160270800
2016-03-16,23.978038787841797,24.054970422113335,23.665782392387264,23.670308798119695,153214000
2016-03-17,23.939579010009766,24.091180840249617,23.749509626611857,23.87622139799819,137682800
2016-03-18,23.96673011779785,24.09796829371383,23.801552522522893,24.061763944639747,176820800
2016-03-21,23.964473724365234,24.358186609314124,23.79024327854342,23.968998405800136,142010800
2016-03-22,24.147748947143555,24.276723922528895,23.806077732017386,23.81512881948704,129777600
2016-03-23,24.014251708984375,24.22694798543003,23.962210104951108,24.09344830643114,102814000
2016-03-24,23.9101619720459,24.041400147165657,23.733670087176467,23.86490826229623,104532000
2016-03-28,23.80155372619629,24.027825740397013,23.772137259506373,23.984833505276967,77645600
2016-03-29,24.364974975585938,24.389865039766093,23.73141253043089,23.73367573435239,124760400
2016-03-30,24.79036521911621,24.984959320013996,24.57314425850633,24.584458551521745,182404400
2016-03-31,24.661386489868164,24.867294852638533,24.636496430053757,24.826565820789366,103553600
2016-04-01,24.887659072875977,24.88992227645211,24.48263194867367,24.613870134993224,103496000
2016-04-04,25.14334487915039,25.38545584641617,24.95101230102027,24.98495344576784,149424800
2016-04-05,24.846925735473633,25.055097270450286,24.75867980079629,24.779045176816258,106314800
2016-04-06,25.107135772705078,25.111662178516678,24.708896650866684,24.94195821325985,105616400
2016-04-07,24.55956268310547,24.98495341463235,24.464528858985368,24.87860530017105,127207600
2016-04-08,24.586715698242188,24.837876023385373,24.475841178225927,24.6432836967458,94326800
2016-04-11,24.66817283630371,25.027946216262748,24.62518232992853,24.65686027202324,117630000
2016-04-12,24.989473342895508,25.003049106730835,24.586709570147267,24.74057283046198,108929200
2016-04-13,25.351518630981445,25.41939920467928,25.070941795129475,25.070941795129475,133029200
2016-04-14,25.36509132385254,25.43071041222434,25.190862640210334,25.256481728582134,101895600
2016-04-15,24.855976104736328,25.41034347919359,24.82882457258405,25.367351251528262,187756000
2016-04-18,24.319719314575195,24.652337759106935,24.197532207345343,24.63876198929872,243286000
2016-04-19,24.19074058532715,24.437376239107543,24.036875554768923,24.410222977367255,129539600
2016-04-20,24.24051856994629,24.45773948127744,23.998407600682768,24.129645774086487,122444000
2016-04-21,23.978038787841797,24.19525965241305,23.87621537467785,24.19525965241305,126210000
2016-04-22,23.912425994873047,24.0934442927117,23.672578217607494,23.76082416306627,134732400
2016-04-25,23.776657104492188,23.905632047938518,23.647682161045857,23.75855493403565,112126400
2016-04-26,23.611482620239258,23.82644205389541,23.511924115124508,23.511924115124508,224064800
2016-04-27,22.133928298950195,22.335310252927346,21.649706328003063,21.72211330329464,458408400
2016-04-28,21.457380294799805,22.147509055860482,21.32614208304913,22.086416358014535,328970800
2016-04-29,21.210737228393555,21.43248455248749,20.932423629466527,21.267305229545045,274126000
2016-05-02,21.1881103515625,21.287670585909353,20.907533549506745,21.26278052732264,192640400
2016-05-03,21.53656578063965,21.663277529105528,21.197157831833383,21.31481849450626,227325200
2016-05-04,21.31255531311035,21.699480136643114,21.228834070960072,21.541088737411613,164102000
2016-05-05,21.226055145263672,21.415004791770283,21.098571883441945,21.39906938404257,143562000
2016-05-06,21.10767936706543,21.273862666821273,20.909623513079747,21.255652011756162,174799600
2016-05-09,21.123611450195312,21.346707136876383,21.07808047762743,21.171417668769827,131745600
2016-05-10,21.26702880859375,21.301176601729335,20.968808337989397,21.246541174809746,134747200
2016-05-11,21.059873580932617,21.301181699672124,21.048490401553487,21.280694060984878,114876400
2016-05-12,20.565872192382812,21.121337992617917,20.367818073350588,21.1076795669824,305258800
2016-05-13,20.606842041015625,20.868639441253695,20.48846500739972,20.48846500739972,177571200
2016-05-16,21.371749877929688,21.487851693136445,20.864092098720693,21.032552364137977,245039200
2016-05-17,21.282968521118164,21.55842443098928,21.17369764516445,21.52427836777203,187667600
2016-05-18,21.526546478271484,21.674519071535453,21.374021657030653,21.43548802410475,168249600
2016-05-19,21.444597244262695,21.54476365029383,21.301178583941898,21.54476365029383,121768400
2016-05-20,21.676799774169922,21.724605991860695,21.51744397837169,21.544762561407413,128104000
2016-05-23,21.952253341674805,22.125267542462378,21.779239140887235,21.82477010784649,152074400
2016-05-24,22.28689956665039,22.330151816165124,22.045589773017973,22.132097745705188,140560800
2016-05-25,22.6784610748291,22.70577792404892,22.334709581903283,22.46219284314023,152675200
2016-05-26,22.85830307006836,22.93115089139935,22.45536220143362,22.692118054966603,225324800
2016-05-27,22.844642639160156,22.871961223146894,22.594228364850043,22.63748235528845,145364800
2016-05-31,22.73309326171875,22.85602427612958,22.49633742694555,22.67390386881822,169228800
2016-06-01,22.414384841918945,22.660246886366746,22.38479101200226,22.541868093041938,116693200
2016-06-02,22.245925903320312,22.273242751993745,21.99778686128545,22.218607317817746,160766400
2016-06-03,22.291452407836914,22.371129434742336,22.184456798780094,22.261858579794595,114019600
2016-06-06,22.45308494567871,23.19522331053951,22.207224637192535,22.307389304787257,93170000
2016-06-07,22.544145584106445,22.735372201930687,22.52821017735685,22.59422878727063,89638000
2016-06-08,22.523656845092773,22.6647985160103,22.464467449995333,22.541867497036687,83392400
2016-06-09,22.685293197631836,22.76269326279056,22.414389495917515,22.42349569243549,106405600
2016-06-10,22.498615264892578,22.61699231836452,22.418938234975986,22.430319675347505,126851600
2016-06-13,22.159414291381836,22.56463209429389,22.104778866146614,22.46674268329849,152082000
2016-06-14,22.186738967895508,22.41894262839025,22.025107893581765,22.154868149683185,127727600
2016-06-15,22.1138916015625,22.403007691650878,22.088849995749197,22.268693466213215,117780800
2016-06-16,22.207223892211914,22.252753127152243,21.870301648434932,21.95680788955315,125307200
2016-06-17,21.701839447021484,22.00233688641061,21.695010236076318,21.995507675465443,244032800
2016-06-20,21.64948272705078,21.9841280114565,21.63354732002332,21.85436777228174,137647600
2016-06-21,21.833877563476562,21.934042222919945,21.553867745183094,21.613057137237522,142185600
2016-06-22,21.751922607421875,22.05697227466508,21.70639163981398,21.911276651977456,116876400
2016-06-23,21.87713050842285,21.920384496701352,21.683628657792593,21.840707468421712,128960800
2016-06-24,21.262474060058594,21.549313056841648,21.091736851444896,21.150926236743015,301245600
2016-06-27,20.952878952026367,21.182805639240847,20.829947903520488,21.171422459315906,181958400
2016-06-28,21.305721282958984,21.32165841936174,20.975630118847228,21.148644269104484,161779600
2016-06-29,21.490127563476562,21.52427535874932,21.314836358263275,21.392238143336794,146124000
2016-06-30,21.763309478759766,21.802009508264273,21.46736593117151,21.49923674803749,143345600
2016-07-01,21.829322814941406,21.961360016776208,21.70183957831682,21.738262615854342,104106000
2016-07-05,21.62443733215332,21.71777451182094,21.503783309132288,21.715497529265225,110820800
2016-07-06,21.74736785888672,21.776963420972997,21.483295203588348,21.5356536434154,123796400
2016-07-07,21.840713500976562,21.968196781435747,21.767865664024253,21.786076320640255,100558400
2016-07-08,22.009166717529297,22.056972932321376,21.86574807315307,21.96591273121933,115648400
2016-07-11,22.07746124267578,22.229986073522742,22.020548836822844,22.02510106508641,95179600
2016-07-12,22.177629470825195,22.24137109776262,22.109335614890412,22.12071705579834,96670000
2016-07-13,22.05241584777832,22.23453447305003,22.045584901316058,22.175346831671682,103568800
2016-07-14,22.48950958251953,22.53503881870016,22.154864312421935,22.17079971876806,155676000
2016-07-15,22.487232208251953,22.605610999187544,22.423490583976943,22.51910302038946,120548000
2016-07-18,22.72626304626465,22.794556893367258,22.446253236340294,22.469017852041166,145975600
2016-07-19,22.735374450683594,22.764968284194516,22.614718659840797,22.6648018679587,95119600
2016-07-20,22.755861282348633,22.869686119737427,22.705778076004894,22.76496747775924,105104000
2016-07-21,22.635202407836914,22.992612251581413,22.566906825229403,22.726262605703987,130808000
2016-07-22,22.459915161132812,22.6056107972683,22.380236394671762,22.59650460290621,113254800
2016-07-25,22.159414291381836,22.500888738552472,22.063801863012984,22.366576289676537,161531600
2016-07-26,22.00688934326172,22.302834557369803,21.949976935689307,22.041037135170935,224959200
2016-07-27,23.4365234375,23.755233195114588,23.390994216481538,23.73702081197582,369379200
2016-07-28,23.752962112426758,23.77800371125491,23.406935430991453,23.409212413656437,159479200
2016-07-29,23.723369598388672,23.800771381822965,23.602715562898634,23.718817369635584,110934800
2016-08-01,24.142244338989258,24.165008954984405,23.76889907881645,23.76889907881645,152671600
2016-08-02,23.784832000732422,24.14679404670702,23.675559423802557,24.142241818714755,135266400
2016-08-03,24.083057403564453,24.0944388443081,23.850853780982273,23.859959975674617,120810400
2016-08-04,24.231826782226562,24.261580922637133,24.096784999236316,24.16545054939915,109634800
2016-08-05,24.600326538085938,24.639236198825742,24.30277817025099,24.32337678608829,162213600
2016-08-08,24.804035186767578,24.804035186767578,24.5270871466591,24.60948336646476,112148800
2016-08-09,24.904743194580078,24.93449908368157,24.7216379561109,24.771992464217153,105260800
2016-08-10,24.719350814819336,24.925345754190385,24.664419413066312,24.88185744859045,96034000
2016-08-11,24.70332908630371,24.932211964247323,24.685018036971154,24.83836914609631,109938000
2016-08-12,24.760547637939453,24.82005766994111,24.668994145530196,24.668994145530196,74641600
2016-08-15,25.058095932006836,25.07182834461946,24.73765958322399,24.75139199583661,103472800
2016-08-16,25.035207748413086,25.22975958534201,24.99629807952239,25.09242846604213,135177600
2016-08-17,24.99858283996582,25.03291561353197,24.797164833037684,24.97111627186542,101424000
2016-08-18,24.966541290283203,25.08555960199935,24.952807132065452,25.000874066471287,87938800
2016-08-19,25.030628204345703,25.10615996270143,24.801745358107162,24.895586417021445,101472400
2016-08-22,24.836078643798828,24.971118687655874,24.68501512398833,24.916187292378225,103280800
2016-08-23,24.913898468017578,25.021473689483713,24.840656024118577,24.854388436650385,85030800
2016-08-24,24.726215362548828,24.891011302987323,24.64610670990169,24.8498123178777,94700400
2016-08-25,24.620925903320312,24.691879021680453,24.417220324732412,24.579726924154368,100344800
2016-08-26,24.47673225402832,24.70790267255723,24.33253494260801,24.58430747167917,111065200
2016-08-29,24.44926643371582,24.591174432069376,24.32795880029892,24.403490561337307,99881200
2016-08-30,24.261587142944336,24.37602859173181,24.147145694156862,24.215811261924518,99455600
2016-08-31,24.284473419189453,24.392048653075395,24.179187503068988,24.183766138599943,118649600
2016-09-01,24.428665161132812,24.444686889348482,24.174605080686185,24.29362338368296,106806000
2016-09-02,24.657548904418945,24.719346502330282,24.449264683659027,24.65068095243993,107210000
2016-09-06,24.650684356689453,24.788015475435525,24.607197798908395,24.696461978350715,107521600
2016-09-07,24.801746368408203,24.893299859880564,24.506487275184583,24.680438734358308,169457200
2016-09-08,24.151721954345703,24.552267014663258,24.087635024092958,24.547690125175723,212008000
2016-09-09,23.60468101501465,24.19748833687621,23.60468101501465,23.950294509700644,186228000
2016-09-12,24.13340950012207,24.197496422009813,23.46735953427949,23.494826106333228,181171200
2016-09-13,24.70789909362793,24.900161565593354,24.54539250509945,24.607191842824417,248704800
2016-09-14,25.582242965698242,25.870635931202962,24.85668453504217,24.88644043196196,443554800
2016-09-15,26.451988220214844,26.488610310692344,25.975911521431673,26.060598795982852,359934400
2016-09-16,26.30322265625,26.580170757884616,26.101806331307905,26.349000284353632,319547600
2016-09-19,25.99651336669922,26.591608401003104,25.92098161045916,26.36501487852042,188092000
2016-09-20,25.994224548339844,26.12011081115645,25.75160929226149,25.875206237689383,138057200
2016-09-21,25.989652633666992,26.090359916955993,25.735592488260867,26.058316452331603,144012800
2016-09-22,26.234548568725586,26.307790998796055,26.092640596485246,26.172749231525245,124296000
2016-09-23,25.797388076782227,26.273464865638555,25.531884855537015,26.188777575064645,209924800
2016-09-26,25.8362979888916,25.953028742676437,25.53188509596385,25.552483716270608,119477600
2016-09-27,25.884366989135742,25.90496735870978,25.71270480971672,25.863768365799693,98429600
2016-09-28,26.081199645996094,26.239129368791218,25.96218133422534,26.021691363229483,118564400
2016-09-29,25.676082611083984,26.04687352067809,25.589107741729357,25.900388611113527,143548000
2016-09-30,25.875211715698242,25.94845417150556,25.589108099851238,25.740169900974752,145516400
2016-10-03,25.7539005279541,25.875209919491997,25.698969126471315,25.797388833340097,86807200
2016-10-04,25.863765716552734,26.163601733762686,25.779078421401593,25.877498130703476,118947200
2016-10-05,25.875211715698242,26.01483041993061,25.792813734635274,25.955320378887826,85812400
2016-10-06,26.067466735839844,26.17046331624547,25.893515286972285,26.02397843706358,115117200
2016-10-07,26.10637855529785,26.22081998574715,25.98049402954621,26.1635992705225,97433600
2016-10-10,26.561857223510742,26.722074530767596,26.257442593485038,26.326106405350398,144944000
2016-10-11,26.619077682495117,27.166107585717516,26.596187999190285,26.939512293910834,256164000
2016-10-12,26.85710906982422,27.003595680121986,26.72206904517741,26.85939838695441,150347200
2016-10-13,26.77471351623535,26.879999405712596,26.486320669087977,26.73122522088529,140769600
2016-10-14,26.923494338989258,27.047091311969947,26.809052891366903,26.980715062800435,142608800
2016-10-17,26.905189514160156,26.971564028142957,26.728948677584825,26.854834989424347,94499600
2016-10-18,26.886863708496094,27.056236497301708,26.882285074447775,27.049370292466477,98214000
2016-10-19,26.806766510009766,26.953251429771733,26.046875333905316,26.836520659067105,80138400
2016-10-20,26.793020248413086,26.86626267521751,26.62593678081418,26.74724438649927,96503200
2016-10-21,26.687746047973633,26.75870093509931,26.614503589117227,26.73581124788834,92770800
2016-10-24,26.928068161010742,26.948666779706272,26.779293956449614,26.80218189263496,94154800
2016-10-25,27.065399169921875,27.090576425127797,26.8502487149759,26.99673361095342,192516000
2016-10-26,26.456571578979492,26.48174883578111,25.934718885705546,26.163601768456424,264536800
2016-10-27,26.202512741088867,26.51837048528033,26.115536129527058,26.410795252814587,138248000
2016-10-28,26.028562545776367,26.369597563133876,25.966763187546174,26.06289532854449,151446800
2016-10-31,25.987356185913086,26.145285894116228,25.909535117292197,26.012533436387134,105677600
2016-11-01,25.518157958984375,26.04001077189304,25.29843055071958,25.969057620770364,175303200
2016-11-02,25.54104232788086,25.71499382324578,25.458646089274286,25.497555763718104,113326800
2016-11-03,25.267269134521484,25.642263021474122,25.202853178991276,25.53183617062324,107730400
2016-11-04,25.039512634277344,25.36389526657879,24.871571272115432,24.968195213786938,123348000
2016-11-07,25.400705337524414,25.423710787131366,25.182149178250135,25.32478577413851,130240000
2016-11-08,25.550249099731445,25.702088270849135,25.23736997912876,25.377705544481604,97016800
2016-11-09,25.508834838867188,25.61006093811463,24.85777191973571,25.27877679890741,236705600
2016-11-10,24.797958374023438,25.557148915104918,24.347044789302654,25.557148915104918,228538000
2016-11-11,24.945188522338867,25.04641460202416,24.512680122670883,24.6438131098981,136575600
2016-11-14,24.31943130493164,24.80255276055703,23.944437391630697,24.779547311280258,204702000
2016-11-15,24.64151382446289,24.772646821194414,24.422959414978134,24.517282287264077,129058000
2016-11-16,25.304079055786133,25.359294239810122,24.524182572280637,24.547188021355673,235362000
2016-11-17,25.294878005981445,25.38690156287228,25.037214152931146,25.262670024350157,110528000
2016-11-18,25.320186614990234,25.430615243401842,25.22816480571798,25.24196772606812,113715600
2016-11-21,25.704378128051758,25.76419193736113,25.308678133159383,25.333984650637593,117058400
2016-11-22,25.720476150512695,25.863110937541038,25.628452631499247,25.75498343434043,103862000
2016-11-23,25.589357376098633,25.653773348516676,25.38230478246663,25.619264290377405,109705600
2016-11-25,25.71818733215332,25.736592395764816,25.52493767463953,25.566348190163666,45903600
2016-11-28,25.66756820678711,25.8746207353781,25.626157701068912,25.635360230695518,108776000
2016-11-29,25.64226531982422,25.77339831396523,25.32248482963467,25.48582580442763,114115200
2016-11-30,25.426013946533203,25.812511526039412,25.368499436220993,25.674477052330815,144649200
2016-12-01,25.18905258178711,25.522637770046657,25.083226101264454,25.39150476644213,148347600
2016-12-02,25.28337860107422,25.327088434537696,25.041816960298217,25.115435461882715,106112000
2016-12-05,25.10162925720215,25.31328220216583,24.90377923097857,25.306380742795778,137298000
2016-12-06,25.294878005981445,25.389202634475474,25.12003517861256,25.19135260148136,104782000
2016-12-07,25.54334259033203,25.580152717341864,25.11313520092625,25.136140652705663,119994800
2016-12-08,25.794105529785156,25.865422953478195,25.444416360599178,25.504231936550035,108273200
2016-12-09,26.215110778808594,26.387654294479216,25.837815764958435,25.837815764958435,137610400
2016-12-12,26.06557273864746,26.45667064611745,25.87922456055831,26.063271667134355,105497600
2016-12-13,26.500381469726562,26.668322826103353,26.169097389460877,26.189801766875863,174935200
2016-12-14,26.500381469726562,26.732738784998737,26.452069500555023,26.46587241883168,136127200
2016-12-15,26.645315170288086,26.854668774561183,26.509581804601382,26.544089097434888,186098000
2016-12-16,26.679826736450195,26.801757196511677,26.606208246118552,26.79485573729359,177404400
2016-12-19,26.83396339416504,27.004205812649772,26.629211926678533,26.64071552808017,111117600
2016-12-20,26.905284881591797,27.03181749535354,26.843169988147295,26.856972907756425,85700000
2016-12-21,26.930585861206055,27.008806485032228,26.866169909350997,26.870772051742385,95132800
2016-12-22,26.753440856933594,26.80405388987019,26.603902829221738,26.767243773115222,104343600
2016-12-23,26.80635643005371,26.80635643005371,26.592402427489088,26.592402427489088,56998000
2016-12-27,26.976598739624023,27.10083025720737,26.79945311530583,26.80635457374884,73187600
2016-12-28,26.861570358276367,27.15144215064689,26.732736695353033,27.03641316012437,83623600
2016-12-29,26.85466957092285,26.942090974031995,26.778750014031598,26.790251860249484,60158000
2016-12-30,26.645315170288086,26.96279455077799,26.555592698514783,26.836263714914587,122345200
2017-01-03,26.72123908996582,26.762649603333717,26.401458585981693,26.64071913486251,115127600
2017-01-04,26.691329956054688,26.804059646424857,26.629215064694332,26.65222051500545,84472400
2017-01-05,26.827064514160156,26.884579016290644,26.64301740526128,26.668323926614956,88774400
2017-01-06,27.126136779785156,27.183651273757864,26.79485273283738,26.866170143698557,127007600
2017-01-09,27.374603271484375,27.475829361813165,27.133043403931662,27.13534272038212,134247600
2017-01-10,27.402210235595703,27.46432512719422,27.21586380559681,27.32398959799397,97848400
2017-01-11,27.549449920654297,27.590860437507263,27.284882827160544,27.31709081191246,110354400
2017-01-12,27.434415817260742,27.44591941905576,27.195155292590645,27.35389587030523,108344800
2017-01-13,27.38610076904297,27.519534811964093,27.333186664021486,27.402204756622897,104447600
2017-01-17,27.606956481933594,27.662169903440613,27.19745357495073,27.225059408102727,137759200
2017-01-18,27.604658126831055,27.72198819488039,27.540242169534384,27.606959198221134,94852000
2017-01-19,27.556344985961914,27.627662399190104,27.462022125421704,27.468923584095,102389200
2017-01-20,27.606956481933594,27.710481866659634,27.544841602138572,27.710481866659634,130391600
2017-01-23,27.6253662109375,27.79330757501292,27.554047034431193,27.606961148922757,88200800
2017-01-24,27.600055694580078,27.629962599622765,27.491928164898198,27.503431765793188,92844000
2017-01-25,28.03946876525879,28.090081806735956,27.671376311611134,27.7035842916051,129510400
2017-01-26,28.05327606201172,28.168305074232265,27.97505542099596,27.9911594124987,105350400
2017-01-27,28.055572509765625,28.14759606117314,27.975052560485274,28.099284091604925,82251600
2017-01-30,27.981956481933594,27.981956481933594,27.758801675778333,27.82091656920229,121510000
2017-01-31,27.917539596557617,27.92674212772511,27.749598229560107,27.87152869592351,196804000
2017-02-01,29.61996841430664,30.020270610409472,29.21966797340711,29.224268361259686,447940000
2017-02-02,29.569353103637695,29.76720311498404,29.396809611547503,29.44282226256012,134841600
2017-02-03,29.695886611938477,29.721193131971837,29.484233676389646,29.51874097170494,98029200
2017-02-06,29.974254608154297,30.022568331657627,29.6544741356893,29.707390002003997,107383600
2017-02-07,30.259532928466797,30.38836486583009,30.011069830520295,30.03177421108075,152735200
2017-02-08,30.376859664916992,30.418271934267572,30.188213912384082,30.21812257855912,92016400
2017-02-09,30.596349716186523,30.603281094793363,30.295977049265435,30.41843610548616,113399600
2017-02-10,30.527040481567383,30.71650761528476,30.51086843574748,30.605602002606165,80262000
2017-02-13,30.797378540039062,30.91984116877839,30.67261015171443,30.748858871211922,92141600
2017-02-14,31.19710922241211,31.213281271299813,30.788140070695363,30.838972553987908,132904800
2017-02-15,31.310325622558594,31.485930037012633,31.104686394284805,31.3126384336709,142492400
2017-02-16,31.27335548400879,31.400433156603963,31.155514952191538,31.347291392120912,90338400
2017-02-17,31.358844757080078,31.384260996633373,31.215591511757644,31.215591511757644,88792800
2017-02-21,31.58527946472168,31.596832942403598,31.41891925785599,31.476683120639176,98028800
2017-02-22,31.680007934570312,31.682317219483558,31.44895252071614,31.52288841982405,83347600
2017-02-23,31.546001434326172,31.765503414548835,31.49285966610156,31.742399984098633,83152800
2017-02-24,31.576040267944336,31.576040267944336,31.25718260233658,31.40274867152735,87106400
2017-02-27,31.638416290283203,31.756256808358447,31.48823168075205,31.686939478718745,81029600
2017-02-28,31.65228271484375,31.75625694694413,31.585274669836803,31.673076856138653,93931600
2017-03-01,32.29923629760742,32.3824163916019,31.79322787856917,31.860232400519113,145658400
2017-03-02,32.10746765136719,32.41245901933764,32.06125373976054,32.34776377384007,104844000
2017-03-03,32.29691696166992,32.3084704344454,32.02196052748819,32.06586160866005,84432400
2017-03-06,32.19526290893555,32.29461857758971,32.02428414639865,32.20219428981536,87000000
2017-03-07,32.23685836791992,32.343141903855376,32.06818534575366,32.130571306357986,69785200
2017-03-08,32.11669921875,32.301544235925455,32.07511094083889,32.105145744121764,74828800
2017-03-09,32.04276657104492,32.06818281034635,31.666148603102606,32.056632858903505,88623600
2017-03-10,32.1490478515625,32.19988032103794,32.03352015286843,32.17446408630022,78451200
2017-03-13,32.16291427612305,32.21605603640242,32.07511561253668,32.08204699319808,69686800
2017-03-14,32.1143913269043,32.266885211484286,32.07973090151632,32.18601793683025,61236400
2017-03-15,32.454044342041016,32.52104885946369,32.123633273411656,32.21143545714722,102767200
2017-03-16,32.50718307495117,32.5834317760032,32.407827424868074,32.51411445453541,76928000
2017-03-17,32.34543991088867,32.57880454657179,32.322332965499314,32.57880454657179,175540000
2017-03-20,32.68510818481445,32.694348852295555,32.40090741959065,32.44018642623199,86168000
2017-03-21,32.310794830322266,32.99472054637454,32.28537858857916,32.8352917141338,158119600
2017-03-22,32.67586135864258,32.71745317302266,32.292308464990825,32.31310613499406,103440800
2017-03-23,32.56032943725586,32.71282686095234,32.488702820993375,32.63888743408401,81385200
2017-03-24,32.495643615722656,32.74980606218235,32.428639075634344,32.69435147596562,89582400
2017-03-27,32.55108642578125,32.6296444169478,32.0288989566286,32.20681260478574,94300400
2017-03-28,33.225765228271484,33.28121626453851,32.49100726710479,32.55801530342798,133499200
2017-03-29,33.299713134765625,33.38520605590323,33.08483324044029,33.19804816408955,116760000
2017-03-30,33.255802154541016,33.38750542533572,33.15645002446834,33.31587881516693,84829200
2017-03-31,33.19342041015625,33.33436434857821,33.043232281161146,33.20728317039026,78646800
2017-04-03,33.202667236328125,33.29971010159959,33.052482605089835,33.20498004721343,79942800
2017-04-04,33.44989776611328,33.477623291318075,33.080207643793266,33.0986925024719,79565600
2017-04-05,33.276615142822266,33.60933563737764,33.22809193502159,33.3228255391489,110871600
2017-04-06,33.19342041015625,33.3921281999704,33.14489722371151,33.33898291823909,84596000
2017-04-07,33.11948013305664,33.31356582257368,33.10330808840969,33.20959159787709,66688800
2017-04-10,33.0802001953125,33.2442510756305,33.0178142520225,33.179555847635505,75733600
2017-04-11,32.72438430786133,33.121799961435954,32.36162556132028,33.02706638137571,121517600
2017-04-12,32.76366424560547,32.84453153953262,32.58112846168498,32.71745385970046,81400000
2017-04-13,32.59035873413086,32.897662781300696,32.59035873413086,32.78906648171343,71291600
2017-04-17,32.77058792114258,32.782141396308624,32.548773185081686,32.689717120605906,66328400
2017-04-18,32.62501907348633,32.81910474726567,32.60422493535825,32.67354225474382,58790000
2017-04-19,32.50486755371094,32.809862332481956,32.45172580612209,32.78213681645737,69313600
2017-04-20,32.91154098510742,33.02244662108617,32.6157902720797,32.629653035873716,93278400
2017-04-21,32.87224578857422,32.96697580305148,32.775202964186015,32.91152477518671,69283600
2017-04-24,33.188812255859375,33.260438897572406,33.08252517337647,33.15646462651713,68537200
2017-04-25,33.39443588256836,33.47992525032688,33.241938476059495,33.25118266618911,75486000
2017-04-26,33.19804000854492,33.41061409080594,33.12872620522698,33.38057575895097,80164800
2017-04-27,33.22346115112305,33.30895406388303,33.11255552381096,33.253499487413826,56985200
2017-04-28,33.19111633300781,33.3413045015207,33.10331765321541,33.29278130230845,83441600
2017-05-01,33.868106842041016,34.01136008674115,33.49379815717875,33.5261457777764,134411600
2017-05-02,34.082984924316406,34.21699749566795,33.928178210589465,34.089916305108204,181408800
2017-05-03,33.97902297973633,34.07837868307375,33.3343796534977,33.63937109555477,182788000
2017-05-04,33.8565673828125,33.99751140069263,33.6902071149662,33.85425809668019,93487600
2017-05-05,34.41801834106445,34.42263691120523,33.90969357549422,33.90969357549422,109310800
2017-05-08,35.35380172729492,35.51323059064107,34.4342017999803,34.4342017999803,195009600
2017-05-09,35.58023452758789,35.78587376314534,35.45546259441152,35.55250547264491,156521600
2017-05-10,35.41155242919922,35.56867194825436,35.145840106230295,35.4970453320954,103222800
2017-05-11,35.717803955078125,35.74564745729754,35.3373091330769,35.36979026885097,109020400
2017-05-12,36.21662139892578,36.29086246895266,35.88484654986236,35.89180653954682,130108000
2017-05-15,36.12382125854492,36.34422922660591,35.97301673833962,36.19574352326371,104038800
2017-05-16,36.070465087890625,36.20734964530216,35.896458214516294,36.179509678419514,80194000
2017-05-17,34.859378814697266,35.86166015777353,34.73409541690228,35.63661097305999,203070800
2017-05-18,35.390689849853516,35.576297960053104,35.06355949407727,35.096040647848675,134272800
2017-05-19,35.51132583618164,35.72477386484505,35.41156358438235,35.58557047581027,107843200
2017-05-22,35.72709274291992,35.8639773012021,35.4765224188457,35.72941156011525,91865600
2017-05-23,35.6829948425293,35.938202689475816,35.56930912641458,35.938202689475816,79675600
2017-05-24,35.5762825012207,35.76885052211112,35.42083679427562,35.69228707716587,76712000
2017-05-25,35.69924545288086,35.8106123896768,35.50435862375579,35.666764314693346,76942400
2017-05-26,35.63893508911133,35.78510202508662,35.56933161768597,35.72941853991041,87710400
2017-05-30,35.652835845947266,35.82916147696767,35.573953606294275,35.59483357440635,80507600
2017-05-31,35.441707611083984,35.76884128036938,35.353546563465706,35.7224401700159,97804800
2017-06-01,35.539154052734375,35.573957543617595,35.3164272878654,35.536835236080066,65616400
2017-06-02,36.065826416015625,36.065826416015625,35.471883480111885,35.63197038115358,111082800
2017-06-05,35.713165283203125,35.83381102746354,35.604124244177186,35.808289880411884,101326800
2017-06-06,35.83381652832031,36.14934914931527,35.67837080520811,35.70621077347326,106499600
2017-06-07,36.04726028442383,36.18878600667422,35.84077228378099,35.9660592065226,84278400
2017-06-08,35.95909881591797,36.08670101408541,35.822210729231124,36.01941991941855,85003200
2017-06-09,34.56471252441406,36.005490501291284,33.87796761467055,36.005490501291284,259530800
2017-06-12,33.738773345947266,33.89421906626686,33.06362580621396,33.81301798022594,289229200
2017-06-13,34.01021194458008,34.20973990529512,33.67611828569184,34.14245882629742,136661600
2017-06-14,33.67845153808594,34.221352139331366,33.37219773829891,34.221352139331366,126124800
2017-06-15,33.476600646972656,33.52068295447054,32.994024702203426,33.25155501532048,128661600
2017-06-16,33.00794219970703,33.525321604147315,32.99169986019783,33.358274735777414,201444400
2017-06-19,33.952213287353516,34.04501905813801,33.330430553899184,33.330430553899184,130165600
2017-06-20,33.64364242553711,34.075179545849174,33.62740362744633,34.075179545849174,99600400
2017-06-21,33.84316635131836,33.8895710035528,33.55083615920216,33.76196529026394,85063200
2017-06-22,33.78749465942383,34.035742616466905,33.66916772366512,33.81997579978962,76425200
2017-06-23,33.93829345703125,34.142462613482856,33.66684321411892,33.67148438772323,141757600
2017-06-26,33.83156967163086,34.40231009217581,33.729485098153745,34.14477984187781,102769600
2017-06-27,33.34666442871094,33.910448339947045,33.321143288034776,33.643635771027576,99047600
2017-06-28,33.833892822265625,33.89885509731291,33.21442885223566,33.52300142879953,88329600
2017-06-29,33.33505630493164,33.67147223636405,33.010245073411205,33.57402886690792,125997600
2017-06-30,33.413963317871094,33.63205251495539,33.35827983983494,33.51372556665097,92096400
2017-07-03,33.29331970214844,33.71093696393949,33.200517439607935,33.61349352621814,57111200
2017-07-05,33.430206298828125,33.592612038178764,33.11235481322904,33.337404030679075,86278400
2017-07-06,33.114662170410156,33.29331019195842,33.040421089620494,33.181946800684734,96515200
2017-07-07,33.45108413696289,33.583331077798874,33.15411264967926,33.15411264967926,76806800
2017-07-10,33.65524673461914,33.861734736524554,33.26315070466669,33.434838750141466,84362400
2017-07-11,33.764286041259766,33.838530656946226,33.49747697651507,33.57867804222174,79127200
2017-07-12,33.813026428222656,33.915107515591714,33.599578361611165,33.84318522077674,99538000
2017-07-13,34.28399658203125,34.45104347027611,33.74341478259706,33.75733476658762,100797600
2017-07-14,34.578651428222656,34.6459360822605,34.18191765786568,34.33040341206484,80528400
2017-07-17,34.699283599853516,35.010174972615246,34.46959683558217,34.52759911588152,95174000
2017-07-18,34.819923400878906,34.83152456299761,34.49278974609074,34.615754276158185,71475200
2017-07-19,35.03804016113281,35.130842450980076,34.78978854851172,34.91275317564054,83692000
2017-07-20,34.8802604675293,35.20507545477402,34.84546050540773,35.14939197520025,68974800
2017-07-21,34.864013671875,34.90345479996306,34.541521116163516,34.799051397356024,105010400
2017-07-24,35.28627014160156,35.36747475871802,34.77816954577707,34.93593760584311,85972800
2017-07-25,35.43708038330078,35.69228833526864,35.21899120640794,35.21899120640794,75415600
2017-07-26,35.604122161865234,35.71316319451389,35.51131638702401,35.57860101630619,63124000
2017-07-27,34.9312858581543,35.7270788284058,34.17493754611357,35.671395375794305,129905200
2017-07-28,34.685359954833984,34.85472560416631,34.61343770128921,34.775843360935134,68854800
2017-07-31,34.506717681884766,34.877933714220624,34.36751432489266,34.778167945206754,79383600
2017-08-01,34.81296920776367,34.85241033339182,34.43247439209287,34.59256125152247,141474400
2017-08-02,36.457923889160156,37.063468015241696,36.23055587474565,36.95442341298408,279747200
2017-08-03,36.093658447265625,36.47415324084323,35.96605273047904,36.43703093410931,108389200
2017-08-04,36.283912658691406,36.51824063755716,36.12150695352806,36.209671567836246,82239600
2017-08-07,36.845359802246094,36.870880941526856,36.348860534565596,36.439343930165116,87481200
2017-08-08,37.1400260925293,37.54604211525849,36.720090086877995,36.79665353312838,144823600
2017-08-09,37.36738967895508,37.41611315363051,36.91497258630468,36.949772539516886,104526000
2017-08-10,36.17716979980469,37.26723470908686,36.016454281468874,37.24394126576149,163217200
2017-08-11,36.68027877807617,36.93416454339408,36.35186393739302,36.47531138153877,105028400
2017-08-14,37.232303619384766,37.31615505207782,36.97608992113349,37.10885617043124,88490800
2017-08-15,37.6399040222168,37.779654003384806,37.2998389819559,37.42095847556554,117862000
2017-08-16,37.48851013183594,37.85186512027864,37.30217323789386,37.71910243792333,110686400
2017-08-17,36.768795013427734,37.43261922350006,36.76413561275204,37.38836380228439,111762400
2017-08-18,36.6849365234375,37.15077698722718,36.50325902688598,36.76878794908287,109712400
2017-08-21,36.617393493652344,36.775777555216585,36.128259554669306,36.68493880130041,105474000
2017-08-22,37.215999603271484,37.26724234582348,36.806061216936655,36.85497248223008,86418400
2017-08-23,37.2625732421875,37.37670542162071,37.006363150225965,37.05061855764048,77596400
2017-08-24,37.09718322753906,37.43957603953297,36.9294804806817,37.36736782718395,79275600
2017-08-25,37.23463821411133,37.397681708539366,37.09721609409924,37.185723388742105,101920400
2017-08-28,37.60962677001953,37.733074197574055,37.250927654646475,37.29984246277203,103864000
2017-08-29,37.94502639770508,37.99393764395831,37.267227838414755,37.29052127744569,118067600
2017-08-30,38.047523498535156,38.17329886722519,37.875161237511655,38.15233689812367,109078400
2017-08-31,38.19892501831055,38.320044556194304,38.07780548042678,38.11507357732661,107140400
2017-09-01,38.21056365966797,38.417862517958746,38.11273759156137,38.385253828589875,66364400
2017-09-05,37.7517204284668,38.25715702322757,37.39768059816229,38.14069688008228,117874000
2017-09-06,37.712120056152344,37.96367436281888,37.38836103771766,37.89845697450694,86606800
2017-09-07,37.56071853637695,37.788982942143555,37.351091731330314,37.75404277191512,87714000
2017-09-08,36.94813919067383,37.53509564260675,36.92484574480057,37.46755033610366,114446000
2017-09-11,37.61661911010742,37.74472595411591,37.24161737805395,37.38369886793957,126323200
2017-09-12,37.467552185058594,38.189606393791436,36.980749707380006,37.875162629389486,286856000
2017-09-13,37.185707092285156,37.25791533696274,36.78042823433006,37.23694981866018,179629600
2017-09-14,36.86662292480469,37.127492510231896,36.82236750140224,37.03199789319043,95042800
2017-09-15,37.23927688598633,37.493159011278806,36.801385841203235,36.910858602399,196458400
2017-09-18,36.95745849609375,37.38370301301224,36.801402343027625,37.292864250657885,113077600
2017-09-19,36.971435546875,37.21367463162102,36.9038902285617,37.153113083393784,83242400
2017-09-20,36.35186767578125,36.86196007366764,35.83012499967972,36.77810863561706,211805600
2017-09-21,35.727630615234375,36.28896917031502,35.57856182405946,36.28896917031502,150046800
2017-09-22,35.37826156616211,35.46677241081668,35.068477163952586,35.29673804565591,186581600
2017-09-25,35.06614303588867,35.364280660403736,34.7423840426693,34.935708269423436,177549200
2017-09-26,35.66942596435547,35.85110357191264,35.33169213256755,35.35265411326656,146640000
2017-09-27,35.92328643798828,36.03741863130181,35.76257090902376,35.82313244404268,102016800
2017-09-28,35.7020149230957,35.93493516844684,35.56692075430234,35.84409641492313,88022000
2017-09-29,35.897666931152344,35.899998408208205,35.40387715030918,35.68571220984077,105199200
2017-10-02,35.825469970703125,35.97453881719591,35.571587702377876,35.930283392535586,74795200
2017-10-03,35.98151397705078,36.12359545099182,35.84875130203596,35.87204119119061,64921200
2017-10-04,35.74858474731445,35.83709554439404,35.51100874580538,35.78352490335723,80655200
2017-10-05,36.19346618652344,36.20511290619734,35.88135400210998,35.91163120836631,85135200
2017-10-06,36.17251205444336,36.21676746633701,36.00014980656297,36.09564795285132,69630400
2017-10-09,36.298282623291016,36.50558145631955,36.21676268684348,36.29129530171209,65051600
2017-10-10,36.31227111816406,36.801405139755445,36.125937732873545,36.34953921685477,62468000
2017-10-11,36.46366500854492,36.56381900777948,36.277328102020135,36.32857084016647,67622400
2017-10-12,36.33555603027344,36.65465560938733,36.27266657277076,36.41707953274286,64500400
2017-10-13,36.566158294677734,36.63370361625292,36.43106409744572,36.50559674352587,65576800
2017-10-16,37.23927688598633,37.26722616830707,36.7198623623282,36.778092403216185,96486000
2017-10-17,37.37672424316406,37.46989095005081,37.08790176528387,37.21600865281468,75989200
2017-10-18,37.21133041381836,37.43260745030128,37.17406588237725,37.36505860103378,65496800
2017-10-19,36.33089828491211,36.5871119722712,36.107296843290385,36.51024786606347,170336800
2017-10-20,36.39378356933594,36.74316389160156,36.326238270826636,36.47763498884291,95896400
2017-10-23,36.375160217285156,36.72920004305189,36.21910405396044,36.54286310559142,87937200
2017-10-24,36.591766357421875,36.66629897638764,36.38213603628996,36.40309800217904,71028800
2017-10-25,36.43104934692383,36.69657823284768,36.16552046099998,36.54750944696201,84828400
2017-10-26,36.66396713256836,36.76179318366867,36.51722627887791,36.62203965119396,68002000
2017-10-27,37.9776496887207,38.10575654450994,36.96444512048361,37.10186722302062,177816800
2017-10-30,38.83246612548828,39.146909898881574,38.13370534379751,38.173301361603585,178803200
2017-10-31,39.37282943725586,39.51491090283744,38.883699144821094,39.10730054876835,144187200
2017-11-01,38.8720588684082,39.582466314093104,38.57392124433074,39.566160191268466,134551200
2017-11-02,39.156211853027344,39.24705058164659,38.497047312911285,38.804503658441,165573600
2017-11-03,40.178749084472656,40.588687505807215,39.8573179544908,40.52812951129416,237594400
2017-11-06,40.58635330200195,40.75871556536482,39.997065357610694,40.14846209750659,140105200
2017-11-07,40.7167854309082,40.81927090225437,40.43495393878697,40.50715864248612,97446000
2017-11-08,41.049861907958984,41.049861907958984,40.6049834233386,40.681847524405,97638000
2017-11-09,40.96601867675781,41.01726142104952,40.327815850449234,40.786669071736846,117930400
2017-11-10,40.8304328918457,40.996402330142,40.73693129386803,40.93328678973554,100582000
2017-11-13,40.66679763793945,40.7906888430598,40.53355413421182,40.55693131387321,67928400
2017-11-14,40.05200958251953,40.55225049469837,40.01460752611114,40.44939662300351,99130000
2017-11-15,39.52373123168945,39.8135919089244,39.36010164246712,39.73177533088447,116632400
2017-11-16,39.995914459228516,40.17590518761419,39.80890772349603,40.014611922630635,94550000
2017-11-17,39.773841857910156,40.0637024759367,39.65462680301197,39.98188591460903,87598000
2017-11-20,39.73410415649414,39.86968395261924,39.63592642140843,39.806568420472395,65049600
2017-11-21,40.4727783203125,40.60368196550586,39.921110410671325,39.921110410671325,100525200
2017-11-22,40.898223876953125,40.907572609846746,40.451746085565624,40.524210357777335,102355600
2017-11-24,40.90055847167969,41.0244496868098,40.82575434420491,40.930948094323455,56106800
2017-11-27,40.69485855102539,40.92627985240134,40.51954035609574,40.91926740995278,82867200
2017-11-28,40.45643615722656,40.877197052519115,40.17358784557382,40.743957053505405,105715200
2017-11-29,39.61723709106445,40.42136380660984,39.074921313258585,40.353575671955824,166665600
2017-11-30,40.17124938964844,40.23903753166076,39.3741350302361,39.839310422431836,166108800
2017-12-01,39.98423385620117,40.12916241108595,39.38815132748786,39.727099097349935,159037200
2017-12-04,39.69204330444336,40.35123791673735,39.65230493835277,40.318511993671095,130169600
2017-12-05,39.654640197753906,40.09410563907776,39.36477948181677,39.51906035805063,109400800
2017-12-06,39.50735855102539,39.785530580238316,38.911279707691186,39.15438596756534,114240000
2017-12-07,39.579833984375,39.84164132481947,39.48399252337033,39.51204229074438,102693200
2017-12-08,39.591522216796875,39.97254823316245,39.46295839467937,39.853333145307786,93420800
2017-12-11,40.362918853759766,40.41434580408775,39.455938348183324,39.55177980714525,141095200
2017-12-12,40.136165618896484,40.29745887898939,40.08006609667753,40.24135578991373,77636800
2017-12-13,40.26942443847656,40.56629403478115,40.20630888511107,40.323187690009654,95273600
2017-12-14,40.25772476196289,40.470444984363944,40.12448124896759,40.29979940805167,81906000
2017-12-15,40.66679763793945,40.7135484304054,40.31382505293616,40.58732093406165,160677200
2017-12-18,41.239505767822266,41.421836368046534,40.874844567373735,40.87952071700584,117684400
2017-12-19,40.800045013427734,40.99874037620498,40.69485481948698,40.91458750768088,109745600
2017-12-20,40.755645751953125,41.00576457070534,40.49851092252701,40.877197155992285,93902400
2017-12-21,40.909912109375,41.14600954402588,40.69719542593479,40.71355660149593,83799600
2017-12-22,40.909912109375,41.005753571622236,40.790697029632184,40.83277168123875,65397600
2017-12-26,39.87201690673828,40.08239722165717,39.66396931580225,39.92578013088755,132742000
2017-12-27,39.879051208496094,39.92112586780343,39.67100707036292,39.762172399053675,85992800
2017-12-28,39.99125289916992,40.17124726007621,39.85099690448952,39.97255186208866,65920800
2017-12-29,39.558799743652344,39.87671023915788,39.5564634515975,39.86034906105778,103999600
2018-01-02,40.26707458496094,40.276426884472016,39.56580192963127,39.77618586634448,102223600
2018-01-03,40.260066986083984,40.80238628352514,40.19695500765061,40.33019497342311,118071600
2018-01-04,40.44706726074219,40.5499211500562,40.224998308918046,40.33252478094121,89738400
2018-01-05,40.907569885253906,40.9940590344742,40.451743391332485,40.54290869011677,94640000
2018-01-08,40.755645751953125,41.05017909277517,40.65746440482061,40.755645751953125,82271200
2018-01-09,40.750946044921875,40.92158802389,40.53588956955712,40.80237298108045,86336000
2018-01-10,40.741600036621094,40.74393989480724,40.440054379738385,40.477456442146824,95839600
2018-01-11,40.9730224609375,41.02211311511454,40.7883555686387,40.81172918317203,74670800
2018-01-12,41.3961296081543,41.459245154422774,41.0595181171993,41.18340935111223,101672400
2018-01-16,41.18574523925781,41.933768721013166,41.17405664783749,41.585468671088606,118263600
2018-01-17,41.8659782409668,41.901040446396664,40.92393560860837,41.176390621417674,137547200
2018-01-18,41.90337371826172,42.09973275509077,41.667279896046836,41.92908718934309,124773600
2018-01-19,41.716373443603516,41.97818075507873,41.47092730566695,41.75143564894141,129700400
2018-01-22,41.375083923339844,41.557414516297534,41.2815823355666,41.44521189759825,108434400
2018-01-23,41.38443374633789,41.945453988337626,41.333010368506855,41.44521299016399,130756400
2018-01-24,40.725242614746094,41.44521633156787,40.48680890350173,41.433527740131495,204420400
2018-01-25,39.998252868652344,40.89588096747637,39.86267306723772,40.79302707903376,166116000
2018-01-26,40.09175109863281,40.206293567865494,39.75280340692622,40.206293567865494,156572000
2018-01-29,39.26191329956055,39.77617911278078,39.05386925647732,39.77617911278078,202561600
2018-01-30,39.0305061340332,39.124007745796824,38.499875391787135,38.693894624711604,184192800
2018-01-31,39.13802719116211,39.374124613366014,38.92063436894064,39.007123526143936,129915600
2018-02-01,39.219844818115234,39.41620032091382,38.98141109794126,39.07725255770871,188923200
2018-02-02,37.518096923828125,38.990770600564964,37.42459530527834,38.803763796607285,346375200
2018-02-05,36.58073043823242,38.30819906959649,36.466187922867306,37.19083795577011,290954000
2018-02-06,38.10948944091797,38.270782705665994,35.99865925194776,36.19267842788692,272975200
2018-02-07,37.29368209838867,38.195986484247946,37.18381931919892,38.12352220639921,206434400
2018-02-08,36.267486572265625,37.634969821723445,36.23943680447615,37.46900037296808,217562000
2018-02-09,36.71108627319336,37.0584569628266,35.262922282513344,36.86599613070262,282690400
2018-02-12,38.18976974487305,38.4667265805271,36.96927155384121,37.201636376347686,243278000
2018-02-13,38.57234573364258,38.66857795561748,37.94097353876356,38.011387447072025,130196800
2018-02-14,39.283504486083984,39.32340485070856,38.229656385108385,38.2672073520852,162579600
2018-02-15,40.60259246826172,40.62606138201437,39.66609578151257,39.851515600178224,204588800
2018-02-16,40.47114944458008,41.03211125006785,40.31624316123592,40.454721563931344,160704400
2018-02-20,40.33501434326172,40.90066411551989,40.23408693219044,40.38195574267661,135722000
2018-02-21,40.15195083618164,40.86781542185468,40.13786518942926,40.56504027258118,149886400
2018-02-22,40.487579345703125,40.82790900653201,40.30215954364588,40.32328263855121,123967600
2018-02-23,41.191707611083984,41.22691276622604,40.73167328929835,40.76218681135434,135249600
2018-02-26,42.00615692138672,42.10473494491624,41.35835694616437,41.391216287340875,152648800
2018-02-27,41.870018005371094,42.360562232054455,41.81603557762197,42.036664084160634,155712400
2018-02-28,41.806644439697266,42.39342084865955,41.79021656257379,42.07421433892811,151128400
2018-03-01,41.07435607910156,42.19627249006448,40.52513412020834,41.90523004911441,195208000
2018-03-02,41.35835266113281,41.37947575368643,40.47583859285667,40.557988727986356,153816000
2018-03-05,41.501529693603516,41.71746301418378,40.96169460145311,41.12364548723818,113605600
2018-03-06,41.46632385253906,41.837167053383304,41.33958169646813,41.75736630395347,95154000
2018-03-07,41.081398010253906,41.273862430596104,40.903019234965775,41.06027491477236,126814000
2018-03-08,41.529701232910156,41.57194742905669,41.090793481964944,41.187022122543205,95096400
2018-03-09,42.24320602416992,42.24790123821032,41.63530652700031,41.76909326665948,128740800
2018-03-12,42.651615142822266,42.80887083210406,42.29720338770059,42.31597708610445,128828400
2018-03-13,42.2408561706543,43.069384090349125,42.06951847924452,42.85579663941172,126774000
2018-03-14,41.88177490234375,42.36997355339062,41.73390602581202,42.32303213300936,117473600
2018-03-15,41.93104553222656,42.30423809273555,41.79491654145905,41.89584037623486,90975200
2018-03-16,41.78318786621094,42.04136741352731,41.689301464223135,41.93105312956666,157618800
2018-03-19,41.14476776123047,41.65408931941201,40.75984253110528,41.61888416294302,133787200
2018-03-20,41.13069152832031,41.49683953309172,41.06027762400275,41.13069152832031,78597600
2018-03-21,40.19887924194336,41.0954717328217,40.19652984421135,41.083735488358585,148219600
2018-03-22,39.63088607788086,40.52982452051389,39.57220842812468,39.90080183419946,165963200
2018-03-23,38.713172912597656,39.88203087822492,38.713172912597656,39.5229238913069,164115200
2018-03-26,40.55095672607422,40.628411664082556,39.06523800187792,39.44781747650699,150164800
2018-03-27,39.51118087768555,41.10955946368787,39.177892261077965,40.764534600998445,163690400
2018-03-28,39.074615478515625,39.90549291864882,38.77184041292756,39.25534362385068,166674000
2018-03-29,39.3797492980957,40.31155078767656,39.17320279721128,39.38679033049858,153594000
2018-04-02,39.1215705871582,39.65201896404017,38.60286204080597,39.11218373669499,150347200
2018-04-03,39.522918701171875,39.60741466237426,38.69908576549835,39.34688574711688,121112000
2018-04-04,40.278682708740234,40.37256550802131,38.67326320379897,38.69908151081114,138422000
2018-04-05,40.55799865722656,40.89363314796675,40.38900671262728,40.506362030743446,107732800
2018-04-06,39.52056884765625,40.482880082690045,39.47831908067078,40.12846839403067,140021200
2018-04-09,39.912532806396484,40.6260513573316,39.86559140907428,39.872632439602654,116070800
2018-04-10,40.663612365722656,40.839645319686824,40.259909838119526,40.60493471440127,113634400
2018-04-11,40.47349166870117,40.82086231298436,40.29980455586002,40.424200872692495,89726400
2018-04-12,40.872501373291016,41.074352620855194,40.61431829568591,40.70116364800726,91557200
2018-04-13,41.01099395751953,41.271522941878665,40.80445100533072,41.02273020718267,100497200
2018-04-16,41.26683044433594,41.35367224350645,41.03446559890611,41.08140701517665,86313600
2018-04-17,41.834815979003906,41.99911267229984,41.40529517848783,41.42407245506441,106421600
2018-04-18,41.74094009399414,41.97095910385769,41.51561988120563,41.733899061182015,83018000
2018-04-19,40.55799865722656,41.16589834553228,40.525139311410044,40.78331886242555,139235200
2018-04-20,38.896236419677734,40.187144570368126,38.828168347966916,40.04162516124711,261964400
2018-04-23,38.7835807800293,39.17789286841588,38.513661441560345,39.156769773980784,146062000
2018-04-24,38.243743896484375,39.039412648935595,37.84004139740122,38.88450280085499,134768000
2018-04-25,38.41037368774414,38.82581229495321,38.119334946235696,38.1686221479565,113528400
2018-04-26,38.54417419433594,38.89858590345385,38.344668756042076,38.520701702278025,111852000
2018-04-27,38.098228454589844,38.56999549782901,37.70156694524858,38.49254056570322,142623200
2018-04-30,38.78827667236328,39.257697923260864,37.98556676309641,38.05363485006051,169709600
2018-05-01,39.689571380615234,39.71304029620329,38.79062918324785,39.05819917447311,214277600
2018-05-02,41.44285583496094,41.719812647104675,40.792706415671205,41.12834088273352,266157600
2018-05-03,41.5179557800293,41.661129382006536,40.94291555554344,41.28089937538475,136272800
2018-05-04,43.14684295654297,43.24542096261933,41.8183803187254,41.83715759341599,224805200
2018-05-07,43.45901107788086,44.048133333878766,43.36277888225993,43.4637027107898,169805600
2018-05-08,43.66790771484375,43.70780808695571,43.10929534247727,43.41911505261652,113611200
2018-05-09,43.97538375854492,43.98477060792433,43.47310315384662,43.78526872136192,92844800
2018-05-10,44.604400634765625,44.68185556216297,44.04344244670562,44.064569122468185,111957200
2018-05-11,44.43476104736328,44.78111639096404,44.16615931102086,44.646817320397844,104848800
2018-05-14,44.33108901977539,44.65623981059255,44.26276205405801,44.53371864959899,83115200
2018-05-15,43.928184509277344,44.0766235265029,43.61246038568903,44.00829297134428,94780800
2018-05-16,44.33816146850586,44.404137173242404,43.82452095930741,43.84101578429413,76732400
2018-05-17,44.057777404785156,44.510159080061804,43.90933837555642,44.29574794788918,69176000
2018-05-18,43.89756393432617,44.250987512042556,43.85515483070127,44.104906917053825,73190800
2018-05-21,44.20856475830078,44.594974273485356,44.038921205760296,44.2957413967529,73603200
2018-05-22,44.09783935546875,44.50309868458647,44.008304230716284,44.385290823685054,60962800
2018-05-23,44.38056182861328,44.4135478742075,43.767959730195656,43.90697568932282,80233600
2018-05-24,44.33108901977539,44.49366441518397,43.873997617810524,44.47717318699425,92936000
2018-05-25,44.43241882324219,44.68452580768962,44.21329430496593,44.34995187218112,69844000
2018-05-29,44.272186279296875,44.472461051919346,44.02950240859062,44.20150444915725,90056400
2018-05-30,44.17793655395508,44.29574438476563,44.00829298997112,44.2297722871285,74762000
2018-05-31,44.029502868652344,44.349940351070494,43.8575044214986,44.11196979829037,109931200
2018-06-01,44.82352828979492,44.82823801484715,44.23684395189632,44.293393009412675,93770000
2018-06-04,45.19815444946289,45.57278250226014,45.0850599344167,45.15338689688778,105064800
2018-06-05,45.5468635559082,45.69530257509716,45.323029393544196,45.49031809732934,86264000
2018-06-06,45.70472717285156,45.72829017819991,45.219359462438206,45.62226384455202,83734400
2018-06-07,45.58220672607422,45.75656001185925,45.318314744675604,45.742423647629074,85388800
2018-06-08,45.16752243041992,45.238207849226285,44.71278592096952,45.04264641511956,106627200
2018-06-11,45.05678176879883,45.23113865191412,44.816456383543546,45.08505809281272,73234000
2018-06-12,45.30418014526367,45.381933746768155,45.03793329119162,45.094482345524824,67644400
2018-06-13,44.93191909790039,45.44556326002106,44.87066030223181,45.33717844207278,86553600
2018-06-14,44.955474853515625,45.13689994342156,44.81881732042377,45.132186622912144,86440400
2018-06-15,44.49367141723633,44.80468589134723,44.35701386908553,44.77405469747586,246876800
2018-06-18,44.470115661621094,44.583210209144134,44.10726541196885,44.26748598323643,73939600
2018-06-19,43.751468658447266,43.902262523865325,43.22368833187938,43.621879337726426,134314000
2018-06-20,43.94232940673828,44.10725968278852,43.76090430547783,43.90698848873122,82514800
2018-06-21,43.69728469848633,44.37821385591246,43.57476354074038,44.119035175144084,102847600
2018-06-22,43.57004928588867,43.85985555346904,43.51821355084701,43.852787370982426,108801600
2018-06-25,42.92210388183594,43.570046939756935,42.58281675990922,43.211910133811,126652400
2018-06-26,43.45460510253906,43.94939954793936,43.00929153976301,43.11532148892775,98276800
2018-06-27,43.39097595214844,44.126095578607035,43.36034476930958,43.64308281062371,101141200
2018-06-28,43.70671081542969,43.87399953844859,43.30616485853516,43.37685028509541,69460800
2018-06-29,43.61480712890625,44.10488804506475,43.096453489095396,43.892831832045076,90950800
2018-07-02,44.1025276184082,44.13080393600679,43.216614229844154,43.310862629824705,70925200
2018-07-03,43.33444595336914,44.28397708664571,43.2449108227678,44.24627770584401,55819200
2018-07-05,43.68314743041992,43.92112157794117,43.41925900843449,43.65016137767174,66416800
2018-07-06,44.288673400878906,44.39705458505111,43.63601705281612,43.68785278271046,69940800
2018-07-09,44.90363693237305,44.92719634335544,44.6020491482026,44.649171565377365,79026400
2018-07-10,44.84945297241211,45.06857386256042,44.809395136912464,44.93427477396867,63756400
2018-07-11,44.26747512817383,44.715143482285086,44.203857887887295,44.41355569937035,75326000
2018-07-12,45.00965881347656,45.09919391389085,44.60439959451979,44.65623532684284,72164400
2018-07-13,45.080345153808594,45.20050784745144,44.97902854938801,45.021441238162346,50055600
2018-07-16,44.98139190673828,45.391360903359555,44.86593892521994,45.12511762037944,60172400
2018-07-17,45.10862731933594,45.20758548689798,44.578491967618255,44.708081328191334,62138000
2018-07-18,44.8612174987793,45.191081559852485,44.75047785769445,45.1863682402803,65573600
2018-07-19,45.20992660522461,45.36778864020919,44.69392781889089,44.69392781889089,81147200
2018-07-20,45.106266021728516,45.33952324227363,44.80703310367688,45.18637448948724,82704800
2018-07-23,45.14631652832031,45.228783446987535,44.66330370871866,44.927192096118354,63957600
2018-07-24,45.473819732666016,45.62932692206322,45.24998558773883,45.34423040816834,74791600
2018-07-25,45.902652740478516,45.909720923914165,45.339527761896065,45.48796680446535,66839600
2018-07-26,45.75893020629883,46.17125771308381,45.617559337316905,45.85317505547975,76304000
2018-07-27,44.99787521362305,45.98981866842015,44.7905358892072,45.94269625810789,96096000
2018-07-30,44.74577331542969,45.285331624624746,44.547857012990356,45.2146462036936,84118000
2018-07-31,44.835304260253906,45.271194687816894,44.61147009280662,44.83766271788807,157492000
2018-08-01,47.476558685302734,47.53781746675014,46.48932842822588,46.918150683987434,271742800
2018-08-02,48.86433792114258,49.097598749071246,47.20560504150239,47.259795643672035,249616000
2018-08-03,49.00571060180664,49.182422376318144,48.414312895506896,48.7795179485394,133789600
2018-08-06,49.26018142700195,49.30259053186589,48.78894997627922,49.00807087516418,101701600
2018-08-07,48.798362731933594,49.36148405297779,48.715895807364944,49.319074957057836,102349600
2018-08-08,48.83134460449219,48.96328879634437,48.188114871607986,48.548606536921845,90102000
2018-08-09,49.21540069580078,49.427453353804616,48.81956451359469,49.3685494382247,93970400
2018-08-10,49.06882095336914,49.44003672333354,48.86548063525924,49.02862623567317,98444800
2018-08-13,49.3856315612793,49.87743127630117,49.108994898045374,49.48966660204789,103563600
2018-08-14,49.593719482421875,49.7852369637203,49.24141953269484,49.690661587811235,82992000
2018-08-15,49.70957946777344,49.827800496523814,49.25797427207032,49.468407558933215,115230400
2018-08-16,50.43780517578125,50.553659437598704,50.00038606730865,50.06658953343815,114001600
2018-08-17,51.4450569152832,51.53253931119231,50.39998358384993,50.46618706310315,141708000
2018-08-20,50.94379425048828,51.82335515995268,50.86103810842803,51.568000978126,121150800
2018-08-21,50.844486236572266,51.35283870270329,50.60568111471057,51.26062646675485,104639200
2018-08-22,50.84685134887695,51.15658978265497,50.560754949723034,50.62223217694636,76072400
2018-08-23,50.950889587402344,51.31973854252035,50.74045634465841,50.75227555879988,75532800
2018-08-24,51.10929870605469,51.28426346034547,50.861033908194834,51.21333375337259,73905600
2018-08-27,51.530174255371094,51.71932859234506,51.14950246004533,51.34338303977495,82100400
2018-08-28,51.94631576538086,52.14492621424723,51.761891261745056,51.783170179590904,91107200
2018-08-29,52.72182846069336,52.842416172110376,51.877732519864644,52.052697265343326,109019200
2018-08-30,53.20655059814453,53.9702573574271,52.58470689450583,52.78568406644188,195175200
2018-08-31,53.8212890625,54.11447480869955,53.43588748059386,53.55647159158061,173360400
2018-09-04,53.993892669677734,54.18777322429528,53.58484903952322,54.00571549067332,109560400
2018-09-05,53.6416015625,54.303639960299556,53.223101771937806,54.14286111353829,133332000
2018-09-06,52.75022506713867,53.755103822862765,52.32462863726809,53.49028626215467,137160000
2018-09-07,52.324607849121094,53.286924775627575,52.185107954919445,52.45465165211335,150479200
2018-09-10,51.62239074707031,52.45466773356044,51.18260841073498,52.2418677340193,158066000
2018-09-11,52.92755126953125,53.033949464303724,51.2038868045044,51.54672703557977,142996000
2018-09-12,52.27023696899414,53.19945233807959,51.97941069858313,53.18526639470711,197114800
2018-09-13,53.532833099365234,53.991531148163254,52.62489670197329,52.84951587627025,166825600
2018-09-14,52.92517852783203,53.63450455616086,52.613076951433094,53.37678363174455,127997200
2018-09-17,51.515987396240234,52.71474653653947,51.37175762273958,52.525592202926,148780400
2018-09-18,51.601112365722656,52.45466827869166,51.336294826285084,51.49471056093672,126286800
2018-09-19,51.6318359375,51.927388423487095,50.905960907981274,51.662574550544555,108495200
2018-09-20,52.02433395385742,52.55632846390417,51.81626383542605,52.07398836223533,106435200
2018-09-21,51.463958740234375,52.33879328530278,51.37647276025489,52.20165651327095,384986800
2018-09-24,52.204036712646484,52.31516476068613,51.220440562753595,51.265365127852924,110773600
2018-09-25,52.53505325317383,52.68401288099076,51.94631132173357,51.95813414435409,98217600
2018-09-26,52.11654281616211,52.90389507297976,51.960490237444716,52.25367960280906,95938800
2018-09-27,53.1876220703125,53.539921915292425,52.85423801645415,52.920445089288755,120724800
2018-09-28,53.374420166015625,53.398062202116094,52.96773962377275,53.14979737223942,91717600
2018-10-01,53.73381042480469,54.244526037328285,53.51865093552065,53.89695599056796,94403200
2018-10-02,54.21141815185547,54.38165667005677,53.584848333349555,53.731441209871306,99152800
2018-10-03,54.87110137939453,55.20211876466658,54.329647132562286,54.39348748822865,114619200
2018-10-04,53.906410217285156,54.93729743069975,53.60849100299046,54.56608177727491,128168000
2018-10-05,53.03157424926758,54.00571773627825,52.15437645532441,53.89931955853073,134322000
2018-10-08,52.90863800048828,53.15217302088543,52.0645381588214,52.53978898349141,118655600
2018-10-09,53.6416015625,53.73618053808223,52.54924055121309,52.87789482474594,107564000
2018-10-10,51.156593322753906,53.51865029661315,51.08329687705558,53.308217052458474,167962400
2018-10-11,50.704986572265625,51.89901940310349,50.20136756167063,50.721539244147124,212497600
2018-10-12,52.51613235473633,52.69819370350563,51.27008201426514,52.11654480060176,161351600
2018-10-15,51.393028259277344,52.44992418497444,51.37174934722611,52.29150849334037,123164000
2018-10-16,52.52559280395508,52.72420684082225,51.25117047250022,51.76424921811775,116736000
2018-10-17,52.29861068725586,52.64145089276612,51.86119150958556,52.561061472294256,91541600
2018-10-18,51.076210021972656,51.95577469132143,50.36215405754023,51.5112625057011,130325200
2018-10-19,51.854103088378906,52.31516434368788,51.40959089976347,51.558550539101454,132314800
2018-10-22,52.170936584472656,52.81169612366842,51.76662270171441,51.96759627834825,115168400
2018-10-23,52.662723541259766,52.785674386526175,50.76409464590403,51.0312752497084,155071200
2018-10-24,50.8563117980957,53.017391656334006,50.726267969157426,52.63199362779541,163702000
2018-10-25,51.96996307373047,52.34354194395916,51.24881410296684,51.47580005736859,119423200
2018-10-26,51.14240264892578,52.062161836547574,50.28411707927676,51.0478236891772,189033600
2018-10-29,50.18246078491211,51.94395329351893,48.72834004766354,51.82573227135982,183742000
2018-10-30,50.43309020996094,50.87759881261275,49.480229032865715,49.92473763551753,146640000
2018-10-31,51.747703552246094,52.123645519315744,51.21807209884028,51.27954933650239,153435600
2018-11-01,52.54214859008789,52.575250330223895,51.262996332298286,51.792627782293415,233292800
2018-11-02,49.05699157714844,50.51583847534508,48.572284692079506,49.546428313026276,365314800
2018-11-05,47.66434860229492,48.32638701675462,46.85571728176754,48.305108099645274,264654800
2018-11-06,48.179786682128906,48.40440585745062,47.68798689600997,47.74236754506671,127531600
2018-11-07,49.6409912109375,49.666999972123655,48.26490081242731,48.69995317425184,133697600
2018-11-08,49.467803955078125,49.854546748716004,49.05495802314485,49.82132950962304,101450400
2018-11-09,48.513973236083984,48.879362743694706,47.987240320926354,48.770221974842265,137463200
2018-11-12,46.07012176513672,47.41779988039793,45.97995916850691,47.21612153122268,204542000
2018-11-13,45.60983657836914,46.78430756047721,45.42476859914762,45.467478543802656,187531600
2018-11-14,44.321468353271484,46.143676847768575,44.115043638518245,46.00606157806857,243204000
2018-11-15,45.4152717590332,45.548140683443364,44.345195403445636,44.69872449335649,185915200
2018-11-16,45.91829299926758,46.25995813873549,44.95261796519588,45.1993741101405,147713200
2018-11-19,44.09844970703125,45.24682124683419,43.892028552427426,45.08073505230195,167701200
2018-11-20,41.991519927978516,43.05685024606256,41.642737087863985,42.32132097035258,271300800
2018-11-21,41.944053649902344,42.77211665846975,41.88948326183944,42.643990470348854,124496800
2018-11-23,40.87873077392578,41.90135460850539,40.83365308403461,41.507490510580666,94496000
2018-11-26,41.431556701660156,41.50985523537514,40.397072578660236,41.34139771589679,179994000
2018-11-27,41.34138870239258,41.46713987810386,40.54417172068013,40.69364741572221,165549600
2018-11-28,42.931095123291016,43.01413640794062,41.505118017849625,41.932199377386205,184250000
2018-11-29,42.601295471191406,43.37241330983305,42.16235002257085,43.339196070830944,167080000
2018-11-30,42.37113571166992,42.78635290696132,42.003371186044795,42.776860200784085,158126000
2018-12-03,43.851688385009766,43.8801592662894,42.99515437591232,43.76627212076378,163210000
2018-12-04,41.92271041870117,43.2751317110597,41.82305870457027,42.93346662237809,165377200
2018-12-06,41.45528793334961,41.46952337319293,40.435039173164846,40.75297606435523,172393600
2018-12-07,39.97710418701172,41.40070569037687,39.93202289347355,41.163438773149345,169126400
2018-12-10,40.24048614501953,40.356744662283546,38.7528209859677,39.14905645625793,248104000
2018-12-11,40.010337829589844,40.76009884419869,39.62359143727057,40.729256594178395,189126800
2018-12-12,40.12185287475586,40.79094396093765,40.10287107949015,40.43029709170368,142510800
2018-12-13,40.56079864501953,40.94517370109351,40.22862624634583,40.451657837058576,127594400
2018-12-14,39.262939453125,40.117102042698306,39.21548678046134,40.09812024955147,162814800
2018-12-17,38.897560119628906,39.943908661901204,38.61046540084833,39.25583205591823,177151600
2018-12-18,39.4029426574707,39.74935053997611,39.00433211137292,39.2392278057024,135366000
2018-12-19,38.17389678955078,39.730368109654314,37.74681536137408,39.38633159988153,196189200
2018-12-20,37.21059799194336,38.463367931881365,36.84757963550726,38.05763961682477,259092000
2018-12-21,35.76325988769531,37.5261558756445,35.502268316215726,37.21770799988889,382978400
2018-12-24,34.83790969848633,35.95781008841347,34.7809643222436,35.151100216804714,148676800
2018-12-26,37.29125213623047,37.30548757627083,34.81181283127579,35.186695107435334,234330000
2018-12-27,37.04924011230469,37.19634811223778,35.606659957323785,36.97568792254167,212468400
2018-12-28,37.068214416503906,37.611557756964785,36.66960768010855,37.369544455349704,169165600
2018-12-31,37.42650604248047,37.81087750774478,37.12754724024566,37.613945420363905,140014000
2019-01-02,37.46921157836914,37.689871814400156,36.593695596828695,36.750292716540024,148158800
2019-01-03,33.73699188232422,34.57454401761466,33.69191057763836,34.16169817620422,365248800
2019-01-04,35.177207946777344,35.24601741169735,34.11899903898665,34.29220295413125,234428400
2019-01-07,35.098907470703125,35.31244995449789,34.61725572428317,35.28160408429917,219111200
2019-01-08,35.76799392700195,36.0218713099174,35.23888962424999,35.485645667649806,164101200
2019-01-09,36.375404357910156,36.66487039683081,35.50226350768915,35.89612398881753,180396400
2019-01-10,36.491668701171875,36.532003660455786,35.794103077351124,36.18322084854541,143122800
2019-01-11,36.133399963378906,36.467947396033274,35.9483319411463,36.27339028412049,108092800
2019-01-14,35.59004211425781,35.89137215120563,35.404974184896176,35.791720467734464,129756800
2019-01-15,36.3184700012207,36.39439357653171,35.601922478356784,35.654121520311584,114843600
2019-01-16,36.76216125488281,36.985192885103864,36.301862549176946,36.320844349664725,122278800
2019-01-17,36.98043441772461,37.40751573779752,36.363538775351834,36.58657033252364,119284800
2019-01-18,37.20821762084961,37.459720094996186,37.008910562862575,37.36955746448795,135004000
2019-01-22,36.3730354309082,37.18685958381331,36.21169197229735,37.11093601889627,121576000
2019-01-23,36.52013397216797,36.80959998409829,35.99340097474768,36.57470436511674,92522400
2019-01-24,36.23067092895508,36.65300590810053,36.00289663164888,36.565218274806185,101766000
2019-01-25,37.431251525878906,37.51904280334224,36.615055849143104,36.8902828978478,134142000
2019-01-28,37.08481979370117,37.09193751156767,36.45843527860828,36.963811349158995,104768400
2019-01-29,36.700462341308594,37.519036488429236,36.565222017267494,37.07297331497307,166348800
2019-01-30,39.208370208740234,39.421909052183295,38.017288901847,38.73383622739391,244439200
2019-01-31,39.49071502685547,40.098117890187325,39.04465196516823,39.41241649238441,162958400
2019-02-01,39.509700775146484,40.09337555178489,39.369710497458655,39.614098831561684,130672400
2019-02-04,40.6319580078125,40.729238309020545,39.69000809312302,39.720853949702565,125982000
2019-02-05,41.3271598815918,41.54070233089087,40.89296450420444,41.013969357855885,144406400
2019-02-06,41.34138870239258,41.65695413477936,41.01158783432615,41.438665386338755,112958400
2019-02-07,40.55841827392578,41.27021921626802,40.41605663729461,40.904826038437854,126966800
2019-02-08,40.606075286865234,40.66564643059835,40.13188767381337,40.26771162677322,95280000
2019-02-11,40.37255859375,40.79670853270349,40.32966911040256,40.75858212354943,83973600
2019-02-12,40.7204475402832,40.746658986823185,40.43688833751438,40.532204341266045,89134000
2019-02-13,40.551273345947266,41.099328678315466,40.489320656037144,40.83959932500604,89960800
2019-02-14,40.699005126953125,40.808613992609324,40.3606414751641,40.43927581927432,87342800
2019-02-15,40.60845184326172,40.91345577089339,40.44880163394933,40.80622845251147,98507200
2019-02-19,40.72998809814453,40.851515580587275,40.38686130166285,40.43928420861173,75891200
2019-02-20,40.992095947265625,41.29948509114437,40.7442815842349,40.791937772979175,104457600
2019-02-21,40.760963439941406,41.07311568683924,40.57986845134195,40.93729535437326,68998800
2019-02-22,41.216087341308594,41.223235588397145,40.837215701877646,40.884871894446135,75652800
2019-02-25,41.516319274902344,41.90710582108216,41.44959988672047,41.49964124582385,87493600
2019-02-26,41.5401611328125,41.7712975211783,41.26375008174526,41.39242582162674,68280800
2019-02-27,41.6688232421875,41.69980140101289,41.158894387635335,41.273273603636405,111341600
2019-02-28,41.258968353271484,41.6783514880164,41.20416392486593,41.53776447622518,112861600
2019-03-01,41.692657470703125,41.735546954193026,41.19702505785762,41.52824051212283,103544800
2019-03-04,41.90234375,42.35508298576963,41.45436758783305,41.86421734557429,109744800
2019-03-05,41.82609558105469,41.938089634020294,41.59019251792692,41.9237931397582,78949600
2019-03-06,41.585426330566406,41.81656266632499,41.447220836488704,41.62116756354591,83241600
2019-03-07,41.10409164428711,41.56636432916655,40.98971605951243,41.43054036805001,99185600
2019-03-08,41.2017822265625,41.239908627013946,40.38923104211764,40.584626117481065,95997600
2019-03-11,42.629112243652344,42.68153514499979,41.783204847044914,41.81656454463562,128044000
2019-03-12,43.10806655883789,43.52744613325643,42.74110624977912,42.89122670675174,129870400
2019-03-13,43.29868698120117,43.67755854133484,43.11044015144397,43.42735903779865,124130000
2019-03-14,43.7800178527832,43.86818560569597,43.50122537515146,43.820525788582664,94318000
2019-03-15,44.34952163696289,44.63784755758058,43.782406850290364,44.04690286026948,156171600
2019-03-18,44.802284240722656,44.89044840427566,44.27090681385786,44.27329198753367,104879200
2019-03-19,44.44721603393555,45.033397616371296,44.30186231557087,44.88089565250784,126585600
2019-03-20,44.835628509521484,45.152547444755115,44.018310490038075,44.375737368520994,124140800
2019-03-21,46.48694610595703,46.782420346635014,45.228803590706896,45.27884496121636,204136800
2019-03-22,45.5242805480957,47.10649038962943,45.45994267815405,46.54652003926414,169630800
2019-03-25,44.973846435546875,45.74588637945124,44.46391742674594,45.6338923023652,175381200
2019-03-26,44.50918197631836,45.96033805607303,43.98257500926579,45.66963053267575,199202000
2019-03-27,44.90950012207031,45.21688566494624,44.45199411345279,44.97621952108113,119393600
2019-03-28,44.96906661987305,45.169224796190974,44.685507385455566,45.02387105568849,83121600
2019-03-29,45.26216125488281,45.29313941789581,44.92617907983829,45.23356826498443,94256000
2019-04-01,45.56954574584961,45.67438790998863,44.8880516813076,45.66485812631572,111448000
2019-04-02,46.23197555541992,46.33682135310815,45.52427005695858,45.5337998404147,91062800
2019-04-03,46.54890060424805,46.822926454826096,46.02467154689668,46.0485014625707,93087200
2019-04-04,46.62990951538086,46.79194128270273,46.02228311605566,46.41545121424215,76457200
2019-04-05,46.94206237792969,46.965892290363215,46.68709613144077,46.811005131413616,74106400
2019-04-08,47.680747985839844,47.7117225101516,46.78479559908021,46.8038588026213,103526800
2019-04-09,47.537784576416016,48.33603955625865,47.4734467070478,47.73317972192877,143072800
2019-04-10,47.804656982421875,47.833253607870596,47.22324195607037,47.342384260292086,86781200
2019-04-11,47.40670394897461,47.89518793620714,47.28518015419182,47.85944671301608,83603200
2019-04-12,47.387664794921875,47.6902873032396,46.75383042116104,47.466299161773016,111042800
2019-04-15,47.473453521728516,47.62119248874213,47.1827459350722,47.31856994146504,70146400
2019-04-16,47.47819900512695,47.98336111335143,47.31378207550533,47.52824036298592,102785600
2019-04-17,48.40275573730469,48.46232689195172,47.32570824322464,47.54731119326293,115627200
2019-04-18,48.576698303222656,48.64579923684503,48.25739781446443,48.40036639173176,96783200
2019-04-22,48.73634338378906,48.834040931260986,48.214499587608906,48.33126033721687,77758000
2019-04-23,49.439300537109375,49.50363841375956,48.58624101284883,48.71253159253617,93292000
2019-04-24,49.36304473876953,49.677578559143974,49.33683328407709,49.41070093750083,70162400
2019-04-25,48.915069580078125,49.50601445679401,48.87694316585517,49.284411491501174,74172800
2019-04-26,48.68154525756836,48.848343752952516,48.162082930875414,48.82451383821142,74596400
2019-04-29,48.755409240722656,49.079476422813116,48.576695801391914,48.705367877898986,88818800
2019-04-30,47.81657028198242,48.46708622241454,47.44484688744978,48.38607033097731,186139600
2019-05-01,50.16366958618164,51.30505109696013,49.85628044929439,50.011167604108095,259309200
2019-05-02,49.83721923828125,50.671215281428715,49.594171580722325,50.00163618282265,127985200
2019-05-03,50.45676803588867,50.47821277895846,50.09457439721513,50.25184311826302,83569600
2019-05-06,49.67756652832031,49.76334911963592,48.490910378399384,48.6791535903768,129772400
2019-05-07,48.33840560913086,49.42498261248666,47.85468824698724,49.05802599276639,155054800
2019-05-08,48.34794235229492,48.92935733960514,48.073916525359294,48.109657759852,105358000
2019-05-09,47.828487396240234,48.05723858660724,46.86105245762417,47.752234575494825,139634400
2019-05-10,47.16590118408203,47.565372181315134,46.11102196215222,47.2233110420529,164834800
2019-05-13,44.42464065551758,45.32403977104099,43.73813138927743,44.90065443085275,229722400
2019-05-14,45.127906799316406,45.37667558537332,44.35049932422456,44.58970162425282,146118800
2019-05-15,45.668479919433594,45.86701816748591,44.4963906935112,44.55619123871001,106178800
2019-05-16,45.467552185058594,46.039245266520595,45.17094015892705,45.42688825122322,132125600
2019-05-17,45.20922088623047,45.66370365738736,44.673406583972145,44.7140705245547,131516400
2019-05-20,43.79552459716797,44.09692166848181,43.12336708088151,43.89838342862863,154449200
2019-05-21,44.6351432800293,44.97002498483525,44.180656795007685,44.30504299247997,113459200
2019-05-22,43.72138595581055,44.422250430132046,43.666370461560184,44.17108734343066,118994400
2019-05-23,42.975074768066406,43.18557025463366,42.53254916971738,43.008562935243226,146118800
2019-05-24,42.81001281738281,43.568283261133196,42.72629059759477,43.10423046560386,94858800
2019-05-28,42.63301086425781,43.19752825231062,42.55646805143749,42.79806098088244,111792800
2019-05-29,42.429683685302734,42.90091226999758,42.099583510254305,42.200047987456955,113924800
2019-05-30,42.649757385253906,42.87221370220988,42.259856591093225,42.56603514665155,84873600
2019-05-31,41.877140045166016,42.575610183606656,41.858003426997364,42.15461188376971,108174400
2019-06-03,41.45375442504883,42.558867752574955,40.72897183362754,42.00392038007167,161584400
2019-06-04,42.97028732299805,43.01573632949458,41.74557310553312,41.96563871336283,123872000
2019-06-05,43.66396713256836,44.25001543111583,43.32908551905767,44.080180266448075,119093600
2019-06-06,44.3050422668457,44.36484283100569,43.57068958699141,43.79314958363369,90105200
2019-06-07,45.48429870605469,45.90768763912735,44.4365955097193,44.613602808905426,122737600
2019-06-10,46.0655632019043,46.73293577866847,45.835927468539325,45.881376473575656,104883600
2019-06-11,46.59898376464844,46.8836349896468,46.309551123217446,46.61094460560243,107731600
2019-06-12,46.45067596435547,46.87645558984888,46.259313473699386,46.39326612217786,73012800
2019-06-13,46.44112014770508,47.07261400657123,46.30956181664146,46.57268212870574,86698400
2019-06-14,46.10384750366211,46.30716724615414,45.52019337239175,45.819196214236236,75046000
2019-06-17,46.3789176940918,46.63486581817367,45.96748958898146,46.14210618535647,58676400
2019-06-18,47.46968078613281,47.90981200382238,46.69466791366559,46.89559690653218,106204000
2019-06-19,47.33094024658203,47.811739025879014,47.19698759262692,47.76389566380698,84496800
2019-06-20,47.71128463745117,47.986365777928654,47.3692235058782,47.92895592124832,86056000
2019-06-21,47.54861831665039,48.04376867773491,47.397919745896615,47.553403383165076,191202400
2019-06-24,47.50077438354492,47.87871430604713,47.402700603352024,47.491204251365325,72881600
2019-06-25,46.780784606933594,47.663437821269206,46.713804620677834,47.46489952077428,84281200
2019-06-26,47.79259490966797,48.077246079612706,47.206550315629954,47.30701479032771,104270000
2019-06-27,47.77825164794922,48.21599213856582,47.737587709468265,47.90980994600214,83598800
2019-06-28,47.34291076660156,47.72085077463874,47.13480596879721,47.52470316986103,124442400
2019-07-01,48.211212158203125,48.91446732715429,47.99592795243673,48.59871861867151,109012000
2019-07-02,48.493465423583984,48.5891485023053,48.165759547562075,48.177720388644275,67740800
2019-07-03,48.89533233642578,48.902508111863035,48.483904178318824,48.625032628500364,45448000
2019-07-05,48.85226058959961,49.05558390419779,48.53412124966637,48.6417651514746,69062000
2019-07-08,47.84523391723633,48.17533053234699,47.46011815799339,48.03420208422318,101354400
2019-07-09,48.13704299926758,48.20162495318178,47.55577986449318,47.649068558971145,82312000
2019-07-10,48.613067626953125,48.73266874059022,48.21360034539757,48.28297103527144,71588400
2019-07-11,48.25904846191406,48.890542184265826,48.24948197897164,48.63220334558516,80767200
2019-07-12,48.629817962646484,48.79725880699689,48.36669402871252,48.426494590976,70380800
2019-07-15,49.08668899536133,49.24455968604115,48.797252704231944,48.81878002796971,67789600
2019-07-16,48.91685104370117,49.30196674070282,48.6776488381085,48.93837836621987,67467200
2019-07-17,48.64176940917969,49.05797890617675,48.62263279495951,48.80921022118632,56430000
2019-07-18,49.194332122802734,49.246956906066245,48.725494140074105,48.797255539973115,74162400
2019-07-19,48.45997619628906,49.39525773939744,48.40496070844038,49.2254225596,83717200
2019-07-22,49.56748580932617,49.56987651762095,48.7039656231899,48.71353210630533,89111600
2019-07-23,49.95499038696289,49.97173629421098,49.5842262186613,49.86409602597792,73420800
2019-07-24,49.91433334350586,50.029149402153855,49.555529966536255,49.67513109219279,59966400
2019-07-25,49.5196418762207,50.05067106733842,49.45027119228103,49.96694883497979,55638400
2019-07-26,49.69187927246094,50.16788943836609,49.54835645514004,49.62968434831801,70475600
2019-07-29,50.15591812133789,50.385553851109734,49.859309714055385,49.864094780283324,86693600
2019-07-30,49.94063186645508,50.270732049563634,49.58900436269223,49.935846800775565,135742800
2019-07-31,50.95964431762695,52.95219944273716,50.54343475015479,51.768149068134655,277125600
2019-08-01,49.856910705566406,52.1532531893489,49.45266207044621,51.16534697675198,216071600
2019-08-02,48.80203628540039,49.3785108420285,48.230343145055464,49.163230311330075,163448400
2019-08-05,46.24735641479492,47.51751962109188,46.0655640412733,47.35964892958403,209572000
2019-08-06,47.122840881347656,47.3787890279519,46.4148006509655,46.957790753154114,143299200
2019-08-07,47.610816955566406,47.73520315465886,46.36218449713358,46.74251522038932,133457600
2019-08-08,48.66090774536133,48.68482942826137,47.6945323451434,47.88828556685008,108038000
2019-08-09,48.25991439819336,48.68490825834056,47.8517227401758,48.33434822690377,98478800
2019-08-12,48.13746643066406,48.51444257030938,47.81811826695935,47.93097076329877,89927600
2019-08-13,50.17601013183594,50.93716177711402,48.13746584722147,48.267127875565244,188874000
2019-08-14,48.682518005371094,49.56852841372435,48.644099355992225,48.780964420477915,146189600
2019-08-15,48.44001007080078,49.256386268391125,47.94297838198592,48.85300141700887,108909600
2019-08-16,49.58292770385742,49.741401862998586,48.94423148463047,49.049880924057916,110481600
2019-08-19,50.507354736328125,51.07881647496091,50.43051745097723,50.5721820740641,97654400
2019-08-20,50.509765625,51.22769905454453,50.50016279412302,50.634624409226056,107537200
2019-08-21,51.057212829589844,51.29972366781528,50.80749895306689,51.141253161466004,86141600
2019-08-22,51.01398849487305,51.489407284634304,50.603397042031474,51.189268512143016,89014800
2019-08-23,48.65610122680664,50.91554700309597,48.2623192659155,50.28645358396467,187272000
2019-08-26,49.58053207397461,49.748609076351144,49.23717136701609,49.42926093993379,104174400
2019-08-27,49.021080017089844,50.07516753420753,48.86980886104783,49.90949029926712,103493200
2019-08-28,49.350032806396484,49.39565450041869,48.81938934092808,49.00667570095276,63755200
2019-08-29,50.185611724853516,50.26004923163214,49.621352927714746,50.06315640226348,83962000
2019-08-30,50.12078857421875,50.53137647269659,49.751015456218866,50.461745870992495,84573600
2019-09-03,49.390846252441406,49.69818812822895,49.03548289552534,49.56612630727239,80092000
2019-09-04,50.22883224487305,50.29846283883695,49.77982574387522,50.036742667870506,76752400
2019-09-05,51.21089172363281,51.376568957870155,50.785894078911504,50.903549829089826,95654800
2019-09-06,51.206085205078125,51.4846149241543,51.02600190350711,51.39577500112992,77449200
2019-09-09,51.42458724975586,51.96964040269282,50.680245133535024,51.585461226459756,109237600
2019-09-10,52.03206253051758,52.05127185370454,50.83391076513622,51.35014804449725,127111600
2019-09-11,53.68643569946289,53.71525152055803,52.27938461882768,52.3610251708255,177158400
2019-09-12,53.56637954711914,54.365949877044244,53.51115502500784,53.976971102844466,128906800
2019-09-13,52.52429962158203,53.01412462083623,52.10890847215429,52.8244384765625,159053200
2019-09-16,52.80042266845703,52.855650852329696,52.238563645662204,52.27938208778277,84632400
2019-09-17,52.992515563964844,53.02133138546332,52.61313961117362,52.81483570644543,73274800
2019-09-18,53.48953628540039,53.508745607854166,52.68996609930479,53.07894480353371,101360000
2019-09-19,53.05494689941406,53.72725500568296,52.913278574917605,53.3070606073627,88242400
2019-09-20,52.279380798339844,53.43911767399923,52.2169532408371,53.155788377866706,221652400
2019-09-23,52.51708984375,52.78601305088982,52.26016925822585,52.57231436011538,76662000
2019-09-24,52.26737976074219,53.42231716904428,52.1497276727192,53.07175336927151,124763200
2019-09-25,53.07175064086914,53.184603139280306,52.137718705200996,52.47627620043449,87613600
2019-09-26,52.79802322387695,53.050140581036125,52.54350607497872,52.82443558822323,75334000
2019-09-27,52.54108810424805,53.054925471541246,52.17131513134001,52.95407563252784,101408000
2019-09-30,53.77767562866211,53.92414352515708,53.01412053525755,53.04053289901251,103909600
2019-10-01,53.92653274536133,54.79813691460626,53.83288959473361,54.041788672136505,139223200
2019-10-02,52.57472229003906,53.68403427770665,52.32740451351937,53.559175493563515,138449200
2019-10-03,53.021324157714844,53.054939558377036,51.65509168829448,52.44745522730388,114426000
2019-10-04,54.50761413574219,54.62287009035569,53.75846874977578,54.178663133484626,138478800
2019-10-07,54.51960754394531,55.20872499803021,54.22667180682277,54.329921450465996,122306000
2019-10-08,53.880924224853516,54.75973164617533,53.86411835463812,54.221885178414524,111820000
2019-10-09,54.512413024902344,54.694896109411246,54.17865880193493,54.512413024902344,74770400
2019-10-10,55.24715042114258,55.331190753868945,54.577242206069194,54.72850967565127,113013600
2019-10-11,56.716644287109375,57.06000139993357,55.78020880305277,55.93387975980706,166795600
2019-10-14,56.63499069213867,57.17764399561088,56.34685817252537,56.402082686698684,96427600
2019-10-15,56.50293731689453,57.06239287164702,56.39728786256741,56.759854250095415,87360000
2019-10-16,56.27483367919922,56.48373281401713,55.99390415010381,56.03472259479586,73903200
2019-10-17,56.493324279785156,56.70221970877233,56.07073017522385,56.44770259671815,67585200
2019-10-18,56.7646598815918,57.045589398505086,56.255621913343404,56.327655968301634,97433600
2019-10-21,57.749107360839844,57.864363302867055,56.983156188347394,57.03117766562347,87247200
2019-10-22,57.6170539855957,58.1549004377134,57.535413437281406,57.905186536916496,82293600
2019-10-23,58.390193939208984,58.404603677474306,57.91957840903341,58.13087727128554,75828800
2019-10-24,58.486263275146484,58.77919911574777,58.06126559430614,58.7095648437105,69275200
2019-10-25,59.20658493041992,59.24260012348222,58.31817475144487,58.38540555436381,73477200
2019-10-28,59.799652099609375,59.847673572322954,59.240192966177574,59.40826995257686,96572800
2019-10-29,58.4166145324707,59.967733495416816,58.24373795075097,59.7804471734003,142839600
2019-10-30,58.4094123840332,58.89924097507983,57.917187665272955,58.76957895706002,124522000
2019-10-31,59.73003005981445,59.82847648047376,56.96875268058943,59.365063861542914,139162000
2019-11-01,61.42522048950195,61.451629192015126,59.826079758935535,59.91731948128368,151125200
2019-11-04,61.828609466552734,61.91264981872818,61.319575096954345,61.78778735460144,103272000
2019-11-05,61.73975372314453,61.99427084278033,61.54526436432109,61.720540736224365,79897600
2019-11-06,61.76616668701172,61.826194451970366,61.31716017753835,61.65331419578515,75864400
2019-11-07,62.47903823852539,62.70060689193552,62.16113826391426,62.31286358586997,94940400
2019-11-08,62.650020599365234,62.72226723714008,61.85768150693457,62.30081136770355,69986400
2019-11-11,63.146148681640625,63.21117067098467,62.20208407745483,62.20689807124033,81821200
2019-11-12,63.08833312988281,63.28822775645039,62.837873203264316,62.989591152239775,87388800
2019-11-13,63.69281768798828,63.76747499464725,62.873990636188424,62.888439963309075,102734400
2019-11-14,63.252105712890625,63.79156691909785,63.122054404391484,63.51942564466405,89182800
2019-11-15,64.00348663330078,64.0083006253325,63.34119892343502,63.50255217696832,100206400
2019-11-18,64.32621765136719,64.40568896392628,63.635031105699284,64.01313169523063,86703200
2019-11-19,64.13114929199219,64.5429699152776,63.9144019823477,64.51888524762629,76167200
2019-11-20,63.384552001953125,64.0805524112698,62.71262890433902,63.95050846949165,106234400
2019-11-21,63.10037612915039,63.58203998760828,62.900481512110325,63.50497200634929,121395200
2019-11-22,63.04499053955078,63.38215381547278,62.81860790794425,63.2400638402488,65325200
2019-11-25,64.150390625,64.16725062153702,63.2231863603436,63.26894500831201,84020400
2019-11-26,63.64947509765625,64.34066158536174,63.21838386975903,64.28767826489613,105207600
2019-11-27,64.50440979003906,64.53812978101467,63.895105428258134,63.96012738993233,65235600
2019-11-29,64.36233520507812,64.54295915794552,64.03721061999535,64.20579591584789,46617600
2019-12-02,63.6181755065918,64.60317740407082,63.44718686194022,64.36715942230869,94487200
2019-12-03,62.48384475708008,62.503108076906436,61.72281500581728,62.20929283970755,114430400
2019-12-04,63.03535461425781,63.41346255389857,62.7800733256157,62.87400131746364,67181600
2019-12-05,63.96015167236328,64.03481634506913,63.273786434184856,63.5290677356678,74424400
2019-12-06,65.19561004638672,65.26545336433453,64.3743722789269,64.4177276122505,106075600
2019-12-09,64.28286743164062,65.21728922547906,63.79879285948436,65.02462660501106,128042400
2019-12-10,64.65855407714844,65.04147593348435,64.02756829699055,64.68745273051618,90420400
2019-12-11,65.21007537841797,65.28955405101115,64.66338940620615,64.73804673524272,78756800
2019-12-12,65.37623596191406,65.64115256416365,64.3791955584024,64.48997619221315,137310400
2019-12-13,66.26490783691406,66.30103115854632,65.2485967405498,65.37623737672222,133587600
2019-12-16,67.39923095703125,67.62321027270899,66.70564106368182,66.71045505717711,128186000
2019-12-17,67.53167724609375,67.85920511821561,67.14393404643634,67.32937932220554,114158400
2019-12-18,67.37033081054688,67.89052873128885,67.22101616979477,67.38478014032236,116028400
2019-12-19,67.43775939941406,67.71712534090744,67.1800748008847,67.31252943237541,98369200
2019-12-20,67.2980728149414,68.07114122602003,67.08613954782287,67.96999593464518,275978000
2019-12-23,68.39627075195312,68.45647873677,67.52204963647512,67.5605836287108,98572000
2019-12-24,68.46128845214844,68.61061041883474,68.13617123413715,68.56244109414793,48478800
2019-12-26,69.81959533691406,69.83645533824492,68.5648628664668,68.59376152611499,93121200
2019-12-27,69.79309844970703,70.79737094783557,69.38850252439819,70.11099839799601,146266000
2019-12-30,70.20734405517578,70.48912073727585,68.69010535047886,69.71123070858043,144114400
2019-12-31,70.7203140258789,70.7275386917613,69.72567670828415,69.82441870841632,100805600
2020-01-02,72.33386993408203,72.39407791515757,71.09117632272992,71.34404690340438,135480400
2020-01-03,71.63064575195312,72.38926493117573,71.40667380039741,71.56321309934685,146322800
2020-01-06,72.201416015625,72.23995000976231,70.50355369984423,70.75402098693286,118387200
2020-01-07,71.86185455322266,72.46633779595872,71.6426965801033,72.21105649751387,108872000
2020-01-08,73.0178451538086,73.31888511458335,71.56562867701548,71.56562867701548,132079200
2020-01-09,74.56878662109375,74.76144921222713,73.7427349209394,73.99319481949146,170108400
2020-01-10,74.73734283447266,75.30089581647981,74.23641583331637,74.8023721360298,140644800
2020-01-13,76.33409118652344,76.36058652225458,74.93485817482635,75.05287082554342,121532000
2020-01-14,75.30331420898438,76.48098568839895,75.18049494182533,76.2714631183451,161954400
2020-01-15,74.98062133789062,75.98248317068368,74.54953007278792,75.10344798902688,121923600
2020-01-16,75.91985321044922,76.03064118697364,75.16123412136378,75.52248200660513,108829200
2020-01-17,76.76036071777344,76.7627640392473,75.86205500785368,76.16790890123319,137816400
2020-01-21,76.24017333984375,76.8302072165908,76.10289736234121,76.38948797518701,110843200
2020-01-22,76.5123291015625,77.06382908812623,76.41840109404252,76.72425508723063,101832400
2020-01-23,76.88078308105469,76.96025438766408,76.01860061750638,76.56529382668359,104472000
2020-01-24,76.65923309326172,77.86820708363678,76.46897375596369,77.12644775977525,146537600
2020-01-27,74.40504455566406,75.08418516629278,73.42485661478304,74.67236453066312,161940000
2020-01-28,76.50988006591797,76.68086864175731,75.18530473421498,75.28404668634916,162234000
2020-01-29,78.1114501953125,78.95677286932231,77.39858953140283,78.13794553717628,216229200
2020-01-30,77.99822998046875,78.05121329496869,76.76517176985938,77.19626294921763,126743200
2020-01-31,74.53990173339844,77.71165450707113,74.24608645041388,77.29019858022654,199588400
2020-02-03,74.3351821899414,75.49839714349714,72.78422401879573,73.2851511845041,173788400
2020-02-04,76.78926849365234,76.97952779146334,75.53212542449515,75.93672133535755,136616400
2020-02-05,77.41542053222656,78.21257356762338,76.81334075627086,77.91393700101683,118826800
2020-02-06,78.3209457397461,78.32335641079244,77.12883215929374,77.68515330009288,105425600
2020-02-07,77.25635528564453,78.06988383321008,76.76630651671353,77.82123854389138,117684000
2020-02-10,77.62329864501953,77.62329864501953,75.7644959675757,75.84415588740227,109348800
2020-02-11,77.15495300292969,78.1905758646545,76.93769137166434,78.11815777658227,94323200
2020-02-12,78.98725128173828,78.99207670101356,77.60400616945556,77.60400616945556,113730400
2020-02-13,78.42475891113281,78.7506551305069,78.05782821966719,78.26060628866534,94747600
2020-02-14,78.44407653808594,78.6927218682662,77.93712767417983,78.39337649475979,80113600
2020-02-18,77.00770568847656,77.18875828805763,75.94794093607852,76.12899353565957,152531200
2020-02-19,78.12300109863281,78.35233737517142,77.24912158938099,77.24912158938099,93984000
2020-02-20,77.32154083251953,78.37164756799683,76.81700838375629,77.88401513292217,100566000
2020-02-21,75.57136535644531,77.35775721221363,74.95578935685651,76.91598466630131,129554000
2020-02-24,71.981689453125,73.43011036441114,69.82113268068633,71.75960237227564,222195200
2020-02-25,69.54350280761719,73.03178561562022,69.07277049917455,72.65037140517215,230673600
2020-02-26,70.64673614501953,71.90927916190874,69.16210602316792,69.16934783382864,198054800
2020-02-27,66.0286865234375,69.04140503149553,65.89350114490772,67.85852928583456,320605600
2020-02-28,65.99004364013672,67.20913548442363,61.88860137685158,62.103453983809466,426510000
2020-03-02,72.1337890625,72.7686815326321,67.0425894386722,68.14338895911868,341397200
2020-03-03,69.84284973144531,73.38665070115958,68.99310485052062,73.30699080209732,319475600
2020-03-04,73.08248901367188,73.24181619852034,70.76260504877715,71.56164999828624,219178400
2020-03-05,70.71192169189453,72.31242082695749,70.34740002247567,71.33956494467967,187572800
2020-03-06,69.7728500366211,70.20496434412061,67.88990577178768,68.07578380592835,226176800
2020-03-09,64.25437927246094,67.1319051551366,63.48912685930832,63.670179502443226,286744800
2020-03-10,68.882080078125,69.14762542571471,65.0268655374001,66.90257561810807,285290000
2020-03-11,66.48976135253906,67.88748961967876,65.627949126833,66.96291749628936,255598800
2020-03-12,59.9235954284668,65.17895115078981,59.86807364961435,61.78481820985721,418474000
2020-03-13,67.10291290283203,67.57365254636639,61.062997947439406,63.94535922482895,370732000
2020-03-16,58.47034454345703,62.5428168089279,57.93684117686896,58.40757727472599,322423600
2020-03-17,61.041282653808594,62.187945473114404,57.550586794967394,59.749772593000145,324056000
2020-03-18,59.54701232910156,60.35088658037525,57.241607725026064,57.88132933289352,300233600
2020-03-19,59.090755462646484,61.03646731467495,58.56691024737155,59.72081881991735,271857200
2020-03-20,55.33933639526367,60.7926402539027,55.03999474688709,59.67011183513416,401693200
2020-03-23,54.163700103759766,55.160697700443244,51.32479637531141,55.05930867623348,336752800
2020-03-24,59.59769821166992,59.79323446043245,56.56084169108887,57.05813231967632,287531200
2020-03-25,59.26939392089844,62.34245973328567,58.97488132854125,60.53193331315153,303602000
2020-03-26,62.38832473754883,62.44625922344338,59.472169846872056,59.51079529315195,252087200
2020-03-27,59.805301666259766,61.767909526223264,59.638732669554486,61.01473181958192,204216800
2020-03-30,61.51203536987305,61.68343350383442,60.20604133587408,60.529524878595154,167976400
2020-03-31,61.386512756347656,63.36602131175856,60.83370019673991,61.70275453010382,197002000
2020-04-01,58.156517028808594,60.041877740721404,57.726819101176545,59.50596168562525,176218400
2020-04-02,59.126956939697266,59.18006600388776,57.188487147319506,58.018915768998035,165934000
2020-04-03,58.27721405029297,59.3128333420279,57.688188979235456,58.61276473473643,129880000
2020-04-06,63.36119079589844,63.51568523881815,60.20121917390235,60.568149922006974,201820400
2020-04-07,62.627315521240234,65.58934152567265,62.52351377225885,65.37207245676143,202887200
2020-04-08,64.23023986816406,64.54406151460887,63.061847651130236,63.42636197678972,168895200
2020-04-09,64.6937255859375,65.19584902236409,63.89951332637289,64.86512738575412,161834800
2020-04-13,65.96351623535156,66.07215077341053,64.17229875609489,64.77098217772529,131022800
2020-04-14,69.29486846923828,69.58455560243435,67.12223707141726,67.59297682109842,194994800
2020-04-15,68.66239166259766,69.1210568119712,67.74506136385055,68.17234288135833,131154400
2020-04-16,69.20796203613281,69.57248363661981,68.16027185080422,69.37453102131897,157125200
2020-04-17,68.2688980102539,69.27072829912615,66.83496081662895,68.72515410233876,215250000
2020-04-20,66.85189056396484,67.99855755048588,66.83258151937916,67.09812692651032,130015200
2020-04-21,64.78546905517578,66.92913374203486,64.07574203406564,66.69497200558625,180991600
2020-04-22,66.6515121459961,67.0860355273564,65.71003990834832,66.05041238241853,116862400
2020-04-23,66.39322662353516,68.01545898341168,66.35460116650802,66.59600474763815,124814400
2020-04-24,68.3099594116211,68.3196176159111,66.8687799957314,66.91706365013007,126161200
2020-04-27,68.35823822021484,68.68895986495261,67.58091858862758,68.02750920842628,117087600
2020-04-28,67.25016784667969,69.0003428067964,67.15844072674598,68.81929022471536,112004800
2020-04-29,69.45901489257812,69.92733815857098,68.53202656102843,68.73480456789414,137280800
2020-04-30,70.92436218261719,71.1005894315717,69.6087172156617,69.99737340670072,183064000
2020-05-01,69.78251647949219,72.17965163700352,69.00519685948858,69.1017567929507,240616800
2020-05-04,70.76984405517578,70.8977876030395,69.11864515995262,69.8066465413913,133568000
2020-05-05,71.83201599121094,72.66244451792257,71.08366376030753,71.2285073158129,147751200
2020-05-06,72.57313537597656,73.20319497472518,72.14826285856589,72.53209353947886,142333600
2020-05-07,73.32390594482422,73.66911859215423,72.89662434827942,73.19837876119128,115215200
2020-05-08,75.06912231445312,75.12237513838589,73.65551062741005,73.98228898395239,133838400
2020-05-11,76.2503662109375,76.74415709638575,74.36957888241814,74.57775171164975,145946400
2020-05-12,75.37897491455078,77.3832066763356,75.25794640867731,76.93297679324957,162301200
2020-05-13,74.46883392333984,76.47791143801962,73.39410026175051,75.55809041384309,200622400
2020-05-14,74.92631530761719,74.98682954910396,72.98743664654351,73.70876906438306,158929200
2020-05-15,74.48336029052734,74.52935171327063,72.6679327201148,72.70182424718615,166348400
2020-05-18,76.23827362060547,76.61104348348049,75.11513293810333,75.80499689236754,135178400
2020-05-19,75.7977066040039,77.09996661357478,75.76623802284678,76.25519033631431,101729600
2020-05-20,77.27185821533203,77.34204942619355,76.6158784313997,76.65460843756124,111504800
2020-05-21,76.69575500488281,77.67366726497515,76.4585365069764,77.13387754437865,102688800
2020-05-22,77.18956756591797,77.27186606725144,76.3326836366315,76.43434344951643,81803200
2020-05-26,76.66670227050781,78.48454498542678,76.6110265113562,78.3054252019707,125522000
2020-05-27,77.000732421875,77.14596806852482,75.78560919845494,76.52388732434491,112945200
2020-05-28,77.03462219238281,78.29089831885972,76.4004341829612,76.67637525704153,133560800
2020-05-29,76.9595947265625,77.73659554294788,76.60377068012559,77.27668877080987,153532400
2020-06-01,77.9060287475586,78.02705721931588,76.78288098389504,76.91359380175058,80791200
2020-06-02,78.26673126220703,78.29093844633856,77.19925870886732,77.6398043442765,87642800
2020-06-03,78.69757843017578,78.95900415271024,78.01497584988421,78.58623426753769,104491200
2020-06-04,78.01982116699219,78.81860638544032,77.64705128445249,78.52088097581583,87560400
2020-06-05,80.24188995361328,80.30240419943048,78.2400813612976,78.26912701737099,137250400
2020-06-08,80.71632385253906,80.75021537775042,79.23009773769596,79.93932296340279,95654400
2020-06-09,83.26517486572266,83.65730597576551,80.36533708864444,80.3968056767083,147712400
2020-06-10,85.40736389160156,85.87453198047866,83.77347966007517,84.21160210008814,166651600
2020-06-11,81.30693817138672,84.97652287764004,81.20527837641917,84.55292316229209,201662400
2020-06-12,82.0089111328125,84.18742419889422,80.90029328946143,83.44189186655679,200146000
2020-06-15,83.02313995361328,83.67427396780367,80.50332533638101,80.66550679987964,138808800
2020-06-16,85.22340393066406,85.49451390772815,83.44186840333514,85.07332981023045,165428800
2020-06-17,85.10481262207031,86.02704912393895,84.98378413219785,85.96653487900272,114406400
2020-06-18,85.13871765136719,85.55505601805591,84.53115217198582,85.06125763268233,96820400
2020-06-19,84.65219116210938,86.3078604847737,83.54598867934699,85.84311508911084,264476000
2020-06-22,86.86698150634766,87.00979422869749,84.99830144840965,85.04429286253834,135445200
2020-06-23,88.72113800048828,90.1371727058119,87.6899729783668,88.1087341820106,212155600
2020-06-24,87.155029296875,89.26818923809188,86.78225950639512,88.35079128217394,192623200
2020-06-25,88.31207275390625,88.35080275936323,86.55232106785238,87.30996064055707,137522400
2020-06-26,85.59860229492188,88.42824869367755,85.4509437109353,88.20797597788908,205256800
2020-06-29,87.57138061523438,87.66578639039905,85.02978213117639,85.5066347136651,130646000
2020-06-30,88.30238342285156,88.58801627360432,87.14051287267962,87.15987418081895,140223200
2020-07-01,88.13538360595703,88.92206897093759,88.08697663107799,88.37986357552768,110737200
2020-07-02,88.13538360595703,89.67487019220228,88.02162389084378,89.04068194142937,114041600
2020-07-06,90.49300384521484,90.9601720457748,89.52961440129422,89.56108299075036,118655600
2020-07-07,90.21220397949219,91.64759989931855,90.10085985246303,90.87059916943323,112424400
2020-07-08,92.31327819824219,92.34474679060094,91.10057024745561,91.1877146099101,117092000
2020-07-09,92.71025085449219,93.25729463316677,91.66456287634601,93.20404179945581,125642800
2020-07-10,92.8724136352539,92.93051232943125,91.69602034280251,92.30600122922262,90257200
2020-07-13,92.4439697265625,96.77921054368312,92.2309584307968,94.17467542417103,191649200
2020-07-14,93.97377014160156,94.16498980895781,90.89480551473416,91.82671884066302,170989200
2020-07-15,94.62006378173828,96.09418977539168,93.42430181349536,95.84487140313816,153198000
2020-07-16,93.4557876586914,94.31024858615012,92.85790656415841,93.49451766571708,110577600
2020-07-17,93.2669677734375,94.06091431617955,92.79495374103925,93.90600170117715,92186800
2020-07-20,95.23248291015625,95.37045717183655,93.01040144233045,93.35412562962276,90318000
2020-07-21,93.9181137084961,96.09662665534265,93.66879530005893,96.02158957813295,103433200
2020-07-22,94.18195343017578,94.86213298167614,93.53324246932021,93.62037944003524,89001600
2020-07-23,89.89510345458984,93.99312548879989,89.08663419834281,93.91566549865867,197004400
2020-07-24,89.67241668701172,90.016140810345,86.31266499943915,88.0966309470678,185438800
2020-07-27,91.7977066040039,91.88968945823548,90.50996880574512,90.73265713883738,121214000
2020-07-28,90.28968811035156,91.5459645894224,90.28484224245163,91.36926031193099,103625600
2020-07-29,92.0203628540039,92.20432848355908,90.73504115422307,90.77134821611126,90329200
2020-07-30,93.13386535644531,93.23794810661174,90.78833214151663,91.19498617960477,158130000
2020-07-31,102.88389587402344,103.03397001244983,97.62157236005555,99.61612680199143,374336800
2020-08-03,105.47634887695312,108.09056179793535,104.46455228309469,104.76227769682667,308151200
2020-08-04,106.18072509765625,107.26998160372126,104.9438099795325,105.66514250286653,173071600
2020-08-05,106.56561279296875,106.8851298614448,105.43762609025401,105.9023788614005,121776800
2020-08-06,110.28356170654297,110.77735994512233,106.30899078686637,106.89718739322298,202428800
2020-08-07,107.77619934082031,110.26175680038186,106.98082124977309,109.80586800423681,198045600
2020-08-10,109.34269714355469,110.35874505613272,106.69709332777636,109.21902314455248,212403600
2020-08-11,106.09086608886719,109.10505737675727,105.83139636601508,108.60794885006547,187902400
2020-08-12,109.6167221069336,109.87376452711321,106.98566715289093,107.17965891895842,165598000
2020-08-13,111.55665588378906,112.55815472074357,110.50665541102485,110.99406946976315,210082000
2020-08-14,111.45723724365234,111.5469586132698,109.65065854076958,111.38206488530741,165565200
2020-08-17,111.16625213623047,112.60181637912858,110.54062239475888,112.57756555807367,119561600
2020-08-18,112.09258270263672,112.51694618501556,110.58427334354063,110.91891544512356,105633600
2020-08-19,112.23321533203125,113.64452867430332,112.13864675565405,112.49995954797271,145538000
2020-08-20,114.7236328125,114.83760501028006,112.25747159683876,112.27444791147464,126907200
2020-08-21,120.63561248779297,121.11817195845913,115.66934527196243,115.6814669811538,338054800
2020-08-24,122.07847595214844,124.91807958440302,120.21612802925294,124.83319799639226,345937600
2020-08-25,121.07695007324219,121.42129395286675,119.35767277780953,120.95328347307442,211495600
2020-08-26,122.72349548339844,123.17938430241111,121.32673099966804,122.39128067814039,163022400
2020-08-27,121.25640869140625,123.65709200762272,120.11425938434616,123.32487721481381,155552400
2020-08-28,121.05998229980469,122.64588380173389,120.83688511649021,122.2287948592591,187630000
2020-08-31,125.16539764404297,127.06655257654671,122.21668415759454,123.74924435405829,225702700
2020-09-01,130.1510467529297,130.75244043183687,126.61064913629612,128.77368605712132,151948100
2020-09-02,127.45455932617188,133.83698910317142,123.18668026100194,133.45869988967056,200119000
2020-09-03,117.25040435791016,124.97139321089942,116.88181705951085,123.09935129507485,257599600
2020-09-04,117.32801055908203,119.98573625952378,107.56037630423063,116.46473461185484,332607200
2020-09-08,109.43241882324219,115.41715402612338,109.29662311428591,110.52848630276392,231366600
2020-09-09,113.79731750488281,115.56266939432574,111.799173992742,113.7391214492864,176940500
2020-09-10,110.08231353759766,116.8818312711873,109.12204164322466,116.74603554472291,182274400
2020-09-11,108.63703918457031,111.77005705290503,106.69709205627441,111.1298709484181,180860300
2020-09-14,111.89615631103516,112.44904097306566,109.41302623599448,111.27537379227499,140150100
2020-09-15,112.07075500488281,115.26196916143692,110.1987055878256,114.7769823425134,184642000
2020-09-16,108.76315307617188,112.51695412354394,108.67585899150183,111.77007759799923,154679000
2020-09-17,107.0268783569336,108.83102975873638,105.44582412860575,106.42549948987329,178011000
2020-09-18,103.6319808959961,107.5506753180143,102.9045006607274,107.08509211161683,287104900
2020-09-21,106.77471160888672,106.88140931284494,100.00429161371379,101.40105617439414,195713800
2020-09-22,108.4527587890625,109.47123415071694,105.88233436259476,109.29663858587081,183055400
2020-09-23,103.90357971191406,108.74374613747926,103.56408301527631,108.2684611226227,150718700
2020-09-24,104.97054290771484,106.93958810787352,101.84722676940335,102.01212050333626,167743300
2020-09-25,108.90862274169922,109.06382205291594,104.43704434153668,105.17422626919512,149981400
2020-09-28,111.5081787109375,111.85736984450415,109.39363569114487,111.55668035738763,137672400
2020-09-29,110.664306640625,111.84767585373268,110.15992352372166,111.11050109828263,99382200
2020-09-30,112.33265686035156,113.7391232285353,110.20841939441779,110.3733131547286,142675200
2020-10-01,113.28324127197266,114.18531720423022,112.35206730969273,114.10771752396202,116120400
2020-10-02,109.62641143798828,111.90585528542881,108.85043700934379,109.50031753591523,144712000
2020-10-05,113.00192260742188,113.14742012517607,110.1405034929378,110.4896945754234,106243800
2020-10-06,109.76221466064453,112.63333559022071,108.87953514429641,112.22594105943094,161498200
2020-10-07,111.62456512451172,112.08045390652613,110.70308575226879,111.1783781507114,96849000
2020-10-08,111.51786041259766,112.90492288741173,111.14926572678705,112.75942537460811,83477200
2020-10-09,113.45780181884766,113.48689983988513,111.4693531777682,111.81854423083884,100506900
2020-10-12,120.66473388671875,121.42131221454332,115.69846570876324,116.45504403658781,240226800
2020-10-13,117.46381378173828,121.62500184957032,116.05735487456657,121.50860234126793,262330500
2020-10-14,117.55110168457031,119.33584953717633,116.02824344500344,117.36680433445795,150712000
2020-10-15,117.08552551269531,117.56081055796655,114.60239518602361,115.15527990408137,112559200
2020-10-16,115.44625091552734,117.90029026113083,115.24255735409358,117.63839325335097,115393800
2020-10-19,112.49752807617188,116.80420531849914,112.18713685690224,116.35801840331845,120639300
2020-10-20,113.98162078857422,115.40748342708119,112.15806534871491,112.71095010647143,124423700
2020-10-21,113.36083221435547,115.14558032107824,112.95343762450592,113.16683302863848,89946000
2020-10-22,112.2744369506836,114.49567723930029,111.14926409518415,113.92338900408984,101988000
2020-10-23,111.58576965332031,113.05043193781697,110.84858760677534,112.89523260157101,82572600
2020-10-26,111.5954818725586,113.05044248419397,109.49063323015535,110.58670829378724,111850700
2020-10-27,113.09891510009766,113.75849741390176,111.10077194371063,112.02224386138344,92276800
2020-10-28,107.8610610961914,111.96405267029793,107.76406521649079,111.59546536731106,143937800
2020-10-29,111.85736083984375,113.41901900582575,108.83104039265947,108.99594153712782,146129200
2020-10-30,105.59132385253906,108.62733847489969,104.48555457025763,107.72526275511105,190272600
2020-11-02,105.5040283203125,107.35668150297613,104.09756951905206,105.83382320217856,122866900
2020-11-03,107.12390899658203,108.14237704788208,105.46525468419668,106.3673306155269,107624400
2020-11-04,111.49848175048828,112.1192643704232,108.97655143196363,110.71280536595152,138235500
2020-11-05,115.4559555053711,116.02824377297978,113.3608163942021,114.40838224963099,126387100
2020-11-06,115.3248062133789,115.82034093796346,112.83738439067113,114.96529408792372,114457900
2020-11-09,113.02198028564453,118.53121707167843,112.75963885381937,117.083465097586,154515300
2020-11-10,112.6819076538086,114.25597110360664,110.89407325748324,112.27381767890381,138023400
2020-11-11,116.10210418701172,116.23813418126791,113.13858512576901,113.86732041488949,112295000
2020-11-12,115.83003997802734,117.1126137436234,115.20818648034917,116.22841881317535,103162300
2020-11-13,115.87865447998047,116.27702600238625,114.52806537956721,116.05355128357041,81581900
2020-11-16,116.88912963867188,117.55956098518271,114.80008723878368,115.5482521194945,91183000
2020-11-17,116.00492858886719,117.24863549686008,115.58712010448728,116.16039565890526,74271000
2020-11-18,114.68350219726562,116.42275133775613,114.65435397133162,115.24705927558566,76322100
2020-11-19,115.27621459960938,115.68430461397098,113.49809857736044,114.25598215062608,74113000
2020-11-20,114.01306915283203,115.40252482669361,113.96449124482857,115.27621337018954,73604300
2020-11-23,110.62202453613281,114.28513837643995,110.52486130551306,113.85761126601786,127959300
2020-11-24,111.90460968017578,112.56533009298217,109.39775804807978,110.68033950800988,113874200
2020-11-25,112.74021911621094,113.43980625953591,111.90460196313715,112.27383262938065,76499200
2020-11-27,113.2843246459961,114.15880846315034,112.92481998616722,113.26489496698315,46691300
2020-11-30,115.67459869384766,117.5401594833683,113.49810369299398,113.6535707986605,169410200
2020-12-01,119.24052429199219,119.96925956195165,116.60736173944143,117.57900876605405,127728200
2020-12-02,119.59033203125,119.87211059203429,117.46242241782213,118.56038101970898,89004200
2020-12-03,119.45430755615234,120.270487635051,118.74500184780301,120.01785729073868,78967600
2020-12-04,118.78384399414062,119.37654924842553,118.07453843287111,119.12391895649799,78260400
2020-12-07,120.24131774902344,121.03806800243322,118.78384723085345,118.84214367939516,86712000
2020-12-08,120.85346221923828,121.43645640289948,119.6000365852931,120.84375108576852,82225500
2020-12-09,118.32720184326172,122.37896912827428,117.56931816843408,120.99923180163522,115089200
2020-12-10,119.74577331542969,120.35791566525569,116.74338766599487,117.08346263085474,81312200
2020-12-11,118.9393310546875,119.27940607418536,117.13206676469383,118.95876073591047,86939800
2020-12-14,118.32720184326172,119.85268774115538,118.09400857710251,119.1239522979626,79184500
2020-12-15,124.25422668457031,124.27366377761385,120.61055011219938,120.81459511068267,157243700
2020-12-16,124.18621826171875,124.73033828648967,122.97165933994127,123.79756533721344,98208600
2020-12-17,125.05094909667969,125.90600308591694,124.40965860475175,125.24527550528235,94359800
2020-12-18,123.0688247680664,125.43964605507787,122.5441344465272,125.30361605465058,192541500
2020-12-21,124.59431457519531,124.67204812925546,119.94984220975749,121.4753279960592,121251600
2020-12-22,128.14083862304688,130.5991048748753,125.97405467288996,127.87848972538272,168904800
2020-12-23,127.24691772460938,128.67522539994948,127.07201352740594,128.41289134338277,88223700
2020-12-24,128.22825622558594,129.67601559807733,127.38292807699283,127.59669160383469,54930100
2020-12-28,132.814453125,133.44601785068772,129.72460743607215,130.1910087492954,124486200
2020-12-29,131.0460205078125,134.85487480481046,130.53104880605997,134.1358655444837,121047300
2020-12-30,129.92861938476562,132.13426190963798,129.6176852728213,131.73588313851724,96452100
2020-12-31,128.92782592773438,130.91970498226274,127.98532727499882,130.27841448791915,99116600
2021-01-04,125.7408676147461,129.82178288641367,123.1660010540864,129.73433819675842,143301900
2021-01-05,127.29550170898438,128.0048148809108,124.78865000861988,125.23561427002338,97664900
2021-01-06,123.01052856445312,127.33436285992687,122.79676500387103,124.09877604874403,155088000
2021-01-07,127.2080307006836,127.89790663345559,124.23479308365204,124.72061661130184,109578200
2021-01-08,128.3059844970703,128.86954151504634,126.53757990692247,128.67520026141898,105158200
2021-01-11,125.32304382324219,126.47930629071162,124.85665734789745,125.52709624591981,100384500
2021-01-12,125.14815521240234,126.01292057820679,123.26315737935117,124.85665810373773,91951100
2021-01-13,127.17887115478516,127.72299108513502,124.84692436009828,125.10925836684517,88636800
2021-01-14,125.2550277709961,127.28576659581172,125.10927181431389,127.09144014639318,90221800
2021-01-15,123.53520202636719,126.52787663913662,123.39917203606663,125.1287025525268,111598500
2021-01-19,124.20563507080078,125.06068915645737,123.34086985277312,124.15704975663279,90757300
2021-01-20,128.2865753173828,128.7335395413519,124.90524730001776,125.01212908230433,104319500
2021-01-21,132.98934936523438,135.7099645282226,129.80234769109845,130.0064001294405,120150900
2021-01-22,135.12696838378906,135.88485193048166,131.19179469063414,132.4160646907934,114459400
2021-01-25,138.86782836914062,140.97630120112478,132.66871393860882,139.013584357772,157611700
2021-01-26,139.10101318359375,140.20869037046396,137.3617564370404,139.52854031294,98390600
2021-01-27,138.0321807861328,140.20867556656404,136.4289690465183,139.36333253146313,140843800
2021-01-28,133.2030792236328,137.96415826033868,132.8241374993332,135.564189064389,142621100
2021-01-29,128.21853637695312,132.86300755142042,126.51815423658083,131.97880528014946,177523800
2021-02-01,130.33676147460938,131.54160940158948,127.21776727973175,129.95781964029345,106239800
2021-02-02,131.16262817382812,132.44519444855226,130.7933975854858,131.8816374338767,83305400
2021-02-03,130.14242553710938,131.92054165395052,129.82178018887643,131.91081569341782,89880900
2021-02-04,133.49459838867188,133.5043095225396,130.7739834636992,132.43550657690793,84183100
2021-02-05,133.08103942871094,133.7232884555335,132.20525610000038,133.6551792335879,75693800
2021-02-08,133.2269744873047,133.2756324021585,131.29050232328603,132.3706427004726,71297200
2021-02-09,132.35122680664062,134.17093254443628,132.1955422076444,132.94481795724369,76774200
2021-02-10,131.74786376953125,133.3048279995829,130.7844904817518,132.80853804149436,73046600
2021-02-11,131.49488830566406,132.72098784651604,130.17147291387968,132.24416393424985,64280000
2021-02-12,131.72840881347656,131.88410821935858,130.0936095966532,130.73585850968206,60145100
2021-02-16,129.60708618164062,132.35121823326722,129.21783758857316,131.8452173347529,80576300
2021-02-17,127.32028198242188,128.6631634845205,125.98714097419074,127.71925617483,97918500
2021-02-18,126.22067260742188,126.50286477250336,123.982542030246,125.72438263501022,96856700
2021-02-19,126.3763656616211,127.19378012757379,125.33515742569439,126.73642239782728,87668800
2021-02-22,122.61046600341797,126.23039523519333,122.22122494397281,124.56638952046134,103916400
2021-02-23,122.47425079345703,123.30138352656303,115.20519947854247,120.43074421044315,158273000
2021-02-24,121.97797393798828,122.18232386351377,118.94190941685854,121.5790071569596,111039900
2021-02-25,117.7352523803711,123.05810538980377,117.29736077604736,121.32599026278942,148199500
2021-02-26,117.99799346923828,121.49141551253575,117.93960247752109,119.29220956982277,164560400
2021-03-01,124.35233306884766,124.48856634693102,119.4868376397081,120.42101187120407,116307900
2021-03-02,121.75414276123047,125.2572974809927,121.64710128326877,124.95563918354922,102260900
2021-03-03,118.77645874023438,122.32827149061751,118.56237577745944,121.45248092660913,112966300
2021-03-04,116.89838409423828,120.27503892466773,115.42900990064756,118.47480719948628,178155000
2021-03-05,118.15367889404297,118.65969453198089,114.40724922583529,117.72552038212189,153766600
2021-03-08,113.22979736328125,117.74497601487798,113.08383103215061,117.67685938357114,154376600
2021-03-09,117.83257293701172,118.77648030379827,115.5944493383936,115.82799105647607,129525800
2021-03-10,116.75242614746094,118.88350799775948,116.23667741969722,118.41642461584055,111943300
2021-03-11,118.67913818359375,119.89551178020834,117.99797193915168,119.24353731422019,103026500
2021-03-12,117.77416229248047,117.9103955487277,115.95447204511132,117.16111263936789,88105100
2021-03-15,120.65454864501953,120.6642817142442,117.18058534747087,118.14395874848536,92403800
2021-03-16,122.19203186035156,123.7976465733389,121.36489925795071,122.31853204805573,115227900
2021-03-17,121.40382385253906,122.47423118424491,119.04891881379946,120.71292450730932,111932600
2021-03-18,117.2876205444336,119.86633436304555,117.08327064661763,119.57440169521924,121229700
2021-03-19,116.76215362548828,118.16341864155612,116.46049529392347,116.67457827406234,185549500
2021-03-22,120.07068634033203,120.53777713211232,117.02488910943605,117.09300574322106,111912300
2021-03-23,119.24356079101562,120.89782623844285,118.8543196786337,120.0123099463268,95467100
2021-03-24,116.85946655273438,119.5938800533793,116.8400078374971,119.51603034411634,88530500
2021-03-25,117.34600067138672,118.3872236915313,115.7987768800299,116.32425121223295,98844700
2021-03-26,117.94935607910156,118.2120970271745,115.72095796469546,117.11249015232345,94071200
2021-03-29,118.12447357177734,119.28246362571115,117.48223216543501,118.37748136174508,80819200
2021-03-30,116.67459106445312,117.1611406456859,115.66256704459003,116.878940997672,85671900
2021-03-31,118.86404418945312,120.19718506636265,117.89094519064328,118.3774946900482,118323800
2021-04-01,119.69116973876953,120.83942678607517,119.19488720011346,120.33341860340158,75089100
2021-04-05,122.5131607055664,122.76616851425374,119.75928886344587,120.53777100210417,88651200
2021-04-06,122.8148422241211,123.71009165590245,122.26990907854241,123.09704186712644,80171300
2021-04-07,124.45936584472656,124.47882455845117,121.7736104771957,122.4450511751175,83466700
2021-04-08,126.85317993164062,126.88237171232534,125.06268142419076,125.4811068462127,88844600
2021-04-09,129.42221069335938,129.46112813324058,125.98717125154387,126.30829581175405,106686700
2021-04-12,127.70950317382812,129.27619297458608,127.1159122592972,128.95506856033387,91420000
2021-04-13,130.8136749267578,131.0374983592836,128.3809277339075,128.8772176641677,91266500
2021-04-14,128.478271484375,131.36837696548068,128.1182295730411,131.3099933958929,87222800
2021-04-15,130.8817901611328,131.3683395669363,130.04492458921848,130.22009009642866,89347100
2021-04-16,130.55099487304688,131.0472701296793,129.69466280828593,130.6872281698665,84922400
2021-04-19,131.21270751953125,131.82576483686614,129.753058553166,129.91848365422268,94264200
2021-04-20,129.52923583984375,131.8841341353887,128.264203903013,131.3878588859704,94812300
2021-04-21,129.90870666503906,130.15198139662152,127.76789199677557,128.79937448295544,68847100
2021-04-22,128.3906707763672,130.5412110225183,127.87492954910141,129.46107065350094,84566500
2021-04-23,130.70664978027344,131.4851170121257,128.60475261832673,128.60475261832673,78657500
2021-04-26,131.09585571289062,131.42670570139381,129.96705767743643,131.20289716191314,66905100
2021-04-27,130.77479553222656,131.76736083305914,130.5023289552631,131.3781122600293,66015800
2021-04-28,129.98655700683594,131.38782184344353,129.50000754125335,130.69691506905932,107760100
2021-04-29,129.8892364501953,133.38267277073504,128.88694577541443,132.79880749394718,151101000
2021-04-30,127.92363739013672,129.9671369612886,127.54412926632877,128.23502143741464,109839500
2021-05-03,128.97459411621094,130.4634499299292,128.28370182419917,128.48804439292184,75135100
2021-05-04,124.41070556640625,127.95279275381809,123.29164023246338,127.66086008438737,137564700
2021-05-05,124.65400695800781,126.94078104975206,124.52749931714487,125.72440711319194,84000900
2021-05-06,126.2498550415039,126.25958068498952,123.71005892640017,124.44961615985031,78128300
2021-05-07,126.92247009277344,127.94594783933177,126.2108903922729,127.54631080549646,78973300
2021-05-10,123.64726257324219,126.26933982071908,123.60827160938823,126.14263220253412,88071200
2021-05-11,122.73101043701172,123.0819142652862,119.67028275042819,120.38185488141869,126142800
2021-05-12,119.6703109741211,121.49310006204904,119.16344315883416,120.28440955115845,112172300
2021-05-13,121.81475830078125,122.96496595514449,121.1226852750631,121.43460561674969,105861300
2021-05-14,124.23212432861328,124.66101753625983,122.67252280548946,123.06242504546209,81918000
2021-05-17,123.08191680908203,123.72525662054227,122.0096912267483,123.61803331863223,74244600
2021-05-18,121.6977767944336,123.78374532662899,121.62954445690447,123.36460169987382,63342900
2021-05-19,121.54181671142578,121.76600548369002,119.75801895076617,120.050447495282,92612000
2021-05-20,124.09566497802734,124.49531683623646,121.94146411990351,122.06818662946591,76857100
2021-05-21,122.26313018798828,124.76824225453443,122.04868358173061,124.59278661639331,79295400
2021-05-24,123.89097595214844,124.70977148763245,122.76026751533502,122.82849985689472,63092900
2021-05-25,123.69600677490234,125.08016000374234,123.13064893754277,124.59277665961783,72009500
2021-05-26,123.64726257324219,124.17362943012175,123.22811900776954,123.7544858646491,56575900
2021-05-27,122.11690521240234,124.41732007226534,121.92195782567474,123.24762087836753,94625600
2021-05-28,121.46383666992188,122.62379382802953,121.4053539348129,122.39959761550023,71311100
2021-06-01,121.14217376708984,122.18515807859856,120.81076166659518,121.92197831860382,67637100
2021-06-02,121.9024658203125,122.07792145343016,120.9179717914318,121.14216055572481,59278900
2021-06-03,120.42084503173828,121.69776758173275,120.02119320163122,121.53206155124437,76229200
2021-06-04,122.71151733398438,122.97470451422886,120.72302254551224,120.93746915555829,75169300
2021-06-07,122.72125244140625,123.13064641036082,121.67826831853665,122.98443215380105,71057600
2021-06-08,123.54004669189453,125.21662849111421,123.0234294041827,123.40358202860334,74403800
2021-06-09,123.92020416259766,124.52455300706954,123.32560491924683,123.99818609803275,56877900
2021-06-10,122.92595672607422,124.95344236430199,122.7602506959565,123.81297704481983,71186400
2021-06-11,124.13465118408203,124.22238272093318,122.91621132668672,123.33535493510138,53522400
2021-06-14,127.18563842773438,127.24412116871932,123.86173793219395,124.59280194157657,96906500
2021-06-15,126.36685180664062,127.30262029411195,126.1231638006209,126.65928038857137,62746300
2021-06-16,126.86393737792969,127.58525904482703,125.21661937439929,127.0783839579929,91815000
2021-06-17,128.46255493164062,129.20337594415264,126.37658632134162,126.52280804022224,96721700
2021-06-18,127.1661376953125,128.18961527761795,126.95169109033546,127.40982566701065,108953300
2021-06-21,128.95968627929688,129.06690958900398,125.9477063159808,127.01018237446559,79663300
2021-06-22,130.59725952148438,130.69474066397615,128.29684436989922,128.7939773736595,74783600
2021-06-23,130.32432556152344,130.92868185123652,129.8661909803765,130.39256533356104,60214200
2021-06-24,130.0416717529297,131.240612583958,129.57378007008424,131.0554073186903,68711000
2021-06-25,129.74925231933594,130.50955776565635,129.45682371531962,130.0904215029444,70783700
2021-06-28,131.3770751953125,131.8352098315601,129.98318695524438,130.04166969629122,62111300
2021-06-29,132.88795471191406,133.0439186165466,130.95794973108042,131.39658519851488,64556100
2021-06-30,133.50201416015625,133.94064949902392,132.43952338561445,132.73195190270366,63261400
2021-07-01,133.80421447753906,133.86269721920397,132.33232940247316,133.15113240638843,52485800
2021-07-02,136.42628479003906,136.46526832234767,134.27207651002422,134.41828334809892,78852600
2021-07-06,138.4342803955078,139.53574001915328,136.53351700878477,136.53351700878477,108181800
2021-07-07,140.9198760986328,141.231788943126,139.05809657469072,139.91586805219615,104911600
2021-07-08,139.6234588623047,140.42274763655988,137.11833949517367,138.00536723887996,105575500
2021-07-09,141.4462432861328,141.97260274724476,139.04834716131978,139.1458282969305,99890800
2021-07-12,140.8516845703125,142.6257406086967,140.36430849913495,142.51851727809614,76299700
2021-07-13,141.96286010742188,143.7369156295679,140.00361422588887,140.39350901995923,100827100
2021-07-14,145.3842315673828,145.79364043052715,143.95134516697595,144.3607540301203,127050800
2021-07-15,144.73114013671875,146.21276700697837,143.37623575739534,145.47196100861444,106820300
2021-07-16,142.69393920898438,145.97884856339024,142.1968210625346,144.7116829108476,93251400
2021-07-19,138.85342407226562,140.43253247911716,138.09311867670348,140.12060468938105,121434600
2021-07-20,142.46002197265625,143.38604842178373,139.3505750817449,139.8379511608488,96350000
2021-07-21,141.7289276123047,142.4405072449087,140.97837931958148,141.85565012536404,74993500
2021-07-22,143.0935821533203,144.4582288663732,142.12857241610413,142.25529492286392,77338200
2021-07-23,144.8091583251953,144.96512221870486,143.21056560056124,143.8246641352954,71447400
2021-07-26,145.2283172607422,146.04710543551434,143.9708787526298,144.5264945756414,72434100
2021-07-27,143.06434631347656,145.4427434254304,141.87514775749966,145.35500444699645,104818600
2021-07-28,141.31956481933594,143.25932698356266,138.94116715524945,141.15385873599058,118931200
2021-07-29,141.96286010742188,142.8498878684949,140.92962551695572,141.03684881635502,56699500
2021-07-30,142.17730712890625,142.63544169374407,140.47149137109437,140.73467853831747,70440600
2021-08-02,141.8458709716797,143.23975875771586,141.58268384916155,142.6646588267022,62880000
2021-08-03,143.63943481445312,144.30225894055675,141.51446802349406,142.12856645538005,64786600
2021-08-04,143.2398223876953,144.05861060643986,142.58674024606307,143.55175020828588,56368300
2021-08-05,143.34698486328125,144.1072900112852,142.47945643165977,143.26900294123843,46397700
2021-08-06,142.6636962890625,143.6106236198985,142.16583326910765,142.8687074712915,54126800
2021-08-09,142.6148681640625,143.21035833317768,142.05843483321482,142.72225212556916,48908700
2021-08-10,142.1365203857422,144.19632898598317,141.84365370926938,142.95653516321173,69023100
2021-08-11,142.3903350830078,143.2298783064216,142.06818321748432,142.57581781429272,48493500
2021-08-12,145.34823608398438,145.5044336133679,142.37078584930737,142.71246608285676,72282600
2021-08-13,145.55328369140625,145.88519235268876,144.74302556240244,145.42637130499,59375000
2021-08-16,147.52520751953125,147.59354953492934,142.98582599022765,145.00657783567002,103296000
2021-08-17,146.61732482910156,148.07187159409528,145.5434853619502,146.65636676617194,92229700
2021-08-18,142.87843322753906,147.134719463398,142.67342208980006,146.23660593235846,86326000
2021-08-19,143.21034240722656,144.4794213850425,141.0626783117476,141.5800696426097,86960300
2021-08-20,144.6649169921875,144.96754045087513,143.28845394220284,143.93275769698107,60549600
2021-08-23,146.1487579345703,146.61733569322215,144.37204430196212,144.7820517027598,60131800
2021-08-24,146.0608673095703,147.27137582254224,145.6020463753851,145.8949130199866,48606400
2021-08-25,144.8308563232422,146.74423897086186,144.28417982272728,146.24636116832204,58991300
2021-08-26,144.03038024902344,145.5727977281921,144.00109506679658,144.82112485660906,48597200
2021-08-27,145.06515502929688,145.21158091727293,143.33725507209095,143.97178711441077,55802400
2021-08-30,149.4776153564453,149.83882401907485,145.07490345956626,145.45562564226032,90956700
2021-08-31,148.2183074951172,149.16523456794167,147.69114453920625,149.02856544896787,86453100
2021-09-01,148.8821258544922,151.293371319359,148.71617155840954,149.1945209265185,80313700
2021-09-02,149.9950408935547,151.03959539227287,148.7747752992504,150.20980882981786,71115500
2021-09-03,150.62957763671875,150.95172951907767,149.44835406806936,150.10241459437898,57808700
2021-09-07,152.96270751953125,153.51914078415754,150.71741625258127,151.2836211735212,82278300
2021-09-08,151.4202880859375,153.30437064554417,150.31716343749,153.24580029178898,74420200
2021-09-09,150.40501403808594,152.39648028234163,150.28785845020124,151.79123351222952,57305700
2021-09-10,145.42633056640625,151.7814665359228,145.16274910531013,151.3128888573864,140893200
2021-09-13,145.99253845214844,147.8180505115286,145.21156570783384,147.04684942260073,102404300
2021-09-14,144.59654235839844,147.4763801866019,143.4153339702326,146.7735062300835,109296300
2021-09-15,145.48492431640625,145.8851749521173,142.88819590848047,145.02610332343372,83281300
2021-09-16,145.25062561035156,145.42635157507343,143.71798000246844,144.90896023332135,68034100
2021-09-17,142.58560180664062,145.27995796165817,142.29273506424897,145.27995796165817,129868800
2021-09-20,139.53981018066406,141.39460787991925,137.909537174392,140.37935348466607,123478900
2021-09-21,140.0181427001953,141.16032435989862,139.38361057442205,140.50624891873463,75834000
2021-09-22,142.38055419921875,142.94674416241062,140.28168904837355,141.0138481925674,76404300
2021-09-23,143.33724975585938,143.5813028239796,142.17555476827644,143.1615238009879,64838200
2021-09-24,143.4251251220703,143.96204492535793,142.09747565204063,142.19510285111807,53477900
2021-09-27,141.91201782226562,142.48799456461782,140.39890024168955,142.0096450384804,74150700
2021-09-28,138.53431701660156,141.3067568929059,138.31954907870838,139.8424381686271,108972300
2021-09-29,139.43240356445312,141.0138627120859,138.6514307510702,139.08096654322168,74602000
2021-09-30,138.13406372070312,140.9455603850025,137.91929578685694,140.24268621892764,89056700
2021-10-01,139.2567138671875,139.52029542569983,135.80092800506898,138.5245544569587,94639600
2021-10-04,135.83013916015625,138.82711719595142,134.98083947383594,138.38780987258679,98322000
2021-10-05,137.75331115722656,138.8564357660988,136.04493972017434,136.17185207930245,80861100
2021-10-06,138.6221466064453,138.76857249312508,135.07849119061893,136.15233067899587,83221100
2021-10-07,139.8814697265625,140.78935501402486,139.32503639848235,139.6569450430087,61732700
2021-10-08,139.50071716308594,140.7502675851044,139.16880859069704,140.60384171370225,58773200
2021-10-11,139.4128875732422,141.36531233280488,138.43667519346084,138.88573944232053,64452200
2021-10-12,138.14378356933594,139.84239816609858,137.68496264197734,139.82286975119803,73035900
2021-10-13,137.55809020996094,138.03642474342516,135.88876048394778,137.88024208325538,78762700
2021-10-14,140.34027099609375,140.45742659800283,138.14379338196727,138.7295267040612,69907100
2021-10-15,141.3945770263672,141.453147377337,140.09621296187518,140.35003767716657,67940300
2021-10-18,143.06393432617188,143.347029376178,139.75457479053856,140.03766984054468,85589200
2021-10-19,145.22134399414062,145.62159463310732,143.06392303976392,143.51297237963328,76378900
2021-10-20,145.70947265625,146.1878221446277,144.59659100003023,145.16279603857302,58418800
2021-10-21,145.92422485351562,146.0804224119474,144.35252229936606,145.27016433537898,61421000
2021-10-22,145.1529998779297,146.60754657748723,145.10418628692474,146.129212114762,58883400
2021-10-25,145.1042022705078,145.8168331110648,144.10846150842693,145.14324421012236,50720600
2021-10-26,145.76806640625,147.25189877039264,145.46542800058126,145.77782316934065,60893400
2021-10-27,145.30921936035156,146.16827612937263,144.9577823061733,145.80708231384622,56094900
2021-10-28,148.94073486328125,149.5264533730465,146.15852353048365,146.25615073002083,100077900
2021-10-29,146.23663330078125,146.37330245291255,142.92727357091124,143.718003300801,124953200
2021-11-01,145.4165802001953,146.13896771640327,144.28417043944881,145.44586537540286,74588300
2021-11-02,146.45138549804688,147.96451766703325,145.11396440756303,145.12373606469237,69122000
2021-11-03,147.88641357421875,148.35499132920407,146.25614074482093,146.81257403590004,54511500
2021-11-04,147.3690185546875,148.80403696262286,147.0566234619275,147.97426542713765,60394600
2021-11-05,147.8969268798828,148.79635114627666,146.7042085245969,148.49328605752575,65463900
2021-11-08,147.07571411132812,148.18044870579655,146.80197694204415,148.02402320404659,55020900
2021-11-09,147.43746948242188,148.04359979638906,146.7042415538898,146.84111017051336,56787900
2021-11-10,144.61209106445312,146.77267581374304,144.54366421842147,146.6651351263565,65187100
2021-11-11,144.56320190429688,146.0883134852804,144.37744845730748,145.62883774477925,41000000
2021-11-12,146.63577270507812,147.03659252052734,144.18189439318962,145.11064651980587,63804000
2021-11-15,146.64556884765625,148.483531417499,146.08830852560698,147.00728981052836,59222800
2021-11-16,147.62319946289062,148.102247003654,146.00031832566742,146.58690654221206,59256200
2021-11-17,150.0574951171875,151.5337214852073,147.61340283516802,147.62317383397615,88807000
2021-11-18,154.33958435058594,155.12169711619316,149.62738067059388,150.27262482103686,137827700
2021-11-19,156.95962524414062,157.41911583313842,153.02952027938457,154.12446895909494,117305600
2021-11-22,157.41912841796875,161.99446283900974,157.39957149925132,158.0643575600625,117467900
2021-11-23,157.80039978027344,158.18167763297342,155.5029467463392,157.51687668201387,96041900
2021-11-24,158.3185577392578,158.51408217991857,156.06998937776268,157.15516717862224,69463600
2021-11-26,153.3032684326172,156.8618668141861,152.8633347292546,156.00155632601601,76959800
2021-11-29,156.6565704345703,157.58532267329434,155.2389847402696,155.8060160344783,88748200
2021-11-30,161.60342407226562,161.8185054389282,156.34373142534065,156.41217318635103,174048100
2021-12-01,161.08523559570312,166.4915664393558,160.85059737024878,163.7346232310991,152052500
2021-12-02,160.0978240966797,160.52798674829987,154.27111613625055,155.19009727061072,136739200
2021-12-03,158.2207794189453,161.27101721338744,156.14819360952984,160.35203598315746,118023100
2021-12-06,161.62298583984375,164.12573463510114,160.60623481829575,160.61600581977925,107497000
2021-12-07,167.35191345214844,167.7429772469704,164.57542763792551,165.2988844701773,120405400
2021-12-08,171.16470336914062,172.02502878126478,166.88264814477856,168.2806769394803,116998900
2021-12-09,170.6563262939453,172.79735388590385,170.03063915946248,170.9985052389604,108923700
2021-12-10,175.4369659423828,175.61294836881706,170.78341894665584,171.29179439045112,115402700
2021-12-13,171.80990600585938,178.0570049030749,171.60459570289865,177.06958213379667,153237000
2021-12-14,170.43148803710938,173.76523433574428,168.3589020297747,171.33091243496327,139380400
2021-12-15,175.2903289794922,175.48585340924998,168.4566405154073,171.19402728468987,131063300
2021-12-16,168.4077606201172,177.08918279763162,166.93153397693786,175.27077720416733,150185800
2021-12-17,167.31280517578125,169.59070130648584,165.89523442801953,166.12985777423478,195432700
2021-12-20,165.9539031982422,166.76534380811088,163.71512072913166,164.51677542044033,107499100
2021-12-21,169.1214599609375,169.3267554134747,165.33799395674112,167.72343104614094,91185900
2021-12-22,171.712158203125,171.92723953166936,168.30019977990446,169.17029609354066,92135300
2021-12-23,172.3378448486328,172.89510508509778,171.35043687369296,171.91746810959268,68356600
2021-12-27,176.29727172851562,176.38525547317582,173.11018066452525,173.1297226627458,74919600
2021-12-28,175.28054809570312,177.2749361221624,174.5375492742612,176.1311025117923,79144300
2021-12-29,175.36856079101562,176.5906072567406,174.15628532669507,175.31967594887476,62348900
2021-12-30,174.21490478515625,176.53191454419968,174.10736412193012,175.4565079119385,59773000
2021-12-31,173.5990447998047,175.22191121478994,173.2959647369927,174.10740540326523,64062300
2022-01-03,177.93971252441406,178.79026689432098,173.73588518068755,173.85319685203027,104487900
2022-01-04,175.68141174316406,178.84896181974315,175.11438034514651,178.5458966574974,99310400
2022-01-05,171.00827026367188,176.14086475419518,170.73453308424857,175.59339039534856,94537600
2022-01-06,168.15357971191406,171.3797850968752,167.80162976232634,168.83792269234627,96904000
2022-01-07,168.31979370117188,170.24574016447164,167.20528789803654,169.02369367342152,86709100
2022-01-10,168.3393096923828,168.64237476166727,164.4092049558039,165.29885816519484,106765600
2022-01-11,171.16470336914062,171.26245812752686,166.99997473942338,168.46643037323963,76138300
2022-01-12,171.60462951660156,173.21772467571947,170.91051556767007,172.1814317936139,74805200
2022-01-13,168.3393096923828,172.67023424322653,167.94824595979313,171.8490227811223,84505800
2022-01-14,169.1996612548828,169.89377524696252,167.26392904254132,167.50833831927105,80440800
2022-01-18,166.0027313232422,168.6814466031625,165.621453568634,167.6744818943882,90956700
2022-01-19,162.5126495361328,167.25419656378617,162.2291412735544,166.19834645502328,94815000
2022-01-20,160.83106994628906,165.8854518373375,160.50844792121475,163.24583471657064,91420500
2022-01-21,158.77804565429688,162.61038131219433,158.67050497614542,160.74309086318223,122848900
2022-01-24,158.00572204589844,158.67052310978175,151.24047430258736,156.44151145113545,162294600
2022-01-25,156.2068328857422,159.1201868610098,153.50856023591945,155.424720331175,115798400
2022-01-26,156.11886596679688,160.7137572085088,154.29068942101793,159.84366081362626,108275300
2022-01-27,155.65936279296875,160.17604091465265,154.7403816352541,158.817126094803,121954600
2022-01-28,166.52090454101562,166.5404614570555,159.15929945417386,162.00422657695262,179935700
2022-01-31,170.8714141845703,171.0864955438015,165.71926239899202,166.35473547583268,115541600
2022-02-01,170.7052459716797,170.93009836904955,168.45667724529795,170.1186576369502,86213900
2022-02-02,171.90771484375,171.94682868403083,169.45385093947993,170.84209391826516,84914300
2022-02-03,169.033447265625,172.29876649074853,168.27089152715305,170.57811566132818,89418100
2022-02-04,168.74957275390625,170.42346859121156,167.0756769166009,168.05455952783922,82465400
2022-02-07,168.03500366210938,170.2766384169295,167.33999039041194,169.20965988540354,77251200
2022-02-08,171.1380615234375,171.64708470161528,167.8098514342005,168.10351922686326,74829200
2022-02-09,172.5574188232422,172.9196005956565,171.20655609241282,172.33228001362485,71285000
2022-02-10,168.4852752685547,171.7743215374217,167.92731993059743,170.4626223841964,90865900
2022-02-11,165.07875061035156,169.4249914689082,164.4914151129285,168.69082956541044,98670700
2022-02-14,165.31370544433594,165.99892030677,163.04269054419584,163.83558309476697,86185500
2022-02-15,169.14109802246094,169.29772280484622,166.6547430824804,167.35953966665278,62527400
2022-02-16,168.90618896484375,169.67949961629867,166.4589825612284,168.22097415914394,61177400
2022-02-17,165.31370544433594,168.27971865617212,164.91235997613748,167.4182971510757,69589300
2022-02-18,163.76705932617188,166.93862933962222,162.68049906023276,166.23384762062662,82772700
2022-02-22,160.84999084472656,163.16993775264925,158.72580252665216,161.4960419882263,91162800
2022-02-23,156.6897735595703,162.64136771002168,156.3765239008277,162.04424861753867,90009200
2022-02-24,159.3033905029297,159.411068207212,148.79018396900835,149.35793777917277,141147500
2022-02-25,161.36880493164062,161.6330924831591,157.47284137265066,160.38012393186045,91974200
2022-02-28,161.63311767578125,161.92678549313706,158.99992064321486,159.61662156600548,95056600
2022-03-01,159.753662109375,163.08187242749526,158.54964050687724,161.2219862371019,83474400
2022-03-02,163.04269409179688,163.82580321014547,159.50892707803538,160.91852050375005,79724800
2022-03-03,162.71969604492188,165.34310991558115,162.05406285981815,164.91239906095296,76678400
2022-03-04,159.7242889404297,162.0540345545001,158.67689221468046,161.01642127862274,83737200
2022-03-07,155.93601989746094,161.5352302369313,155.68150083148916,159.91028134097652,96418800
2022-03-08,154.1152801513672,159.44040392728598,152.50991327214726,155.46614292973925,131148300
2022-03-09,159.5089111328125,159.959203685233,156.04367342146804,158.06995256595388,91454900
2022-03-10,155.17245483398438,157.00296029096637,152.6860849715575,156.81697023000987,105342000
2022-03-11,151.46250915527344,155.91642822664025,151.23737032666907,155.57381332247203,96970100
2022-03-14,147.43934631347656,150.8654366655289,146.93033792978673,148.25182096078007,108732100
2022-03-15,151.81488037109375,152.2847547162285,147.204352250739,147.7133603864597,92964300
2022-03-16,156.2198944091797,156.6212399212536,151.19823606106897,153.73353879751855,102300200
2022-03-17,157.22811889648438,157.60009906528276,154.30126947324382,155.2605702418383,75615400
2022-03-18,160.5172119140625,161.0066533584347,156.38632492863587,157.12048709519416,123511700
2022-03-21,161.8876190185547,162.83713639325782,159.56765695852218,160.05709828830467,95811400
2022-03-22,165.25497436523438,165.84229498697943,161.42753966012307,162.01486028186812,81532000
2022-03-23,166.6156005859375,168.9942779440516,164.1096487837443,164.44248019289995,98062700
2022-03-24,170.39413452148438,170.4626485498089,166.6156463524789,167.44768776251115,90131400
2022-03-25,171.03038024902344,171.57855215101324,169.1019802060181,170.20812239603873,80546200
2022-03-28,171.89183044433594,172.01907505501657,168.3678462915148,168.53425457976377,90371900
2022-03-29,175.18084716796875,175.22977935165113,172.6161644453855,172.95877935054617,100589400
2022-03-30,174.01597595214844,175.81711647524634,172.96856432856262,174.77950323773482,92633200
2022-03-31,170.92269897460938,174.27047582290578,170.7171270473916,174.08448573079536,103049300
2022-04-01,170.6290283203125,171.18699858724577,168.30908127405286,170.35494237968112,78751300
2022-04-04,174.67181396484375,174.72076108227714,170.75628355518236,170.8835430731966,76468400
2022-04-05,171.3632049560547,174.53479031608524,170.73672061862993,173.7516811601631,73401800
2022-04-06,168.20143127441406,169.96342328033663,166.53733352192953,168.72023795719042,89058800
2022-04-07,168.50486755371094,169.69910564386342,166.26323274049562,167.54556668896316,77594700
2022-04-08,166.4981231689453,168.15243700693318,165.6269183292227,168.15243700693318,76575500
2022-04-11,162.2498321533203,165.46056670176083,162.00511144117354,165.14733195722772,72246700
2022-04-12,164.11944580078125,166.28276779117587,163.12098145475815,164.4718441031093,79265200
2022-04-13,166.8015594482422,167.4280436035417,163.24822639803168,163.85512872257044,70618900
2022-04-14,161.7995147705078,167.6532440657547,161.55479409572018,167.01696134936807,75329400
2022-04-18,161.58416748046875,163.08185675186522,160.11584349387897,160.45844346214486,69023900
2022-04-19,163.8649444580078,164.2760883021938,160.44865367684753,161.53521398147984,67723800
2022-04-20,163.69854736328125,165.31371275678185,162.59242008519655,165.19623667762264,67929800
2022-04-21,162.9056396484375,167.90773030576432,162.40641490220864,165.34306268686478,87227800
2022-04-22,158.37342834472656,164.3250370614869,158.08955892864606,162.94482378114378,84882400
2022-04-25,159.44039916992188,159.72426854560663,155.113739965227,157.71755627231695,96046400
2022-04-26,153.48880004882812,158.91180327087787,153.41048764569481,158.82370741856425,95623200
2022-04-27,153.26365661621094,156.41564486229873,152.0987839265491,152.61759051221244,88063200
2022-04-28,160.18435668945312,161.04577820352466,155.57381282317428,155.88706244158715,130216800
2022-04-29,154.32086181640625,162.6903124384376,153.9293146853147,158.42238298865084,131747600
2022-05-02,154.6243133544922,154.88860092145774,150.0333512355366,153.4007100151784,123055300
2022-05-03,156.11221313476562,157.31624964341847,153.01895506893698,154.81029731534235,88966500
2022-05-04,162.51409912109375,162.964376768375,155.8968429541357,156.29818841895514,108256500
2022-05-05,153.4594268798828,160.61505617925764,151.6778534074066,160.38991736716943,130525300
2022-05-06,154.18487548828125,156.3023722983105,151.14587460582203,152.93986371222095,116124600
2022-05-09,149.06761169433594,152.76342612282588,148.5088364921623,151.88112823098254,131577900
2022-05-10,151.46937561035156,153.65550196924158,149.92046680625165,152.45950928453797,115366700
2022-05-11,143.6170196533203,152.3908891933398,142.94059580220576,150.4792663261752,142689800
2022-05-12,139.75454711914062,143.32291464808353,136.06854586723028,139.9604210928437,182602000
2022-05-13,144.21499633789062,145.18551933414366,140.29371306035543,141.74458368466105,113990900
2022-05-16,142.67587280273438,144.61691862288893,141.34263600841436,142.68568558350242,86643800
2022-05-17,146.30311584472656,146.82268479374127,143.79348144376362,145.9305890667493,78336300
2022-05-18,138.0487823486328,144.46007380411618,137.14687404841018,143.96011558077154,109742900
2022-05-19,134.6470947265625,138.87227582415818,133.91185397987616,137.1273056487035,136095600
2022-05-20,134.88233947753906,137.93113785871375,130.00034593006458,136.3528207232791,137426100
2022-05-23,140.29373168945312,140.44077384848245,134.94117272312687,135.07841705772444,117726300
2022-05-24,137.59786987304688,139.176187438702,134.6274981436638,138.03901137531423,104132700
2022-05-25,137.7546844482422,138.99968110716551,135.61757730341805,135.70580258630076,92482700
2022-05-26,140.95050048828125,141.49947765357643,134.4411720339845,134.68625219409884,90601500
2022-05-27,146.69520568847656,146.73441193920726,142.4013957458045,142.5288422380691,90978500
2022-05-31,145.9109649658203,147.69515625482543,143.95032308788612,146.13644955191023,103718400
2022-06-01,145.78353881835938,148.75391017683245,144.773794451972,146.95010821381516,74286600
2022-06-02,148.23435974121094,148.29317661370146,143.9699569834941,144.92086964479174,72348100
2022-06-03,142.51907348632812,145.05810131692076,141.61717995046743,144.0091506541789,88570300
2022-06-06,143.2640838623047,145.6462712304333,142.0484806619193,144.13656879270374,71598400
2022-06-07,145.78353881835938,146.06782531945106,141.26425852389363,141.50933876771822,67808200
2022-06-08,145.0482635498047,146.92066479832334,144.5581031788664,145.6560576230458,53950200
2022-06-09,139.8329620361328,145.03846322934638,139.7251261469218,144.1855888973648,69473000
2022-06-10,134.431396484375,137.98995082700978,134.36276684809005,137.51940103001422,91437900
2022-06-13,129.28468322753906,132.53933978353803,128.85333977780914,130.2551910309264,122207100
2022-06-14,130.14739990234375,131.25516732822615,128.89259032192393,130.5101288143863,84784300
2022-06-15,132.76486206054688,134.63727870714717,129.55922325217023,131.64729675078482,91533000
2022-06-16,127.50054931640625,129.78469908531477,126.50061768881059,129.48080196283757,108123900
2022-06-17,128.9710235595703,130.4611156124141,127.25546187351353,127.5103548974603,134520300
2022-06-21,133.19618225097656,134.36276639582726,130.6963761788774,130.7943992837295,81000500
2022-06-22,132.68641662597656,135.04897821391006,131.2747523831488,132.1374244527046,73409200
2022-06-23,135.5489959716797,135.86269092971577,132.96094899420544,134.1275334387869,72433800
2022-06-24,138.87225341796875,139.117333627322,137.01944763359853,137.1468791706762,89116800
2022-06-27,138.87225341796875,140.66624234545563,138.19582964679236,139.89178050713437,70207900
2022-06-28,134.73532104492188,140.59763645444562,134.61768731128618,139.33302894232776,67083400
2022-06-29,136.4900665283203,137.90173093297278,133.98044756827542,134.75490940956817,66242400
2022-06-30,134.02947998046875,135.64700354645933,131.13753620204082,134.5490488814723,98964500
2022-07-01,136.19598388671875,136.3038197907336,132.9903451154339,133.36285690870372,71051600
2022-07-05,138.77423095703125,138.82324999611623,134.23534018265374,135.05882114715405,73353800
2022-07-06,140.1074676513672,141.28384979355582,138.30368070277723,138.5683715462856,74064300
2022-07-07,143.47000122070312,143.66606245207848,140.46040821637013,140.47020604245932,66253700
2022-07-08,144.1463623046875,144.646335480772,142.14651447587394,142.4013924960781,64547800
2022-07-11,142.01907348632812,143.7542455393016,140.95052737444695,142.8033331399919,63141600
2022-07-12,142.9895782470703,145.5286052761855,142.19552087150592,142.89154019342988,77588800
2022-07-13,142.6268768310547,143.5679764107693,139.32318560371215,140.1760748610569,71185600
2022-07-14,145.54824829101562,146.01879814456234,140.4309718883509,141.244640047542,78140700
2022-07-15,147.21475219726562,147.8911758482325,145.2835192940871,146.83242773695906,76259900
2022-07-18,144.17578125,148.58722466683977,143.81305239727462,147.77355664160174,81420900
2022-07-19,148.0284881591797,148.25395782693252,144.0189783944477,145.0090973341563,82982400
2022-07-20,150.02833557128906,150.69496170219924,147.41088001170658,148.14612084165154,64823400
2022-07-21,152.29286193847656,152.50853373902038,148.94996398855773,151.45958316742,65086600
2022-07-22,151.05764770507812,153.20455292364784,150.3910366563313,152.33206789895848,66675400
2022-07-25,149.94007873535156,151.9889458272938,149.28326552705713,150.97921649648936,53623900
2022-07-26,148.61666870117188,150.07733740905365,147.8324089141252,149.26366918886245,55138700
2022-07-27,153.70449829101562,154.23387992265205,149.16562296270044,149.57735592146827,78620700
2022-07-28,154.2534942626953,154.53778073211737,151.37134852302864,153.8907653704556,81378700
2022-07-29,159.31192016601562,160.40988958103017,156.36116008489938,158.0669235799792,101786900
2022-08-01,158.3316192626953,160.3706884793457,157.72382510643268,157.84145882480365,67829400
2022-08-02,156.86114501953125,159.21392420256825,156.48863324172908,156.94938527079637,59907000
2022-08-03,162.86070251464844,163.3116417148104,157.58657171952117,157.67479700322565,82507500
2022-08-04,162.54702758789062,163.89987539598906,161.19417977979222,162.7430888021846,55474100
2022-08-05,162.32125854492188,162.81209994967907,160.01429795084667,160.2204579317327,56697000
2022-08-08,161.8500213623047,164.7361708864107,161.19229575323052,163.32254540690658,60276900
2022-08-09,161.89907836914062,162.78260161908204,160.2596703687026,161.01557009848563,63135500
2022-08-10,166.13998413085938,166.23814341245296,163.8428352480907,164.60854654925055,70170500
2022-08-11,165.40370178222656,167.85790820975464,165.10919401506573,166.9449356294848,57149200
2022-08-12,168.9475860595703,169.01629605421468,166.29703098384923,166.70935086886797,68039400
2022-08-15,170.01759338378906,170.21392688656005,168.21130119143814,168.37818541775778,54091700
2022-08-16,169.8605194091797,170.52807128910433,168.5156191962962,169.61509878760032,56377100
2022-08-17,171.35269165039062,172.92337473871223,169.40896440067246,169.6052979143018,79542000
2022-08-18,170.96002197265625,171.6962839363271,169.94889007422466,170.56735491708034,62290100
2022-08-19,168.3782196044922,170.55755638009072,168.17205964818893,169.86055507755876,70346300
2022-08-22,164.5005645751953,166.74861119438174,164.07843325743647,166.58172694573366,69026800
2022-08-23,164.16680908203125,165.61971039901564,163.59743126526018,164.01956265497435,54147100
2022-08-24,164.46128845214844,165.03066617037743,163.2047358944321,164.25514348994625,53841500
2022-08-25,166.9154815673828,167.02346724627097,165.2662620854037,165.688378388784,51218200
2022-08-26,160.62290954589844,167.91681938586046,160.56401098389765,167.44561591056575,78961000
2022-08-29,158.4239959716797,159.9161432395758,156.89257299819576,158.19819811278168,73314000
2022-08-30,155.9991912841797,159.58232691391927,154.83098655063566,159.1602105704912,77906200
2022-08-31,154.34017944335938,157.6386344306703,154.26164301755534,157.3735758659932,87991100
2022-09-01,155.06658935546875,155.5181549609377,151.83684522830168,153.77076113952282,74229900
2022-09-02,152.9559783935547,157.4226376540656,152.13136852434044,156.82381061062185,76957800
2022-09-06,151.6994171142578,154.21252227519972,150.87480729194033,153.60388383195894,73714800
2022-09-07,153.10321044921875,153.80019664109167,150.7962505650505,151.98409298992328,87449600
2022-09-08,151.6306915283203,153.49588236025656,149.88328282837716,151.80738719524012,84923800
2022-09-09,154.48741149902344,154.92918072545984,151.91540745534934,152.62222024249937,68028800
2022-09-12,160.43638610839844,161.25118449428555,156.38204700518378,156.66672837890903,104956000
2022-09-13,151.0220184326172,157.5992875869502,150.5606265013506,156.97101144341687,122656600
2022-09-14,152.4651336669922,154.22235404144755,150.79627611743592,151.95465448242936,87965400
2022-09-15,149.5789794921875,152.3964188629796,148.60712326254628,151.81721471946022,90481100
2022-09-16,147.93955993652344,148.57766259301448,145.65223775657734,148.44022763272653,162278800
2022-09-19,151.6503143310547,151.7288507316376,146.36887246061372,146.57501740526791,81474200
2022-09-20,154.02598571777344,155.1843789131033,150.2759661753886,150.5900968013731,107689800
2022-09-21,150.9042510986328,155.83230196535132,150.78645397951445,154.4579373320565,101696800
2022-09-22,149.94219970703125,151.6405063427645,148.14571882351763,149.58879338602387,86652500
2022-09-23,147.67453002929688,148.69548848555903,145.83878806603744,148.42061851178616,96029900
2022-09-26,148.00827026367188,150.95331767501642,146.898964278694,146.91860212230296,93339400
2022-09-27,148.98011779785156,151.8859043349913,147.20327502469917,149.94217734892632,84442700
2022-09-28,147.09530639648438,147.8806554147203,142.18689375661808,144.93560783080054,146691400
2022-09-29,139.87013244628906,144.03247205665744,138.1031007730531,143.42383363893248,128138200
2022-09-30,135.66851806640625,140.4787712884576,135.47218456289696,138.69210195416497,124925300
2022-10-03,139.84066772460938,140.44932105441077,135.16786446408517,135.67834355315813,114311700
2022-10-04,143.42384338378906,143.5416405102459,141.61753589548164,142.37343574191996,87830100
2022-10-05,143.7183380126953,144.68039782185656,140.39043433471556,141.43103055560152,79471000
2022-10-06,142.76608276367188,144.8374334955695,142.5599378213271,143.13912691743977,68402200
2022-10-07,137.52392578125,140.47880029356153,136.8956494527264,139.9290453992253,85925600
2022-10-10,137.8478546142578,139.2909290851068,136.0317509799681,137.8478546142578,74899000
2022-10-11,136.43426513671875,138.76086345268553,135.68819163523887,137.33741147407548,77033700
2022-10-12,135.8059844970703,137.78898779453903,135.62928879673916,136.58152223774053,70433700
2022-10-13,140.3708038330078,140.9598044199806,131.90868942611982,132.5173428390662,113224000
2022-10-14,135.84524536132812,141.87277603175662,135.65872326737428,141.66661609125816,88598000
2022-10-17,139.80142211914062,140.282437004532,137.7006219624551,138.48597103526853,85250900
2022-10-18,141.11683654785156,144.01279645854203,138.03435459564724,142.82496921408597,99136600
2022-10-19,141.224853515625,142.2948839097448,138.9080820775627,139.09460416043055,61758300
2022-10-20,140.76348876953125,143.21769564184982,140.03703814278057,140.4002709458009,64522000
2022-10-21,144.57241821289062,145.14179598739213,140.03703386545854,140.2530052619691,86548600
2022-10-24,146.7124481201172,147.47815927955588,143.32564645655586,144.49385104011358,75981900
2022-10-25,149.54949951171875,149.69676086548404,146.62409003086213,147.34071401880695,74732300
2022-10-26,146.61428833007812,149.20592954793565,145.32827166402765,148.19479776463467,88194300
2022-10-27,142.14764404296875,146.31979510961392,141.48991849585923,145.35775035197634,109180200
2022-10-28,152.8872528076172,154.61500878306214,145.11232844918345,145.4853576495381,164762400
2022-10-31,150.53118896484375,151.4147121907347,149.1372016307876,150.35449330723716,97943200
2022-11-01,147.89048767089844,152.60256746450293,146.39834080336652,152.23934967138234,80379300
2022-11-02,142.37344360351562,149.3826576212183,142.34399432027527,146.22163806624556,93604600
2022-11-03,136.33607482910156,140.18426855678922,136.20845130657773,139.45781809061094,97918500
2022-11-04,136.07058715820312,140.28898493787645,132.1373429796548,139.71866273149064,140814800
2022-11-07,136.60157775878906,136.8277351131925,133.40581664759068,134.82178704829124,83374600
2022-11-08,137.171875,139.06965789658196,135.19542542837,138.06669154902085,89908500
2022-11-09,132.61915588378906,136.23774833279379,132.3438299914245,136.18857977969958,74917800
2022-11-10,144.4188995361328,144.4188995361328,137.171901375878,138.88286812786214,118854000
2022-11-11,147.20166015625,147.50648417895965,141.96061049585242,143.38642351170455,93979700
2022-11-14,145.80535888671875,147.77198095425382,144.96953850636208,146.48384590068005,73374100
2022-11-15,147.53598022460938,151.02673737922098,146.08068410249945,149.67960607049233,89868300
2022-11-16,146.30682373046875,147.36880131400713,144.83185736513215,146.6411608430867,64218300
2022-11-17,148.2046356201172,148.9519465811487,143.71089713297823,143.98622301357588,80389400
2022-11-18,148.76513671875,150.15160903599656,147.46717380781297,149.76811828911318,74829600
2022-11-21,145.53985595703125,147.86047052115927,145.25470236836378,147.65398361312236,58724100
2022-11-22,147.6736602783203,147.909660354169,144.47789906303868,145.65788443814483,51804100
2022-11-23,148.548828125,149.29613922514196,146.84768896962234,146.95585380028717,58301400
2022-11-25,145.63819885253906,146.3953525551104,144.66471552066162,145.8348580598712,35195900
2022-11-28,141.8131103515625,144.19272111621666,140.9871327315936,142.7177546502144,69246000
2022-11-29,138.81402587890625,142.39327767480953,138.007718580844,141.8819517027843,83763800
2022-11-30,145.55953979492188,146.23802684928043,138.2043770255708,139.04018245155586,111380900
2022-12-01,145.83485412597656,146.64117635966434,144.1632284025417,145.7365320270306,71250400
2022-12-02,145.34320068359375,145.53003217962117,143.21924526160134,143.52408428382984,65447400
2022-12-05,144.1829071044922,148.4013049961633,143.33725898348703,145.3038811249747,68826400
2022-12-06,140.52500915527344,144.84174478338647,139.55152565219004,144.61558740538712,64727200
2022-12-07,138.587890625,140.97732977170875,137.663575645007,139.817029693259,69721100
2022-12-08,140.26930236816406,141.1247931057231,138.7451823842777,139.98414879173407,62128300
2022-12-09,139.7874755859375,143.14056922258405,138.54849429856367,139.9644643389149,76097000
2022-12-12,142.07864379882812,142.08847150955347,138.70587850686456,140.31850830999085,70462700
2022-12-13,143.04229736328125,147.46719825510277,141.8328286540092,147.00504073940357,93886200
2022-12-14,140.81996154785156,144.21238117508022,138.80417118832523,142.92424628798724,82291200
2022-12-15,134.22193908691406,139.43348990576752,133.7597817593244,138.7550029778536,98931900
2022-12-16,132.2651824951172,135.35277902524194,131.4982009688156,134.4088086870883,160156900
2022-12-19,130.160888671875,132.94366095306307,129.12842399506934,132.85516655290323,79592600
2022-12-20,130.09207153320312,131.02621414919912,127.72228799900502,129.19725476241064,77432800
2022-12-21,133.1894989013672,134.52680273214906,130.53456166494178,130.7607190395491,85928000
2022-12-22,130.02325439453125,132.31437161912214,128.1254707087497,132.10788463987004,77852100
2022-12-23,129.6593780517578,130.21002976434445,127.47642661676507,128.73506338957282,63814900
2022-12-27,127.85995483398438,129.2169290987198,126.57181955561124,129.18743096288975,69007800
2022-12-28,123.93651580810547,128.84323545768694,123.76935474336571,127.50593193563417,85438400
2022-12-29,127.44696807861328,128.30244404039559,125.59834568207035,125.8540011982905,75703700
2022-12-30,127.7615966796875,127.78126710171549,125.30332657301084,126.26697469654857,77034200
2023-01-03,122.98271179199219,128.71540946850325,122.09773035328112,128.10576142344397,112117500
2023-01-04,124.25120544433594,126.51282423450827,122.99256829233606,124.77235918676689,89113600
2023-01-05,122.93354797363281,125.63765344479737,122.67789249421179,125.0083349534918,80962700
2023-01-06,127.45677947998047,128.115596113896,122.80572219640975,123.907033324828,87754700
2023-01-09,127.97792053222656,131.18352399196448,127.72226507394718,128.29258725392592,70790800
2023-01-10,128.5482635498047,129.06941726347972,125.98182082594903,128.08610610497774,63896200
2023-01-11,131.26219177246094,131.28184718963053,128.28276062052532,129.05956971451124,69458900
2023-01-12,131.18350219726562,132.01930740516633,129.24637865052426,131.64565949039473,71379600
2023-01-13,132.51101684570312,132.66835024455597,129.46276101465787,129.82658137088367,57809700
2023-01-17,133.67132568359375,134.99878678874634,131.89153482883353,132.57984966159466,63646600
2023-01-18,132.9534912109375,136.29674271738915,132.7764874230637,134.53662257229425,69672800
2023-01-19,133.0124969482422,133.9761376268957,131.53753029546903,131.84235433638028,58280400
2023-01-20,135.569091796875,135.71659745917918,131.98001240951498,133.02231973826562,80223600
2023-01-23,138.75503540039062,140.92815961902411,135.59860004292767,135.81492969380113,81760300
2023-01-24,140.15130615234375,140.77079684177573,137.9585269717819,137.9683546796287,66435100
2023-01-25,139.4925079345703,140.0529874380773,136.49340619294276,138.53869500355867,65799300
2023-01-26,141.55746459960938,141.8426182007582,139.53183124401355,140.78064047196506,54105100
2023-01-27,143.49459838867188,144.77290596887224,140.69217042868402,140.7708371263728,70555800
2023-01-30,140.6134796142578,143.12092578303154,140.46598895897412,142.54077586673455,64015300
2023-01-31,141.88194274902344,141.93111130163894,139.9054929686203,140.31848180314623,65874500
2023-02-01,143.0029296875,144.16324461699494,138.961535368266,141.56730384751015,77663600
2023-02-02,148.30296325683594,148.65694079146772,145.69718026187857,146.4149930473278,118339000
2023-02-03,151.92152404785156,154.75346405472618,145.36284257715545,145.55950174338113,154357300
2023-02-06,149.19778442382812,150.54493079230497,148.26364190831887,150.02377712562708,69858300
2023-02-07,152.06903076171875,152.63935290701122,148.12595929659778,148.12595929659778,83322600
2023-02-08,149.3845977783203,152.00020850727236,148.64711456554969,151.31189384284664,64120100
2023-02-09,148.35211181640625,151.75437415824857,147.90962490884843,151.21355015828513,56007100
2023-02-10,148.71649169921875,149.04148154329528,146.9536843926681,147.1900447411898,57450700
2023-02-13,151.51339721679688,151.91715888947925,148.62788900472555,148.65743217523777,62199000
2023-02-14,150.87327575683594,151.4346261088162,148.568818055862,149.80967642706798,61707600
2023-02-15,152.97091674804688,153.13833305811258,150.5581292969133,150.78463194852628,65573800
2023-02-16,151.37551879882812,153.95572244720177,151.02098573800205,151.17854429955682,68167900
2023-02-17,150.233154296875,150.6763169294936,148.55897600306773,150.03619479649413,59144100
2023-02-21,146.22496032714844,149.00213887625634,146.15603126407484,147.9188390818426,58867200
2023-02-22,146.64842224121094,147.67262055430007,144.9250004924314,146.60902132895072,51011300
2023-02-23,147.13096618652344,148.05669224456878,145.00378282832062,147.81048914517564,48394200
2023-02-24,144.48184204101562,144.9545478123535,143.50687229977612,144.87576101262292,55469600
2023-02-27,145.67344665527344,146.90446214048941,145.21058363066865,145.46664446890208,44998500
2023-02-28,145.17120361328125,146.8158385647427,144.6000106018143,144.8166705381309,50547000
2023-03-01,143.10305786132812,144.9938954752606,142.80761119698582,144.59997660749858,55479000
2023-03-02,143.6939697265625,144.48182259076125,141.71448733904464,142.18720807379,52238100
2023-03-03,148.7362060546875,148.8149928448926,145.0924034132026,145.79161175732688,70732300
2023-03-06,151.4936981201172,153.92618602775224,151.1293223291666,151.4542972077173,87558000
2023-03-07,149.2975616455078,151.69064849711955,148.83469862838186,151.3656586110283,56182000
2023-03-08,150.5482940673828,151.1391876253047,149.52409559763862,150.4892077170001,47204800
2023-03-09,148.30288696289062,152.19289270805663,147.9483539187185,151.22778082054958,53833600
2023-03-10,146.24462890625,148.64757336129242,145.3681465462101,147.92866457828165,68572400
2023-03-13,148.1847381591797,150.81418573238946,145.45680332509693,145.56513330123872,84457100
2023-03-14,150.2725372314453,151.07023295988367,147.82036369988242,148.98243524821328,73695900
2023-03-15,150.66647338867188,150.92251923505987,147.64309172837056,148.89380784086057,77167900
2023-03-16,153.48301696777344,154.08375312665916,149.33695019463687,149.84905684492745,76161100
2023-03-17,152.6459503173828,154.35952962100535,151.9368840556802,153.70954970993674,98944600
2023-03-20,155.00946044921875,155.4230948668754,151.80882025865256,152.71486085947325,73641400
2023-03-21,156.86094665527344,156.97911935630492,154.16255477435743,154.93072241220443,73938300
2023-03-22,155.43292236328125,159.67746084227036,155.41322191031108,156.8805976022137,75701800
2023-03-23,156.51622009277344,159.09643867673987,155.28520465118157,156.41774787367245,67622100
2023-03-24,157.81619262695312,157.90482213956633,155.45264879499626,156.44730394409444,59196500
2023-03-27,155.87611389160156,158.32830230982592,155.47233717929535,157.5109061704178,52390300
2023-03-28,155.25564575195312,156.08289946543738,153.61101109186916,155.57079288605044,45992200
2023-03-29,158.32827758789062,158.60402382956926,156.92984592593675,156.94953135245441,51305700
2023-03-30,159.89413452148438,160.0024644815908,158.82069266127598,159.07673846378026,49501700
2023-03-31,162.3955841064453,162.49407137264149,159.4510041879724,159.97295363930863,68749800
2023-04-03,163.64625549316406,163.76442815863666,161.7258745440201,161.775118163648,56976200
2023-04-04,163.114501953125,164.3061166832112,162.60239523685718,164.06977129650792,46278300
2023-04-05,161.27288818359375,162.54330471265868,159.34266411557562,162.2380152446489,51511700
2023-04-06,162.15921020507812,162.45465692468338,159.5396056660462,159.96306777674639,45390100
2023-04-10,159.56915283203125,159.56915283203125,157.64877164706385,158.96841666370352,47716900
2023-04-11,158.35781860351562,159.89412336543904,158.0722146254148,159.88428065231392,47644200
2023-04-12,157.66848754882812,159.59871163720814,157.35334033527027,158.77147274218814,50133100
2023-04-13,163.04554748535156,163.28190788405584,158.96842452673738,159.1752417539843,68445600
2023-04-14,162.7008514404297,163.79399372639534,161.33196290458474,162.09025757823102,49386500
2023-04-17,162.72055053710938,162.8781241294329,161.53877864877254,162.5826774005875,41516200
2023-04-18,163.9416961669922,164.86742208466634,163.1341429104535,163.57732044379625,49923000
2023-04-19,165.0841064453125,165.60605581206516,163.0258371209191,163.28189796071484,47720200
2023-04-20,164.1189727783203,165.3204450523275,163.04553091898333,163.56748026442403,52456400
2023-04-21,162.5137481689453,163.9220227028112,161.991798793606,162.5432913390932,58337300
2023-04-24,162.8190460205078,163.0849495926161,161.40091367199096,162.49405610505224,41949600
2023-04-25,161.28274536132812,163.78416246885476,161.24334444666383,162.68117729099055,48714100
2023-04-26,161.27288818359375,162.7698073781101,160.32747660698578,160.58352244501583,45498800
2023-04-27,165.85227966308594,165.99999552987848,162.68118215487013,162.68118215487013,64902300
2023-04-28,167.10293579101562,167.27036709773776,165.33028575815172,165.9310218332577,55275900
2023-05-01,167.01434326171875,167.86128258741087,166.07877442017465,166.70905380019818,52472900
2023-05-02,165.98028564453125,167.76280882251325,164.9954731830596,167.50674796522142,48425700
2023-05-03,164.90684509277344,168.32414556576836,164.6212560883793,166.925713661642,65136000
2023-05-04,163.27207946777344,164.50309525641927,161.81456098159026,162.38575411076772,81235400
2023-05-05,170.93389892578125,171.65280778469676,168.1665634032941,168.38322333782398,113453200
2023-05-08,170.8649444580078,171.20963479482143,169.49605587870553,169.86043164324718,55962800
2023-05-09,169.16122436523438,170.90433143409618,168.99380806621033,170.42178299192224,45326900
2023-05-10,170.92405700683594,171.38692008917508,169.28926463206565,170.3922648627901,53724500
2023-05-11,171.1111602783203,171.93839911576495,169.5551548305296,171.20964753246403,49514700
2023-05-12,170.18414306640625,171.6535334613317,168.63584185680983,171.2196142676148,45533100
2023-05-15,169.69105529785156,170.81529363826058,169.09934457223466,170.76598190315437,37266700
2023-05-16,169.69105529785156,170.74625419954612,169.42478396654107,169.61215953124739,42110300
2023-05-17,170.30250549316406,170.53917778241149,168.06388478776768,169.3360585337975,57951600
2023-05-18,172.6298370361328,172.81721258554498,170.1939849894296,170.60817644442238,65496700
2023-05-19,172.73834228515625,173.9513327998332,172.5213826746833,173.9513327998332,55809500
2023-05-22,171.79159545898438,172.2945540862593,171.05196458153654,171.57463586444004,43570900
2023-05-23,169.1881103515625,170.9829553293692,168.9119826700276,170.7364116817252,50747300
2023-05-24,169.46421813964844,170.03620114077688,168.16247565777167,168.7245872835419,45143500
2023-05-25,170.598388671875,171.49579632773333,169.31635838771984,170.0264054667032,56058300
2023-05-26,173.00457763671875,173.33988838819255,170.7166607230928,170.92376397994929,54835000
2023-05-30,174.84877014160156,176.51540772383512,174.1288668535482,174.51347436884586,55964400
2023-05-31,174.7994384765625,176.87041104464083,174.3162075312564,174.87833424607143,99625300
2023-06-01,177.6001739501953,177.62975798334406,174.4838587106697,175.24321733975688,68901800
2023-06-02,178.44830322265625,179.26683000310032,176.7816656255451,178.52719900186148,61996900
2023-06-05,177.09722900390625,182.39298156722955,175.57851175717974,180.10506441660397,121946500
2023-06-06,176.7323760986328,177.62978364684957,174.97697127382227,177.48186345973468,64848400
2023-06-07,175.361572265625,178.70470351330488,174.8684849721747,175.97299569419778,61944600
2023-06-08,178.0735626220703,178.33981894141047,175.0065588784877,175.44046308150416,50214900
2023-06-09,178.45816040039062,179.71059129506313,178.13272098000036,178.99068805786467,48900000
2023-06-12,181.24903869628906,181.34766218390052,178.468033910057,178.76388932505995,54274900
2023-06-13,180.77566528320312,181.60404834381112,179.91769818813273,180.2727216495119,54929100
2023-06-14,181.4068145751953,181.84073380664427,179.50350482104812,180.83483150172444,57462900
2023-06-15,183.43832397460938,183.94128262941163,181.23915892536104,181.41667817053525,65433200
2023-06-16,182.36341857910156,184.4048073735327,181.7224110612984,184.14839232814637,101256200
2023-06-20,182.45213317871094,183.52707478677846,181.86043752572817,181.86043752572817,49799100
2023-06-21,181.41668701171875,182.84663717983523,180.0656175699355,182.34367850052172,49515700
2023-06-22,184.41465759277344,184.46396933431626,181.13069423738702,181.19973368511316,51245300
2023-06-23,184.09909057617188,184.96692915011988,182.45218058994394,182.9847233686237,53117000
2023-06-26,182.7085723876953,185.4501365723536,182.6691169769034,184.24700235631448,48088700
2023-06-27,185.45997619628906,185.78541559077308,183.10301971608257,183.31997931240525,50730800
2023-06-28,186.633544921875,187.27455239917202,185.00636283468697,185.33178721386028,51216800
2023-06-29,186.9688262939453,187.4422009047134,186.32781886596203,186.4658826988121,46347300
2023-06-30,191.2882843017578,191.79122791985353,188.6157445714927,188.98063939826477,85213200
2023-07-03,189.79916381835938,191.19952989799955,189.10882958307744,191.10090642215079,31458200
2023-07-05,188.684814453125,190.31199675191496,187.98462376800288,188.92150180749704,46920300
2023-07-06,189.15817260742188,189.36527592182694,186.58425595947688,187.21540718494302,45094300
2023-07-07,188.04376220703125,190.0062550438309,187.60985803081866,188.7636804868427,46815000
2023-07-10,186.0023956298828,187.36332142042107,184.4540942539423,186.6434031135775,59922200
2023-07-11,185.479736328125,186.68287064614393,184.02020200954667,186.54480679233018,46638100
2023-07-12,187.1464080810547,189.04971834486554,185.86437774879215,187.0576409069756,60750200
2023-07-13,187.90570068359375,188.54672319895087,187.15621340871894,187.8662603208446,41342300
2023-07-14,188.0536346435547,188.53685056119244,187.00829198764853,187.59998771190843,41616200
2023-07-17,191.30801391601562,191.63345333608896,189.15814548736353,189.24689758888442,50520200
2023-07-18,191.0515899658203,191.64330071063998,189.75970372238763,190.6768538720752,48288200
2023-07-19,192.40267944335938,195.48939585264796,189.9865395225249,190.4303301514657,80507300
2023-07-20,190.45989990234375,193.75371936128715,189.83860510668907,192.39279363664537,59581200
2023-07-21,189.28636169433594,192.2744696321092,188.5861710830146,191.41650251566858,71951700
2023-07-24,190.08514404296875,192.21528467718613,189.59205676918674,190.73602285584008,45377800
2023-07-25,190.943115234375,191.75178560391285,190.2527960456413,190.65713123041024,37283200
2023-07-26,191.8109588623047,192.9351972994816,190.64728006234532,190.99243214213982,47471900
2023-07-27,190.5486602783203,194.47363103189025,189.8879250921341,193.3099522093675,47460200
2023-07-28,193.12257385253906,193.91151654263126,191.4559363697747,191.97860770429688,48291400
2023-07-31,193.73399353027344,193.77344894031904,192.56044337061044,193.34938604539337,38824100
2023-08-01,192.9055938720703,194.0101044929012,192.58015448246934,193.52688862020202,35175100
2023-08-02,189.91751098632812,192.48155598125388,189.19760772385698,192.3434921357412,50389300
2023-08-03,188.5269775390625,189.7103839306254,188.05361799200307,188.92145636813592,61235200
2023-08-04,179.4739227294922,184.78940327661547,179.40488328381886,182.95511789971007,115956800
2023-08-07,176.37734985351562,180.59817633552169,174.8980878140883,179.61200164257014,97576100
2023-08-08,177.31419372558594,177.77769698523286,175.12488493894773,177.205713919119,67823000
2023-08-09,175.7264404296875,178.42854898853972,174.56274666920834,178.36938092489027,60378500
2023-08-10,175.50949096679688,178.25105509162734,175.14461118800062,176.99860916334498,54686900
2023-08-11,175.5687255859375,176.38835756307438,174.34422750725284,175.10461152163393,52036700
2023-08-14,177.21788024902344,177.44500246999712,175.09473274674426,175.74649049543365,43675600
2023-08-15,175.2329864501953,177.23762299403361,174.8379899652799,176.6451282666605,43622600
2023-08-16,174.36399841308594,176.30937200366554,174.29486573787133,174.91699954220002,46964900
2023-08-17,171.82611083984375,175.29225282363015,171.31260330101006,174.92688028330798,66062900
2023-08-18,172.30999755859375,172.9123770667114,169.8116075662743,170.14735612669347,61172200
2023-08-21,173.64312744140625,173.92951274494206,171.56937297444222,172.88275833759562,46311900
2023-08-22,175.01573181152344,175.46010661888187,174.04797988711957,174.84785755399471,42038900
2023-08-23,178.8571319580078,179.28176749229362,176.1019960768648,176.28962468028294,52722800
2023-08-24,174.17637634277344,178.8374075605793,173.8109887437673,178.41277199096436,54945800
2023-08-25,176.37847900390625,176.91172570988553,173.62334339807447,175.1638506244018,51449600
2023-08-28,177.9387664794922,178.33376298082638,176.31925671498092,177.8400098200833,43820700
2023-08-29,181.8196563720703,182.58991008586239,177.2573820568172,177.45488030453177,53003900
2023-08-30,185.30557250976562,185.5030858470339,182.43194029759772,182.62943856671393,60813900
2023-08-31,185.52281188964844,186.75719481874472,185.13768501849643,185.4931879048022,60794500
2023-09-01,187.09291076660156,187.54715513062877,185.92764574293952,187.12253474390127,45766500
2023-09-05,187.32994079589844,187.6064413525269,185.26605625958229,185.92768366781115,45280000
2023-09-06,180.62478637695312,186.4905763861184,179.20277485131902,186.04618648324464,81755800
2023-09-07,175.3416290283203,175.98351721110967,171.3718491931888,172.99135904079122,112488800
2023-09-08,175.953857421875,177.9881329660241,175.56873058484743,176.121746745329,65551300
2023-09-11,177.119140625,178.0473990105972,175.12437356668377,177.82027676778657,58953100
2023-09-12,174.0973663330078,177.87951732730735,172.6358612060169,177.24751388848827,90370200
2023-09-13,172.03350830078125,175.0848996684252,171.80637096422893,174.30476112108144,84267900
2023-09-14,173.54434204101562,173.8998448696545,171.41132506918257,171.82607585790313,60895800
2023-09-15,172.82345581054688,174.29484548306786,171.64833608181547,174.2750911398521,109259500
2023-09-18,175.7465057373047,177.13889330258442,173.96899129951683,174.27511585610648,67257600
2023-09-19,176.832763671875,177.38576479928514,174.91699900323943,175.30212586469654,51826900
2023-09-20,173.2974853515625,177.45487842056565,173.20859833310675,177.0203732393163,58436200
2023-09-21,171.7569580078125,174.0973581099587,171.6878404044714,172.36922214048295,63149100
2023-09-22,172.60623168945312,174.8676297137013,171.87548661966315,172.48773574692532,56725400
2023-09-25,173.88009643554688,174.75897636563758,171.97420160197885,172.02357992644104,46172700
2023-09-26,169.8115997314453,173.01111068359924,169.51534481079926,172.63586851438868,64588900
2023-09-27,168.30067443847656,170.87806622328196,166.93792612877573,170.46331542744704,66921800
2023-09-28,168.55747985839844,169.8807348967939,165.52582779726043,167.2243401117975,56294400
2023-09-29,169.07093811035156,170.9077001905232,168.211797495528,169.87081569769032,51861100
2023-10-02,171.5792236328125,172.12235512412923,168.79444856905252,169.0808338409062,52164500
2023-10-03,170.24607849121094,171.46072207785286,168.6858318118607,170.1078282132375,49594600
2023-10-04,171.4903564453125,172.03348795172127,168.8339619515459,168.9524578917983,53020300
2023-10-05,172.72470092773438,173.25794760829848,170.52255140732632,171.61868381506983,48527900
2023-10-06,175.2725067138672,175.76625988669193,171.0163417068709,171.6286058875163,57266700
2023-10-09,176.75375366210938,176.81300162773064,173.60360623261292,174.60098214625398,42390800
2023-10-10,176.16122436523438,177.47460937430563,175.7267192412531,175.87485420705488,43698000
2023-10-11,177.55361938476562,177.60299770884345,175.38110873868183,175.9736034231689,47551100
2023-10-12,178.4522705078125,180.06189553412176,176.80312172309905,177.82026707710477,56743100
2023-10-13,176.61550903320312,179.6570151987734,175.91437292525092,179.1533924067404,51427100
2023-10-16,176.48712158203125,176.84262444155877,174.3047260977915,174.5417330268598,52517000
2023-10-17,174.93673706054688,176.19087429527403,172.61610626933813,174.44298390478113,57549400
2023-10-18,173.64312744140625,175.36139405816417,172.92225196490105,173.38638119353993,54764400
2023-10-19,173.26785278320312,175.61810740546204,173.00122187734726,173.84059314667203,59302900
2023-10-20,170.72007751464844,173.22833664495803,170.4830706009531,173.1197103596996,64244000
2023-10-23,170.8385772705078,171.83595313524123,167.80692592091492,168.77469287243957,55980100
2023-10-24,171.27310180664062,171.50022404547477,169.30795876796012,170.88797493724758,43816600
2023-10-25,168.9623260498047,170.8978298690587,168.51793618108192,169.7325797223047,57157000
2023-10-26,164.804931640625,169.2388405091802,163.600172706508,168.2414494672427,70625300
2023-10-27,166.1182861328125,166.8490461099926,164.74565318394508,164.82465548430088,58499100
2023-10-30,168.1624298095703,169.0314401165317,166.7601727667049,166.90830774256386,51131000
2023-10-31,168.636474609375,168.76484019690602,165.80232095364974,167.23421730907862,44846000
2023-11-01,171.79649353027344,172.05323977559237,167.9945877763323,168.86359824995364,56934900
2023-11-02,175.3514862060547,175.55885407348563,173.2678474852133,173.32709544733643,77334800
2023-11-03,174.44297790527344,174.61086723243213,171.1842192438163,172.06309922812656,79829200
2023-11-06,176.9907684326172,177.1882666996337,174.0085099439187,174.1763842242903,63841300
2023-11-07,179.54843139648438,180.1606805785339,176.7340319643902,176.94139988237026,70530000
2023-11-08,180.60504150390625,181.15804266662394,179.3212801943679,180.07179468790036,49340300
2023-11-09,180.13101196289062,181.81963914926845,179.5385022077218,180.67414339377055,53763500
2023-11-10,184.31365966796875,184.48177017271385,181.47578777634308,181.91086536697577,66133400
2023-11-13,182.73158264160156,183.9478113332898,182.14818998578377,183.7401702602705,43627500
2023-11-14,185.342041015625,186.00454008995078,184.21480130754796,185.59912547957174,60108400
2023-11-15,185.9056396484375,187.3789678351275,185.67821821290843,185.74744196041772,53790500
2023-11-16,187.58663940429688,188.82264852852316,186.5384909930313,187.44820698590362,54412900
2023-11-17,187.56687927246094,188.24915879673333,186.45941980581802,188.1206090057824,50922700
2023-11-20,189.30714416503906,189.76200213676566,187.75472463510502,187.76460727588125,46505100
2023-11-21,188.50625610351562,189.37641150816785,187.6163354127611,189.26764208258632,38134500
2023-11-22,189.168701171875,190.7705639920827,188.69407794514686,189.34669431189826,39617700
2023-11-24,187.84373474121094,188.76331834061182,187.13179223741543,188.7336553269539,24048300
2023-11-27,187.66574096679688,188.5358962659671,186.7857030257735,187.79429075090235,40552600
2023-11-28,188.26890563964844,188.9413024556769,187.2800983304318,187.65584993609482,38415400
2023-11-29,187.2504425048828,189.93999969621768,186.85492560121705,188.76331653900834,43014200
2023-11-30,187.8239288330078,188.18979776505014,186.08363355367433,187.71515943504943,48794400
2023-12-01,189.09950256347656,189.4159130354433,187.11199034893104,188.1996843513192,45704800
2023-12-04,187.3097686767578,187.9228394923183,185.35193435249073,187.85361573572166,43389500
2023-12-05,191.25509643554688,192.2241233156588,188.05135551468544,188.081033613139,66628400
2023-12-06,190.1674346923828,192.58011192579394,189.95977851245675,192.27358406476233,41089700
2023-12-07,192.09559631347656,192.81742141001197,191.42319951100376,191.46276025185608,47477700
2023-12-08,193.51950073242188,193.79636559429088,191.50232520965804,192.0263919187675,53406400
2023-12-11,191.01779174804688,191.3243346926335,189.27749628821252,190.9485830810774,60943700
2023-12-12,192.53067016601562,192.54055280703432,189.57413099725628,190.9189094878757,52696900
2023-12-13,195.74429321289062,195.7838388648497,192.66910200901862,192.90640609677627,70404200
2023-12-14,195.8926239013672,197.3857175620074,193.964452594447,195.8036348613561,66831600
2023-12-15,195.35865783691406,196.17935458626624,194.79503045579114,195.3190970971854,128538400
2023-12-18,193.6974639892578,194.4291868327445,192.21425301938103,193.8952224343076,55751900
2023-12-19,194.7357177734375,194.7456004150459,193.69746706046115,193.96444926391277,40714100
2023-12-20,192.6493377685547,195.46742966263125,192.6493377685547,194.69616113684165,52242800
2023-12-21,192.50100708007812,194.8741537657828,191.33422165280876,193.9051267903215,46482500
2023-12-22,191.43310546875,193.2228443252002,190.81015202156473,192.9954077755279,37149600
2023-12-26,190.88926696777344,191.71986154255086,190.67172813799795,191.44299668429173,28919300
2023-12-27,190.9881134033203,191.3342019743918,188.9511728919884,190.33551208827305,48087700
2023-12-28,191.41331481933594,192.48122849088116,191.00790021395272,191.96704448132198,34049900
2023-12-29,190.37509155273438,192.22415660179112,189.58404259835586,191.72975289130503,42672100
2024-01-02,183.56219482421875,186.33085840634024,181.83178197139316,185.05528848269014,82488700
2024-01-03,182.18775939941406,183.79952025374087,181.37693010719954,182.15809638511382,58414500
2024-01-04,179.87391662597656,181.04070184894312,178.85544644389557,180.11122069139344,71983600
2024-01-05,179.15208435058594,180.71440156415224,178.15339449300276,179.95303087035154,62379700
2024-01-08,183.48309326171875,183.52265400582175,179.46853775144191,180.05193047893468,59144500
2024-01-09,183.06777954101562,183.07766218215258,180.68475037086026,181.86143345023166,42841800
2024-01-10,184.10604858398438,184.31368968460146,181.86145160567418,182.28664662503843,46792900
2024-01-11,183.5127716064453,184.95643712674624,181.56481971672645,184.45213566932392,49128400
2024-01-12,183.83905029296875,184.64987951630312,183.11722519297732,183.97748271061099,40477800
2024-01-16,181.57467651367188,182.19761480887055,178.90488492167398,180.1211286782067,65603000
2024-01-17,180.63531494140625,180.8825167727283,178.281963767062,179.24110807963172,47317400
2024-01-18,186.51870727539062,187.0229935165519,183.75004409317066,184.00712853391946,78005800
2024-01-19,189.41590881347656,189.80154302609114,186.7065866846462,187.21087293560348,68903000
2024-01-22,191.71983337402344,193.14371820043874,190.1080727596782,190.14763349819026,60133900
2024-01-23,192.99542236328125,193.55904982724218,191.66054141727486,192.83722464512005,42355600
2024-01-24,192.32302856445312,194.18199120084623,192.16481576816378,193.23272951111284,53631300
2024-01-25,191.99668884277344,194.07318996151886,190.9485556432544,193.03493940214616,54822100
2024-01-26,190.26629638671875,192.58010181757646,189.7916731135176,192.09559590318426,44594000
2024-01-29,189.5840301513672,190.04877081575225,187.45810037105477,189.86089500402176,47145600
2024-01-30,185.935302734375,189.65322753238257,185.37169046557113,188.80285272092348,55859400
2024-01-31,182.3360595703125,185.00585134318092,182.28663127585358,184.94651023142666,55467800
2024-02-01,184.76853942871094,184.85752846784007,181.76257176566293,181.93066720224104,64885400
2024-02-02,183.76983642578125,185.2332669548565,177.24370243482153,177.84687547061628,102551700
2024-02-05,185.579345703125,187.1317803970082,183.75994390321247,186.0440863383638,69668800
2024-02-06,187.1812286376953,187.19111127921153,184.67954732588265,184.76853636353553,43490800
2024-02-07,187.2899932861328,188.91163664571195,186.49894443287428,188.50622203381667,53439000
2024-02-08,186.2122039794922,187.418535043408,185.2530596605407,187.27021997882892,40962000
2024-02-09,186.9745330810547,188.10321111496148,186.13296840440984,186.77650719907678,45155200
2024-02-12,185.29139709472656,186.79630612181433,184.93497167008087,186.5487888854563,41781900
2024-02-13,183.20236206054688,184.360756090923,181.68755769129083,183.92512331150874,56529500
2024-02-14,182.32119750976562,183.68749754312392,180.6281880058035,183.47959151637605,54630500
2024-02-15,182.0341033935547,182.65785175424014,179.54903541760635,181.727184392981,65434500
2024-02-16,180.49948120117188,183.0142649801448,179.86583763061847,181.59845842120637,49752500
2024-02-20,179.75692749023438,180.61828269677792,178.21242224791314,179.98463913307552,53665600
2024-02-21,180.5093994140625,181.0737309260645,178.86588113831095,180.13316833455778,41371400
2024-02-22,182.53900146484375,183.12315360761588,180.64798131414128,181.65784073265692,52292200
2024-02-23,180.7073974609375,183.20236045475278,180.4202689919066,183.1726595934398,45119700
2024-02-26,179.36093139648438,180.94503297704767,178.85598645977296,180.4302078946742,40867400
2024-02-27,180.8163299560547,182.09351248592515,177.77681047698752,179.30152539649055,54318900
2024-02-28,179.61830139160156,181.3014155316966,178.34111913385524,180.6974728870872,48953900
2024-02-29,178.9550018310547,180.75693496542868,177.74711623943745,179.46984202762675,136682600
2024-03-01,177.8758087158203,178.73716395290236,175.61845249589473,177.76690051629518,73563100
2024-03-04,173.36109924316406,175.14321147352493,172.06409607852763,174.4006596751229,81510100
2024-03-05,168.4305419921875,170.33147275577412,167.93550746706842,169.0641855800497,95132400
2024-03-06,167.44046020507812,169.53941670485264,167.00482743895031,169.36119643359416,68587700
2024-03-07,167.32167053222656,169.0344857697736,166.81674075207243,167.47017484778516,71765100
2024-03-08,169.03451538085938,171.97502220207014,167.26229810663585,167.32169984326515,76267000
2024-03-11,171.03443908691406,172.6482565736913,170.34139373001014,171.2225546353428,60139500
2024-03-12,171.50967407226562,172.30173241116674,169.31171935776177,171.43046672764987,59825400
2024-03-13,169.43052673339844,171.4700666239107,169.06419090034882,171.05423942259554,52488700
2024-03-14,171.2819366455078,172.57892461566286,170.34137411890524,171.1928340614332,72913500
2024-03-15,170.90570068359375,170.90570068359375,168.5988381717502,169.47010369924573,121752700
2024-03-18,171.99481201171875,175.94519331439105,171.79680120539754,173.82644596151624,75604200
2024-03-19,174.33135986328125,174.85609525037736,171.31164624406932,172.6086342803731,55215200
2024-03-20,176.89566040039062,176.89566040039062,173.35121088659923,173.97495931074826,53423100
2024-03-21,169.66812133789062,175.72735394947048,169.14338597139206,175.29172116809335,106181300
2024-03-22,170.569091796875,171.33144918231721,168.37113733503185,170.05425166968308,71160100
2024-03-25,169.1533203125,170.23249206020807,167.76721443821097,168.87610215909345,54288300
2024-03-26,168.02464294433594,169.71765273934344,167.89592911986227,168.3117563520967,57388400
2024-03-27,171.5888671875,171.87599567632833,168.42064920188324,168.71767294274684,60273300
2024-03-28,169.7770538330078,170.51960569647457,168.81668554767697,170.04437673388762,65672700
2024-04-01,168.34144592285156,169.54933141950085,167.79690490268092,169.48992969134684,46240500
2024-04-02,167.1632537841797,167.65828830624176,166.55931106297376,167.40087579338118,49329500
2024-04-03,167.96519470214844,168.98496453257434,166.90582876011774,167.11373478373662,47691700
2024-04-04,167.14346313476562,170.21266810452119,167.14346313476562,168.59885072968464,53704400
2024-04-05,167.89593505859375,168.69788868535903,167.27218663455102,167.90583031188157,42104800
2024-04-08,166.7771453857422,167.51969724864153,166.56923932419392,167.35138730592178,37425500
2024-04-09,167.98501586914062,168.39094781013864,166.67813256359855,167.02464767080627,42373800
2024-04-10,166.11378479003906,167.4107728345435,165.45044033625643,167.12365945587084,49709300
2024-04-11,173.3016815185547,173.7175238179071,166.49001666248702,166.66822184170525,91070300
2024-04-12,174.7966766357422,176.58869902312352,172.47991891196477,172.5294102738014,101670900
2024-04-15,170.97503662109375,174.8759113224836,170.7869210734751,173.61851932570818,73531800
2024-04-16,167.69790649414062,172.0343988146065,166.59892920522176,170.04436539186383,73711200
2024-04-17,166.33160400390625,168.95528100035153,166.33160400390625,167.9256158132339,50901200
2024-04-18,165.38111877441406,166.96523521407434,164.8959946340493,166.36129252101995,43122900
2024-04-19,163.3614044189453,164.7474951408098,162.4505426435407,164.55939469854349,68149400
2024-04-22,164.1930389404297,165.59893510418706,163.13367296874276,163.8762247169617,48116400
2024-04-23,165.24253845214844,165.39105789202225,163.2822057253187,163.70794332424896,49537800
2024-04-24,167.34149169921875,167.6187098522012,164.5593998092657,164.8861093338651,48251800
2024-04-25,168.2028350830078,168.9156860278579,166.4801094484109,167.84640961058278,50558300
2024-04-26,167.61871337890625,169.63844783702467,167.49989480565932,168.1929553099538,44838400
2024-04-29,171.77696228027344,174.2818355072499,171.38094074443057,171.64824848286057,68169400
2024-04-30,168.6384735107422,173.2521991943247,168.31174889120035,171.60868084411632,65934800
2024-05-01,167.61871337890625,170.99485287185942,167.43059781958385,167.8959315377214,50383100
2024-05-02,171.31163024902344,171.69775653757537,169.19288328746214,170.79679016186972,94214900
2024-05-03,181.55886840820312,185.14291355827163,180.84601747897057,184.7963833456082,163224100
2024-05-06,179.9054412841797,182.37070337959045,178.62824383792136,180.5390848280799,78569700
2024-05-07,180.5885772705078,183.0637497391675,179.5193160584302,181.62815272879564,77305800
2024-05-08,180.9252166748047,181.25194126160505,179.64801918938014,181.0341248704048,45057100
2024-05-09,182.737060546875,182.82616313989396,180.30148392023486,180.74701199258516,48983000
2024-05-10,181.47793579101562,183.50040923773955,180.5658387363955,183.3120385724197,50759500
2024-05-13,184.68019104003906,185.4931559868038,183.03444380225457,183.84740874901934,72044800
2024-05-14,185.8203125,186.68285108112164,184.69010361608505,185.8996272619275,52393600
2024-05-15,188.09068298339844,189.01268886802714,185.76085876781028,186.2962297111884,70400000
2024-05-16,188.20962524414062,189.45881387860598,188.03117836935675,188.83421956137332,52845200
2024-05-17,188.23936462402344,189.17129419091543,187.55528802161362,187.88245575005936,41282900
2024-05-20,189.39932250976562,190.27176982167657,187.38675756521698,187.7040166341828,44361300
2024-05-21,190.69808959960938,191.07481584379752,189.28036268210627,189.44890089382775,42309400
2024-05-22,189.26051330566406,191.16403734183464,188.63593413629764,190.6187578068766,34648500
2024-05-23,185.2750701904297,189.35968258649532,185.02721720275102,189.3398501117122,51005900
2024-05-24,188.34841918945312,188.94327235106317,186.4250777783575,187.19839293954828,36327000
2024-05-28,188.3583526611328,191.34249703943843,187.47599667367734,189.86528785982966,52280100
2024-05-29,188.65577697753906,190.59895109353056,187.8824768517226,187.98162409974876,53068000
2024-05-30,189.6471710205078,190.52952698465035,188.99285067972127,189.12172393667825,49889100
2024-05-31,190.59896850585938,190.91622762632966,188.27906791647348,189.79592715782175,75158300
2024-06-03,192.36367797851562,193.31544019840626,190.86665123579675,191.24337752621932,50080500
2024-06-04,192.680908203125,193.64257895328527,191.37223723797064,192.96841099700254,47471400
2024-06-05,194.18785095214844,195.20900403542353,193.19643901671662,193.72188613227584,54156800
2024-06-06,192.80979919433594,194.8124556459051,192.5024638984892,194.0094143560484,41181800
2024-06-07,195.19906616210938,195.24863977701435,192.47268374751314,192.97829831295977,53103900
2024-06-10,191.46145629882812,195.60556579928584,190.49978557066368,195.20899197297106,97010200
2024-06-11,205.37098693847656,205.38091074009856,191.96710777388114,191.98692512163242,172373300
2024-06-12,211.24014282226562,218.30889945026047,205.1231180281253,205.58908283581826,198134300
2024-06-13,212.40008544921875,214.88852380834695,209.782758705521,212.8957913864929,97862700
2024-06-14,210.66513061523438,213.32210737882852,209.4853479747781,212.01345147179217,70122700
2024-06-17,214.80921936035156,217.06963733267014,210.8931452933454,211.5375569916551,93728300
2024-06-18,212.44964599609375,216.7523850703462,211.17073132176122,215.7213082393038,79943300
2024-06-20,207.87924194335938,212.4000929584359,207.05638337080816,212.0927425591543,86172500
2024-06-21,205.7080535888672,210.0702597495804,205.3313122387871,208.58314195009936,241805100
2024-06-24,206.3524932861328,210.87332959032133,204.8158016590104,205.93610206103614,80727000
2024-06-25,207.27447509765625,209.5646339662685,206.81841900726565,207.35377473031713,55549700
2024-06-26,211.41859436035156,213.01476817493463,208.8310086144187,209.68362348048936,66213200
2024-06-27,212.26129150390625,213.88720639689362,210.52632069800987,212.84622088780682,49772700
2024-06-28,208.8111572265625,214.21436386520998,208.49391330369318,213.91693728719588,82542700
2024-07-01,214.88853454589844,215.64200216221636,210.10001313722785,210.26855134899324,60402900
2024-07-02,218.37832641601562,218.48738234159504,213.2527281692765,214.29369867156123,58046200
2024-07-03,219.6473388671875,219.6473388671875,217.14897630904898,218.1106471909744,37369800
2024-07-05,224.3961639404297,224.5052198536283,219.7464397478406,219.7464397478406,60412400
2024-07-08,225.86346435546875,225.89320550199054,221.3327047505454,225.13972278278513,59085900
2024-07-09,226.71607971191406,227.42989753320916,224.4259205051531,225.97252074204383,48076100
2024-07-10,230.97914123535156,231.07828847688273,227.28117906796422,227.3307526887298,62627700
2024-07-11,225.61561584472656,230.39421338925845,223.83107137940016,229.40280147827102,64710600
2024-07-12,228.5601043701172,230.64207551688347,226.71607753741577,226.9540218514806,53046500
2024-07-15,232.386962890625,235.1926606193721,231.0882156126273,234.44910163171727,62631300
2024-07-16,232.80335998535156,234.24090427881208,230.33473879844306,232.98180687397965,43234300
2024-07-17,226.91439819335938,229.4722431354341,224.69362972259938,227.47949520376963,57345900
2024-07-18,222.25473022460938,228.46097889584826,220.36114484151935,228.3023493485251,66034600
2024-07-19,222.38363647460938,224.85225794685087,221.36248326433122,222.88926630632307,49151500
2024-07-22,222.03663635253906,225.82382229500527,221.17409763275575,225.06043082550624,48201800
2024-07-23,223.07760620117188,224.9910392063895,220.7676144514488,222.44310313331528,39960300
2024-07-24,216.6631622314453,222.86941075843336,215.26528287042115,222.07627816799848,61777600
2024-07-25,215.62217712402344,218.95332167523742,212.77681471652627,217.0497975364767,51391200
2024-07-26,216.08816528320312,217.60502442671483,214.15489978899527,216.82180047841348,41601300
2024-07-29,216.36575317382812,217.41664743865044,213.8971319294418,215.09674706599597,36311800
2024-07-30,216.92092895507812,218.43778796730905,214.2639371695869,217.3075789949067,41643800
2024-07-31,220.17276000976562,221.89782218872546,218.7352157578384,219.53825698895486,50036300
2024-08-01,216.48471069335938,222.55214689360594,215.15622233135366,222.44309097566543,62501000
2024-08-02,217.97181701660156,223.6625266661827,215.8402875210575,217.26790792406092,105568600
2024-08-05,207.47276306152344,211.6664309709882,194.3167235143498,197.38018251460616,119548600
2024-08-06,205.45028686523438,208.18659343179937,199.34320096724198,203.53686913101606,69660500
2024-08-07,208.01803588867188,211.8052211847486,204.61748547057303,205.1231000541341,63516400
2024-08-08,211.47808837890625,212.36044444161047,207.0365669160157,211.27980900719393,47161100
2024-08-09,214.3829345703125,214.91829038971974,210.1496011292121,210.27848952903548,42201600
2024-08-12,215.91146850585938,217.8767320905019,213.9958359256548,214.4623401059105,38028100
2024-08-13,219.62364196777344,220.23902400333975,217.38044783379533,217.38044783379533,44155300
2024-08-14,220.07029724121094,221.37054778476931,218.06532277692483,218.92885985517657,41960600
2024-08-15,223.0479736328125,223.67329096872731,221.10255033510867,222.9288713384501,46414000
2024-08-16,224.36807250976562,225.14226768918678,221.98592068094572,222.25391598005478,44340200
2024-08-19,224.20925903320312,224.30852103873067,221.38045847347976,224.0405257400108,40687800
2024-08-20,224.8246307373047,225.4797235950926,223.77252016614798,224.09014645304697,30299000
2024-08-21,224.7154541015625,226.2836998547364,223.37550792716294,224.83457153469638,34765500
2024-08-22,222.859375,226.64102413052154,222.2340576918725,226.09511339685906,43695300
2024-08-23,225.15219116210938,226.52192810531062,222.66087229355688,223.98097823318813,38677300
2024-08-26,225.4896697998047,225.58893181224732,222.22415556593285,225.07279660900764,30602200
2024-08-27,226.33335876464844,227.147264886192,223.21672230373292,224.31846403822652,35934600
2024-08-28,224.80479431152344,228.14971479709,224.0008084384826,226.22414704916858,38052200
2024-08-29,228.08023071289062,231.18694665641485,227.17701311839377,228.38793686624163,51906300
2024-08-30,227.29611206054688,228.68568922028223,225.78741746908054,228.4772602189495,52990800
2024-09-03,221.11248779296875,227.2961293418145,219.52438650802387,226.84948058831634,50190600
2024-09-04,219.20675659179688,220.1298295937355,215.86182100754215,220.01072730838987,43840200
2024-09-05,220.7253875732422,223.80231295165626,219.87178579311316,219.9809679444758,36615400
2024-09-06,219.17697143554688,223.5640821152314,218.13478104858405,222.28367202274,48423000
2024-09-09,219.26634216308594,219.6236642204836,215.09759492361837,219.17701543505086,67180000
2024-09-10,218.47227478027344,219.83207646515766,215.1174187834135,217.29112653781655,51591000
2024-09-11,221.00328063964844,221.43007391385896,216.2687680395375,219.81221238330573,44587100
2024-09-12,221.11248779296875,221.8866830044339,218.1844402475294,220.84449248276735,37455600
2024-09-13,220.84446716308594,222.3730019797634,220.25886075018875,221.91643313573508,36766600
2024-09-16,214.71047973632812,215.60377723416104,212.32832783334672,214.92882889414335,59357400
2024-09-17,215.17697143554688,215.28615358843467,212.904016801209,214.14471619981742,45519300
2024-09-18,219.04795837402344,221.05293280374121,215.92138686335736,215.9313221513165,59894900
2024-09-19,227.1670684814453,228.11001204196916,222.9586262544957,223.31594824973243,66781300
2024-09-20,226.50205993652344,231.35567496568984,225.9263736470506,228.25889437635817,318679900
2024-09-23,224.78494262695312,227.742765583781,224.12984974700805,225.64846451262724,54146000
2024-09-24,225.67825317382812,227.64353192764617,224.05045616714196,226.94872814757065,43556100
2024-09-25,224.68565368652344,225.59880646488912,222.35314831702254,223.2563658089933,42308700
2024-09-26,225.82713317871094,226.7998372114188,223.73283210674714,225.60876888531146,36636700
2024-09-27,226.09512329101562,227.81226214161182,225.6087788258606,226.7601514881057,34026000
2024-09-30,231.266357421875,231.266357421875,227.9412771261621,228.3283747151782,54541900
2024-10-01,224.52688598632812,227.9412778656533,222.07526286618742,227.81225543239978,63285000
2024-10-02,225.09263610839844,225.67824256269316,221.360617941662,224.20925878310885,32880600
2024-10-03,223.99087524414062,225.12239234050705,221.65836976978886,223.46481998018766,34044200
2024-10-04,225.11251831054688,226.30358679092132,222.46238601950515,226.2043247736995,37245100
2024-10-07,220.04051208496094,224.01074997862722,219.68319006872073,222.8296017820206,39505400
2024-10-08,224.0901641845703,224.298593199742,221.58890998571715,222.63110049734397,31855700
2024-10-09,227.83209228515625,228.0405364361267,223.15714569962594,223.55416342639623,33591100
2024-10-10,227.3358154296875,227.7923994519787,225.47973405841245,226.0851959438118,28183500
2024-10-11,225.85690307617188,227.7030642360917,225.64845893034402,227.59388209213523,31759200
2024-10-14,229.57901000976562,230.0058033150611,226.89910245149323,226.99834931201846,39882100
2024-10-15,232.1100311279297,235.72294688412148,230.64103225198252,231.87181141001133,64751400
2024-10-16,230.05543518066406,230.3929017691756,228.12986736523644,229.87678174389526,34082200
2024-10-17,230.42269897460938,232.11006236609234,228.80483716826546,231.6931740173152,32993800
2024-10-18,233.25148010253906,234.4226930307779,232.26884075534687,234.4226930307779,46431500
2024-10-21,234.720458984375,235.08771628667242,232.7055644739604,232.7055644739604,36254500
2024-10-22,234.10508728027344,234.4624093106695,230.86934872103873,232.14974382855843,38846600
2024-10-23,229.0430145263672,233.3904297884605,226.06533615950997,232.33831918874512,52287000
2024-10-24,228.8544464111328,229.10258628095696,226.71051430099084,228.26882480795348,31109500
2024-10-25,229.6881866455078,231.48471683213373,227.86188088691335,228.03061417648678,38802300
2024-10-28,231.66339111328125,232.98349712196287,230.81972458948547,231.58399967772363,36087100
2024-10-29,231.93136596679688,232.5864588417728,230.59141979007921,231.36561495313973,35417200
2024-10-30,228.387939453125,231.7328600109945,227.8420287171323,230.87925826342104,47070900
2024-10-31,224.22909545898438,228.11992645086093,223.69310490697208,227.63356689740596,64370100
2024-11-01,221.25143432617188,223.67328184782377,218.6310779402587,219.32586653780092,65276700
2024-11-04,220.3581085205078,221.13230364643434,218.07523400035532,219.34570882983752,44944500
2024-11-05,221.78741455078125,222.28369429475046,219.49460455688452,220.14969745378525,28111300
2024-11-06,221.06283569335938,224.38791581537038,219.54422098922427,220.95365355112233,54561100
2024-11-07,225.78744506835938,226.18447798056903,222.89910825147632,222.95865940199351,42137700
2024-11-08,225.51914978027344,227.20835428792034,224.9726384261151,225.72780810336752,38328800
2024-11-11,222.80645751953125,224.26712634517858,220.0937933412938,223.5715733715174,42005600
2024-11-12,222.80645751953125,224.15782408060912,221.94198562097503,223.1244332571579,40398300
2024-11-13,223.69081115722656,225.21109667354565,221.3457931121334,222.5878574334345,48566200
2024-11-14,226.77114868164062,227.41701609796436,223.57158960851197,223.59146688403666,44923900
2024-11-15,223.5715789794922,225.4793879673537,222.84621765747355,224.96268496170848,47923700
2024-11-18,226.57240295410156,228.28148462394066,223.7404903183321,223.81998425203597,44633700
2024-11-19,226.8307647705078,228.6988344551977,225.22105418122663,225.53901477922054,36211800
2024-11-20,227.5461883544922,228.47027695087482,224.45593165289552,226.61215353970658,35169600
2024-11-21,227.06924438476562,228.69883223369175,224.2770861035494,227.42695953023323,42108300
2024-11-22,228.41065979003906,229.25526960886552,226.6121530455377,226.6121530455377,38168300
2024-11-25,231.39161682128906,231.7692092379923,228.28149797848934,229.99057974831032,90152800
2024-11-26,233.56771850585938,234.07449047305911,231.84870566104107,231.84870566104107,45986200
2024-11-27,233.4385223388672,234.19370712659864,232.32563759305353,232.98145117337265,33498400
2024-11-29,235.82330322265625,236.3002516789311,232.48463370489634,233.3192972938568,28481400
2024-12-02,238.06895446777344,239.26133321145704,235.654388648958,235.76369091824088,48137100
2024-12-03,241.10952758789062,241.21882985808793,237.3833345065081,238.28756099978403,38861000
2024-12-04,241.4672393798828,242.5602620666903,239.71841824290905,241.32812877991805,44383900
2024-12-05,241.49705505371094,242.98753231090083,240.59284370740727,242.4410361127995,40033900
2024-12-06,241.29833984375,243.0769846168902,240.5431701206591,241.36790273028285,36870600
2024-12-09,245.1835174560547,245.67041216886827,240.21525975684386,240.29475369946152,44649200
2024-12-10,246.19705200195312,246.63426111556626,243.78247081974237,245.3226337747269,36914800
2024-12-11,244.9251708984375,249.20780656351602,244.69662013013263,246.3858398593606,45205800
2024-12-12,246.3858184814453,247.1608653940442,244.1202792424049,245.32260415969785,32777500
2024-12-13,246.55474853515625,247.70737273801882,244.67674782957272,246.24671899982582,33155300
2024-12-16,249.44627380371094,249.7841268474892,246.07779571830554,246.4156487620838,51694800
2024-12-17,251.8707733154297,252.21855739876366,248.19426586582333,248.49236434269267,51356400
2024-12-18,246.4752655029297,252.6657103008961,246.1672359539693,250.55917390522964,56774100
2024-12-19,248.20419311523438,250.400169527173,245.5213371883983,245.92873792847348,60882300
2024-12-20,252.87437438964844,253.38113119374523,244.13023820234332,246.46531011815415,147495300
2024-12-23,253.64939880371094,254.02697602810866,251.84094596601008,253.15257310041957,40858800
2024-12-24,256.56085205078125,256.5707679464462,253.6693071300515,253.86804957710976,23234700
2024-12-26,257.3756103515625,258.44877099351584,255.99445048269988,256.5508929178466,27237100
2024-12-27,253.96737670898438,257.05764856283577,251.45343969164696,256.19314630806485,42355300
2024-12-30,250.59890747070312,251.890657464443,249.15811581542044,250.6287158030117,35557500
2024-12-31,248.8302001953125,251.6720440162376,247.84647977817443,250.83738041728796,39480700
2025-01-02,242.3019256591797,247.51859606258614,240.28481431614935,247.34966196417784,55740700
2025-01-03,241.8150177001953,242.6298040057451,240.3543488544026,241.8150177001953,40244100
2025-01-06,243.44461059570312,245.75982034447205,241.65603491404494,242.75898865424097,45045600
2025-01-07,240.67234802246094,243.9911405526811,239.81780708502322,241.4374487975533,40856000
2025-01-08,241.1592254638672,242.1628232218062,238.52605495049286,240.38417847646193,37628900
2025-01-10,235.34634399414062,238.63532775588945,231.5207799769646,238.48627094630749,61710900
2025-01-13,232.9119110107422,233.18020116738663,228.26162915914,232.04743903723335,49630700
2025-01-14,231.79901123046875,234.62097773623856,230.9941559742804,233.2596800887061,39435300
2025-01-15,236.35987854003906,237.4429702030776,232.94171493841435,233.1503884256181,39832000
2025-01-16,226.81089782714844,236.4990004602556,226.58236221549976,235.8432019589194,71759100
2025-01-17,228.5199737548828,230.8153063545454,227.02949646555186,230.6463874145182,68488300
2025-01-21,221.22657775878906,222.99527628303537,217.9872792040061,222.57794445660952,98070400
2025-01-22,222.4090118408203,222.6971640978084,218.39465138442915,218.39465138442915,64126500
2025-01-23,222.24009704589844,225.58869773276695,220.88873040600683,223.3132424800993,60234800
2025-01-24,221.3656768798828,224.19758968028435,220.00437919561992,223.35297985225768,54697900
2025-01-27,228.40072631835938,230.67618150163648,222.5580508531902,222.5978054024586,94863400
2025-01-28,236.7473907470703,238.66514594376807,229.3446904229109,229.38444497187513,75707600
2025-01-29,237.8404083251953,238.33723404319062,232.52436707787834,232.63366934231402,45486100
2025-01-30,236.0816650390625,239.26134692510684,235.7040877651042,237.1548105184623,55658300
2025-01-31,234.50173950195312,245.62070152543137,231.9579942451269,245.62070152543137,100959800
2025-02-03,226.56248474121094,230.35824094469035,224.2671520837408,228.52992572925916,73063300
2025-02-04,231.32205200195312,231.64995878770605,225.21108671424065,225.8072836268673,45067300
2025-02-05,230.99417114257812,231.19289841511937,226.82083777153602,227.0791817096477,39620300
2025-02-06,231.7394256591797,232.31574540236795,228.96712922491054,229.8216702010973,29925300
2025-02-07,226.1848907470703,232.51444580894437,225.81722939017394,231.1233398047693,39707200
2025-02-10,226.45346069335938,229.378010419489,226.00582893863492,228.36338248973718,33115600
2025-02-11,231.3973388671875,233.99362125199642,226.93094812871882,227.000572314181,53718400
2025-02-12,235.625,235.71453849328682,229.4675323792709,229.98480349517558,45243300
2025-02-13,240.26052856445312,241.06626881430705,234.33186254170715,235.66481592241834,53614100
2025-02-14,243.31439208984375,244.25939586817944,239.72336558929686,239.981993568851,40896200
2025-02-18,243.18507385253906,243.8913336127375,240.56889220053384,242.86674847770814,48822500
2025-02-19,243.58297729492188,244.71698493563778,241.88197342314302,243.37408953874765,32204200
2025-02-20,244.5379180908203,245.4829218502696,243.00600383864503,243.65259654249155,32316900
2025-02-21,244.2593994140625,247.38289505871285,243.93113206298463,244.65729095432025,53197400
2025-02-24,245.80125427246094,247.55199828948733,243.1353323966777,243.64264638435856,51326400
2025-02-25,245.74154663085938,248.68599549611233,243.62275227067275,246.69650753214344,48013300
2025-02-26,239.0966796875,243.69239232640413,237.87314875998453,243.04581476744292,44433600
2025-02-27,236.05274963378906,241.1856322165831,235.81400561415145,238.15166004001364,41153600
2025-02-28,240.5688934326172,240.8175794410065,228.9900734891547,235.70459571566596,56833400
2025-03-03,236.77891540527344,242.74737946323825,234.8690087281554,240.51914741730602,47184000
2025-03-04,234.68995666503906,238.80821160759587,233.4465266012979,236.46061504010896,53798100
2025-03-05,234.50094604492188,235.30668622205877,228.02515316620742,234.18262069274581,47227600
2025-03-06,234.09310913085938,236.60981025581015,231.93451645578955,233.20778757123546,45170400
2025-03-07,237.81346130371094,240.10136041796665,233.5261018066448,233.87426828677374,46273600
2025-03-10,226.2843780517578,234.9187645202326,223.04151782981955,234.30201287196223,72071200
2025-03-11,219.67926025390625,224.65298022983382,216.30707871737093,222.63365113389432,76137400
2025-03-12,215.8395538330078,220.58448707211764,213.7804415985268,218.98294858814833,62547500
2025-03-13,208.57791137695312,215.70028194858565,207.3245394208188,214.81496040955514,61368300
2025-03-14,212.36790466308594,212.8254784087618,208.4784519318959,210.13967261110687,60107600
2025-03-17,212.87521362304688,214.0888025037831,208.8663965620962,212.18883784213668,48073400
2025-03-18,211.5720977783203,214.01915944879542,210.37840804794794,213.03437263106773,42432400
2025-03-19,214.10870361328125,217.6101915579757,212.6265295918345,213.0940604852241,54385400
2025-03-20,212.97470092773438,216.3468825511506,211.10457731145533,212.86527847830126,48862900
2025-03-21,217.12278747558594,217.68978368973626,210.16952111998106,210.44804823896536,94127800
2025-03-24,219.56985473632812,220.31591279023903,217.43116105321957,219.83843988574125,44299500
2025-03-25,222.573974609375,222.92214108802088,218.92326587520165,219.6096416779903,34493600
2025-03-26,220.3656463623047,223.83730853242594,219.3112201065871,222.33523531503357,34466100
2025-03-27,222.6734619140625,223.80746952519274,219.40074548587612,220.2263848697343,37094800
2025-03-28,216.75469970703125,222.63364006926244,216.5358548246797,220.50488863250547,39818600
2025-03-31,220.96249389648438,224.43414081005062,215.09349507460487,215.86939419548492,65299300
2025-04-01,222.0169219970703,222.50433685640354,217.749461617725,218.65468232589998,36412700
2025-04-02,222.71322631835938,224.0063965120705,219.85831598824518,220.15674221426906,35905900
2025-04-03,202.12203979492188,206.39944211542388,200.19223396809613,204.4596791341039,103419000
2025-04-04,187.38987731933594,198.82943318150367,186.3553350717911,192.87091122900438,125910900
2025-04-07,180.50625610351562,193.12954493623218,173.70219548773406,176.26863687444822,160466300
2025-04-08,171.51376342773438,189.33957458197378,168.32064359895526,185.71870692843436,120859500
2025-04-09,197.80484008789062,199.55558397169528,170.9865365771085,171.04621878540135,184395900
2025-04-10,189.41917419433594,193.75625918037224,182.0381746186605,188.07627873463142,121880000
2025-04-11,197.10850524902344,198.4911987157403,185.08205468111316,185.12185293864357,87435900
2025-04-14,201.45553588867188,211.82076535143517,200.10268359760292,210.3286495235762,101352900
2025-04-15,201.07754516601562,202.44033954558066,198.74984792281177,200.7990180691496,51343900
2025-04-16,193.24891662597656,199.64511311117855,191.35889396287376,197.31741584829123,59732400
2025-04-17,195.94467163085938,197.78495412822454,193.39812938355274,196.16351652823,52164700
2025-04-21,192.14476013183594,192.78139570274652,188.8123615658979,192.25418258208256,46742500
2025-04-22,198.690185546875,200.53045296496776,194.93999616163734,195.0892017003565,52976400
2025-04-23,203.5246124267578,206.90673568869565,201.7340703321958,204.91724784553512,52929200
2025-04-24,207.2747802734375,207.73236914311858,201.87332821636014,203.81307577336062,47311000
2025-04-25,208.18002319335938,208.6475540878433,205.1162098506388,205.28531450927932,38222300
2025-04-28,209.0355224609375,210.38837503045187,206.36961558551846,208.89625889548412,38743100
2025-04-29,210.09986877441406,211.1244537916441,207.27478452266,207.59310986089218,36827600
2025-04-30,211.38308715820312,212.45741243436711,205.58372816909105,208.19990958730307,52286500
2025-05-01,212.1988067626953,213.43227966302132,207.80202473083082,207.98108655162656,57365700
2025-05-02,204.27069091796875,205.9020705063368,201.09745506032002,205.0067917796952,101010600
2025-05-05,197.8446502685547,203.0272736250085,197.1682315771274,202.03252954096354,69018500
2025-05-06,197.4666290283203,199.59538061408486,195.98447015970467,197.1682179665783,51216500
2025-05-07,195.21852111816406,198.3917570874617,192.23428894820486,198.12317194216024,68536700
2025-05-08,196.45199584960938,198.99853803284546,193.65675249053749,196.68078271707188,50478900
2025-05-09,197.4865264892578,199.48595647897335,196.50172445806652,197.95405738682032,36453900
2025-05-12,209.95704650878906,210.435160708662,205.93301745006437,210.13634313336473,63775800
2025-05-13,212.08859252929688,212.55673652410627,208.17412935394688,209.59847136477597,51909300
2025-05-14,211.490966796875,213.09460539099953,209.7478820292828,211.5905625216416,49325800
2025-05-15,210.61444091796875,212.11848379882832,208.71198473801002,210.11641669484823,45029500
2025-05-16,210.42518615722656,211.73002236916358,208.9410837213976,211.52084551122164,54737900
2025-05-19,207.95498657226562,208.65221742207615,203.45284348728632,207.08842931596485,46140500
2025-05-20,206.04258728027344,207.64622592622177,204.2198167548668,206.84938410987283,42496600
2025-05-21,201.2914276123047,206.22186440009241,199.91689108628387,204.3592586621154,59211800
2025-05-22,200.5643310546875,201.94883789272,198.91088686006037,199.91690559460176,46742400
2025-05-23,194.49839782714844,196.9187884239126,192.69555244631704,192.9047141233614,78432900
2025-05-27,199.4188690185547,199.94677348688452,196.64984031499387,197.51641281084125,56288500
2025-05-28,199.62802124023438,201.92889064401075,199.1100718095576,199.79734764673603,45339700
2025-05-29,199.15988159179688,203.0046291598645,197.72556941325453,202.77554227533128,51396800
2025-05-30,200.05633544921875,201.1619498266407,196.00241099917397,198.5821728136608,70819900
2025-06-02,200.90296936035156,201.33127809714276,199.32921098525782,199.488582384924,35423300
2025-06-03,202.46678161621094,202.96480586317466,200.16591202699755,200.55437033168948,46381600
2025-06-04,202.01853942871094,205.42502305946414,201.30138338029005,202.10818013514051,43604000
2025-06-05,199.8372039794922,203.94091870107042,199.35908978394463,202.69585814733983,55126100
2025-06-06,203.1142120361328,204.887177182899,201.25160617035465,202.19784922307906,46607700
2025-06-09,200.65396118164062,205.18598475848052,199.22961916524454,203.58234611432158,72862600
2025-06-10,201.869140625,203.54250994980842,199.77744796710627,199.8073282051838,54672600
2025-06-11,197.99452209472656,203.69192080198684,197.62598900862739,202.6958722895077,60989900
2025-06-12,198.41285705566406,198.890956077424,196.58013147350607,198.29333609984755,43904600
2025-06-13,195.6737060546875,199.57821397711425,194.92666975119658,198.94074360607502,51447300
2025-06-16,197.63592529296875,197.90486262143017,195.78327462738756,196.52035592822918,43020700
2025-06-17,194.86692810058594,197.6060614779548,194.43863454049264,196.4207613301707,38856200
2025-06-18,195.80320739746094,196.7893008408277,194.2991796996429,195.16573699325735,45394700
2025-06-20,200.20574951171875,200.90298042554332,196.08210930882012,197.45666110928434,96813500
2025-06-23,200.70376586914062,201.50060768152076,198.17380945321412,200.83325703321927,55814300
2025-06-24,199.5084991455078,202.63609053842802,199.40888822531906,201.78944331230142,54064000
2025-06-25,200.76351928710938,202.8651820841085,199.82723133036671,200.65395335177794,39525700
2025-06-26,200.20574951171875,201.8392684520338,198.67184150130464,200.63404307360597,50799100
2025-06-27,200.28543090820312,202.41697405518968,199.20969672208463,201.09222774816857,73188600
2025-06-30,204.3592529296875,206.57048164253425,198.4726031076903,201.211736268348,91912800
2025-07-01,206.99879455566406,209.35942450018746,205.3254252695324,205.85332972802502,78788900
2025-07-02,211.6005401611328,212.49697770796604,207.31752868499885,208.08449026524102,67941800
2025-07-03,212.70614624023438,213.8017903991559,210.97301649264048,211.31166931275297,34955800
2025-07-07,209.120361328125,215.37554414763466,207.97491173225177,211.8395692407974,50229000
2025-07-08,209.1801300048828,210.59451698338924,207.6262968509882,209.26978591644843,42848900
2025-07-09,210.3056640625,210.49491569520316,206.40115605631001,208.70202548866368,48749400
2025-07-10,211.57066345214844,212.63642743345136,209.2000631819418,209.67816220166208,44443600
2025-07-11,210.32559204101562,211.29176024279,209.03072603053,209.73792710960444,39765800
2025-07-14,207.79563903808594,210.0765986782557,206.71990480407712,209.10046017794556,38840100
2025-07-15,208.28369140625,211.05270487364396,208.09443976951917,208.39325734338402,42296300
2025-07-16,209.3295440673828,211.5606828488181,207.8155461810567,209.4689902412225,47490500
2025-07-17,209.1901092529297,210.9630743588066,208.7618004967043,209.7379389650813,48068100
2025-07-18,210.3455047607422,210.95309492429405,208.87135730762196,210.0367321724359,48974600
2025-07-21,211.640380859375,214.92734394651046,210.79374875413163,211.26189276464606,51377400
2025-07-22,213.55279541015625,214.1006251327807,211.39137195770533,212.29777975345726,46404100
2025-07-23,213.30377197265625,214.29982043425818,211.57065737650467,214.15041924441525,46989300
2025-07-24,212.9153289794922,214.83771055173221,212.68624207244096,213.05477516619655,46022600
2025-07-25,213.03485107421875,214.38947759784276,212.5567368669443,213.85160291428238,40268800
2025-07-28,213.20416259765625,214.00100435562788,212.21806921233596,213.18423737412155,37858000
2025-07-29,210.43515014648438,213.96115480223384,209.9869314052821,213.33363944545516,51411700
2025-07-30,208.2239227294922,211.55072076453234,206.89917652304968,211.06265157316113,45512500
2025-07-31,206.74978637695312,209.01080544085684,206.3414028602417,207.66614913739534,80698400
2025-08-01,201.58029174804688,212.73603143542957,200.7037642416869,210.03673342752194,104434500
2025-08-04,202.5464630126953,207.0585613783641,200.88304868853191,203.70186769022786,75109300
2025-08-05,202.11814880371094,204.52858421879685,201.36115745633876,202.59624780213056,44155100
2025-08-06,212.40733337402344,214.52892145014,204.77759854868273,204.81744899810374,108483100
2025-08-07,219.16053771972656,219.97730473834642,215.7241736307253,218.01508808955717,90224800
2025-08-08,228.4437255859375,230.08719950298993,218.38362983130105,219.95738825778145,113854000
2025-08-11,226.5391082763672,228.91239906441297,224.1259370249458,227.2770261826339,61806100
2025-08-12,229.0021209716797,230.14888579943394,226.429412881848,227.36674823663387,55626200
2025-08-13,232.6717529296875,234.33703985510917,229.77992501054072,230.4181341091737,69878500
2025-08-14,232.12330627441406,234.4567012802976,230.19875827485632,233.39969406647393,51916300
2025-08-15,230.9366455078125,233.6190590405621,228.69299310222902,233.33985018068216,56038700
2025-08-18,230.23861694335938,232.4623214496413,229.46081868168693,231.04632935234682,37476200
2025-08-19,229.90956115722656,232.2130419457167,228.70298322789472,230.62753117126795,39402600
2025-08-20,225.3723907470703,229.81981519856654,225.13307755654054,229.33119207499826,42263900
2025-08-21,224.26551818847656,225.88095827873425,223.14868274098328,225.63166356522294,30621200
2025-08-22,227.11746215820312,228.44371192910324,224.77410085849388,225.53195134940427,42477800
2025-08-25,226.5191650390625,228.65312729963858,225.59178073979155,225.84107546750252,30983100
2025-08-26,228.6630859375,228.84258604761433,224.05612439304167,226.22996704217394,54575100
2025-08-27,229.8397674560547,230.24859923631865,227.6160475796746,227.96506627689797,31259500
2025-08-28,231.9039306640625,232.75153884501827,228.69301327644948,230.16884905542523,38074700
2025-08-29,231.485107421875,232.7216147258446,230.71727541448905,231.85405874294378,39418400
2025-09-02,229.0719451904297,230.19876225122124,226.32970313085187,228.6032698757151,44075600
2025-09-03,237.79725646972656,238.17618932549604,233.69885053091846,236.5408165177042,66427800
2025-09-04,239.1035614013672,239.2232180033205,236.07214416452067,237.77731160532718,47549400
2025-09-05,239.0137939453125,240.63920029193574,237.81718240373485,239.32291694518142,54870400
2025-09-08,237.2089080810547,239.47249309970456,235.67324414176576,238.62490021245955,48999500
2025-09-09,233.68887329101562,238.1063683630383,232.70166073618753,236.33139119913957,66313900
2025-09-10,226.1501922607422,231.76431424305812,225.31256565050364,231.53496736029473,83440800
2025-09-11,229.3810577392578,229.7998710451417,226.010588238333,226.23995033725743,50208600
2025-09-12,233.40968322753906,233.84842918261825,228.373926506362,228.57335925244223,55824200
2025-09-15,236.0322265625,237.5180285002954,234.3669397384463,236.33138325533858,42699500
2025-09-16,237.4781494140625,240.53949594661788,235.65332541334,236.51088466190768,63421100
2025-09-17,238.3157958984375,239.42266510979977,237.05934071942244,238.2958480596019,46508000
2025-09-18,237.2089080810547,240.51953392817583,235.98236714862816,239.2930082114909,44249600
2025-09-19,244.8074188232422,245.60516498271895,239.53234916144805,240.5494606794321,163741300
2025-09-22,255.35755920410156,255.9160073848096,247.42002368458668,247.5995237986898,105517400
2025-09-23,253.71221923828125,256.6140134777918,252.86462630601793,255.15814081026073,60275200
2025-09-24,251.59820556640625,255.01853710208397,250.33178410429736,254.49999981420794,42303700
2025-09-25,256.14532470703125,256.4444966190252,250.99989343760635,252.49566170312627,55202100
2025-09-26,254.73931884765625,256.87328100426123,253.06405044687503,253.38315498635407,46076300
2025-09-29,253.71221923828125,254.28061851263055,252.29622703166862,253.84185736381545,40127700
2025-09-30,253.9116668701172,255.1980209495745,252.39595068950493,254.1410137555297,37704300
2025-10-01,254.72933959960938,258.0599285933123,254.21080232618834,254.32049261064776,48713900
2025-10-02,256.40460205078125,257.45162766856953,253.43299812845933,255.85613542550084,42630200
2025-10-03,257.2920837402344,258.5086431914624,253.23357360959045,253.9515436206674,49155600
2025-10-06,255.9658660888672,258.339156849437,254.33049322602108,257.262186546101,44664100
2025-10-07,255.75643920898438,256.67382669789566,254.70938317067183,256.0854948355218,31955800
2025-10-08,257.33197021484375,257.7906639625656,255.3874592951906,255.7963062732735,36496900
2025-10-09,253.32330322265625,257.27213808351553,252.42584836214985,257.08267167133846,38322000
2025-10-10,244.57806396484375,255.6567217403356,243.3116425485481,254.2207817432353,61999100
2025-10-13,246.96133422851562,248.98560621270488,244.86725241658198,248.67648318296307,38142900
2025-10-14,247.07101440429688,248.14796941642882,244.00966795095763,245.90431694508948,35478000
2025-10-15,248.63656616210938,251.1095806192417,246.77184661648403,248.78615211625979,33893600
2025-10-16,246.7519073486328,248.33741809379524,244.43846029169785,247.54965348458146,39777000
2025-10-17,251.5782470703125,252.66518358811555,246.57242016484557,247.3203043073955,49147000
2025-10-20,261.50018310546875,263.63416054313814,254.90884523128253,255.168106265739,90483000
2025-10-21,262.0286865234375,264.5415968076956,261.0913359303388,261.141213133835,46695900
2025-10-22,257.72088623046875,262.1084670888602,254.70938662410154,261.9090191460537,45015300
2025-10-23,258.84765625,259.8847307097371,257.2821086816683,259.2066564378435,32754900
2025-10-24,262.07855224609375,263.3848541030092,258.44880663072195,260.4531458541269,38253700
2025-10-27,268.0516662597656,268.36078929414754,263.90339825112477,264.13276036080543,44888200
2025-10-28,268.2411193847656,269.12862319727753,267.39351124836816,268.23113785786586,41534800
2025-10-29,268.93914794921875,270.6443152614699,266.35642794866993,268.5203194424725,51086700
2025-10-30,270.63433837890625,273.36662916750566,267.72259312931254,271.2226702585742,69886500
2025-10-31,269.6072692871094,276.53767519933945,268.40069127196034,276.2085891024436,86167100
2025-11-03,268.29095458984375,270.08589475979994,265.49886601188945,269.65711516237894,50194600
2025-11-04,269.2781982421875,270.72408938596277,266.86501191822913,267.5730004152706,49274800
2025-11-05,269.3779296875,270.9335263776032,266.17696342424256,267.8522167164328,43683100
2025-11-06,269.0089416503906,272.6287059365568,267.1342708755924,267.1342708755924,51204000
2025-11-07,267.7126159667969,271.5218466038475,266.0173996929098,269.03885049148494,48227400
2025-11-10,268.93035888671875,273.22240319845355,266.96401085683,268.46122924118225,41312400
2025-11-11,274.73956298828125,275.3983427074405,269.2996575494418,269.3096487524697,46208300
2025-11-12,272.9628601074219,275.2186787593472,271.19615348009904,274.49002155435767,48398000
2025-11-13,272.44384765625,276.1868935731559,271.5854266195937,273.6016697208788,49602800
2025-11-14,271.9048156738281,275.44821996704485,269.10002929321837,270.54732197227213,47431300
2025-11-17,266.9639892578125,269.98836893107386,265.237217022597,268.3214829895084,45018300
2025-11-18,266.9440612792969,270.2079864201871,264.8279974843966,269.48932037088264,45677300
2025-11-19,268.06195068359375,271.7051756343288,265.00762791735707,265.0375710636542,40424500
2025-11-20,265.7562561035156,274.91922505965954,265.42688147061517,270.327749378444,45823600
2025-11-21,270.98651123046875,272.8230952896135,265.17732758833057,265.4568071090486,59030800
2025-11-24,275.4083251953125,276.4863089537433,270.397615191446,270.397615191446,65585800
2025-11-25,276.4563903808594,279.8600705608694,274.73957871594786,274.75953066216096,46914200
2025-11-26,277.0352783203125,279.01161742605893,276.1170014953278,276.44637611579356,33431400
2025-11-28,278.3328857421875,278.4826014787427,275.4781737009374,276.7458380127342,20135600
2025-12-01,282.57501220703125,282.89442609469603,275.62792768573877,277.4944549964911,46587700
2025-12-02,285.6592712402344,286.86701880065203,282.10587559562896,282.47518456741903,53669500
2025-12-03,283.623046875,288.0847586222564,282.77461708045536,285.6692634925469,43538700
2025-12-04,280.179443359375,284.20196835267484,278.07334059490756,283.5731318378766,43989100
2025-12-05,278.26300048828125,280.6186397013617,277.53434330937836,280.01974631085085,47265800
2025-12-08,277.3746643066406,279.15136205700173,275.6378704438954,277.6142094762677,38211800
2025-12-09,276.66595458984375,279.5106752769474,276.40645748061854,277.64414811825674,32193300
2025-12-10,278.26300048828125,279.2312028389952,275.92734368017386,277.23491184461454,33038300
2025-12-11,277.514404296875,279.07150890817053,273.3022288840155,278.5824273392719,33248000
2025-12-12,277.7639465332031,278.70220580092337,276.30666253778065,277.38464634485007,39532900
2025-12-15,273.6016540527344,279.63046152672615,272.33402020742307,279.63046152672615,50409100
2025-12-16,274.1007385253906,274.9891026980292,271.2859911871425,272.3140798989353,37648600
2025-12-17,271.33587646484375,275.6478724530811,271.13626563598973,274.50001118897205,50138700
2025-12-18,271.68524169921875,273.12257373871984,266.4549687260805,273.1025913325419,51630700
2025-12-19,273.1625061035156,274.09077415448866,269.399477884542,271.6453053723066,144632000
2025-12-22,270.4674987792969,273.37210596231955,270.00836035897595,272.3539780142796,36571800
2025-12-23,271.85491943359375,271.99467443806464,269.06012395403746,270.3377490962612,29642000
2025-12-24,273.3022155761719,274.9192064044749,271.69521595033444,271.8349404799371,17910600
2025-12-26,272.8929748535156,274.859322715931,272.35396775197984,273.65157518449314,21521800
2025-12-29,273.2523498535156,273.8512128461511,271.8449608988494,272.1843267483383,23715200
2025-12-30,272.5735778808594,273.5717234473003,271.77507361210075,272.304089543875,22139600
2025-12-31,271.3558349609375,273.17246717497864,271.24605357156486,272.553621806917,27293600
2026-01-02,270.5074157714844,277.32473598417806,268.5011336129586,271.75509761912826,37838100
2026-01-05,266.7643737792969,271.0064921177503,265.6464557026853,270.1381104139889,45647200
2026-01-06,261.8734436035156,267.0538212812338,261.6338984265986,266.504853430471,52352100
2026-01-07,259.8471984863281,263.1909919246956,259.32817380451803,262.71190159101934,48309800
2026-01-08,258.55963134765625,258.80916773471864,255.22581364132833,256.5433578451618,50419300
2026-01-09,258.8890075683594,259.7274461787287,255.74485516422806,258.5995368285105,39997000
2026-01-12,259.76739501953125,260.8154357257053,256.32378048041085,258.6794199598783,45263800
2026-01-13,260.5658874511719,261.3244878277737,257.9108470550362,258.24022168851656,45730800
2026-01-14,259.4779052734375,261.33447181199796,256.23393227813756,259.0087756526009,40019400
2026-01-15,257.73114013671875,260.5559089501236,256.5732877053955,260.1666175851947,39388600
2026-01-16,255.05613708496094,258.41988279267105,254.45724364888233,257.4217372195352,72142800
2026-01-20,246.2425079345703,254.31750190322293,242.9685916985444,252.26132447540706,80267500
2026-01-21,247.1907501220703,251.09350304772093,244.72532928784554,248.23880604127606,54641700
2026-01-22,247.8894500732422,250.53452965267718,247.68980878155546,248.737864640942,39708300
2026-01-23,247.58001708984375,248.94748685874615,244.22624741136653,246.86136630134166,41689000
2026-01-26,254.9363555908203,256.08421686766076,249.336758511775,251.01363570547153,55969200
2026-01-27,257.791015625,261.46421404872183,257.73112933459527,258.68937090303496,49648300
2026-01-28,255.96446228027344,258.3799575946877,254.03803333601454,257.17220993748055,41288000
2026-01-29,257.801025390625,259.16847988830324,253.93820707645818,257.52154586161765,67253000
2026-01-30,258.9988098144531,261.41430490835,251.7123292610244,254.69678984095313,92443400
2026-02-02,269.5093078613281,269.98839826257677,258.7293169184304,259.5478036352127,73913400
2026-02-03,268.98028564453125,271.3758289780004,267.11372779647115,268.70080609664296,64394700
2026-02-04,275.97723388671875,278.432693698261,271.7850411492978,271.7850411492978,90545700
2026-02-05,275.3983459472656,278.98168486317746,272.72332314901723,277.6142303156022,52977400
2026-02-06,277.6042175292969,280.3890519626743,276.4164219647768,276.6060720438839,50453400
2026-02-09,274.3672180175781,277.9439398399519,271.4499228389202,277.6541982366954,44623400
2026-02-10,273.4280700683594,275.11651686144285,272.68876099546605,274.6369782150198,34376900
2026-02-11,275.24639892578125,279.92208361183503,274.1973776592452,274.44714753122867,51931300
2026-02-12,261.4891052246094,275.46621856633783,259.94051360693726,275.3363333447182,81077200
2026-02-13,255.5445556640625,261.9886306947134,255.21485759663088,261.7688319830923,56290700
2026-02-17,263.6371154785156,266.0449008431299,255.30478047881587,257.8124646511843,58469100
2026-02-18,264.106689453125,266.57441720150126,262.20844437502524,263.35737977838915,34203300
2026-02-19,260.3401184082031,264.2365527856389,259.81060750150084,262.35827847824623,30845300
2026-02-20,264.3364562988281,264.5063132392292,257.9223826043077,258.73163460792017,42070500
2026-02-23,265.9349670410156,269.1819753311392,263.13755670993424,263.24744081710827,37308200
2026-02-24,271.8895263671875,274.6369951599546,267.46358073991865,267.61343657617186,47014600
2026-02-25,273.97760009765625,274.6869380517792,270.8005039088116,271.5298429675081,33714300
2026-02-26,272.6987609863281,275.8558253670768,270.55071567552415,274.6969199809464,32345100
2026-02-27,263.93682861328125,272.5588900215503,262.6480379442022,272.5588900215503,72366500
2026-03-02,264.476318359375,266.2846497598317,259.960490133898,262.16844722421786,41827900
2026-03-03,263.5072326660156,265.31556422164516,259.8905695547566,263.23749216234586,38568900
2026-03-04,262.2783508300781,265.9050144519466,261.179387723623,264.4063951364299,39803100
2026-03-05,260.0504150390625,261.3192350446657,257.01320478174756,260.54995479568396,49658600
2026-03-06,257.2229919433594,258.53178361058343,254.13584003818684,258.39192833924307,41120000
2026-03-09,259.6407775878906,260.9095975388004,253.44647267699952,255.45463216869055,38218500
2026-03-10,260.58990478515625,262.2384104290217,256.71350175461305,257.4128391437035,30590800
2026-03-11,260.5699157714844,261.888707997661,259.3110658747261,260.8496568052655,26218900
2026-03-12,255.52456665039062,258.71164792954545,253.94601921584928,258.4219063383753,40794000
2026-03-13,249.8897705078125,256.0940459350445,249.29033192864068,255.24483747003174,36930000
2026-03-16,252.58729553222656,253.6563027081548,249.6499992581203,251.87794235419486,32074200
2026-03-17,253.99598693847656,254.89516767044782,251.94787083452104,252.72716690012706,32361600
2026-03-18,249.70994567871094,254.70534343896443,248.7708084606242,252.3974721128864,35757900
2026-03-19,248.73085021972656,251.5982036354298,247.0723745163624,249.17043241392184,34864100
2026-03-20,247.76173400878906,248.97061168291066,245.77356028907465,247.7517334570195,88331100
2026-03-23,251.25851440429688,254.3656523266213,250.0496214753341,253.73622734962268,40546100
2026-03-24,251.4083709716797,254.5954370944537,249.32029842391177,250.1195650925759,45152300
2026-03-25,252.38746643066406,254.76528059453105,251.3684162845015,253.86611511385965,28476700
2026-03-26,252.6572265625,256.76344411909713,250.53918279672283,251.88793104116345,41796700
2026-03-27,248.57098388671875,255.2548282141602,247.8416601166152,253.666280215245,47900000
2026-03-30,246.40298461914062,250.63907198816298,245.28400520065438,249.83982057534305,39446200
2026-03-31,253.55638122558594,255.24482803058763,246.87255213324852,247.6818040942864,49598100
2026-04-01,255.3946990966797,255.94418062939917,253.096813183035,253.8461228128272,40059400
2026-04-02,255.68443298339844,255.89424639361263,250.4192795609811,253.96601496217014,31289400
2026-04-06,258.6217041015625,261.9186847371787,256.2239194053331,256.27389167390277,29329900
2026-04-07,253.26666259765625,255.96418954301222,245.47383916108728,255.92421782448065,62148000
2026-04-08,258.66168212890625,259.51090582044134,256.29386854025813,258.2121146377317,41032800
2026-04-09,260.2502136230469,260.879638597066,255.8342992320816,258.7615948993736,28121600
2026-04-10,260.240234375,261.94865175168746,258.78155637925676,259.7406946341393,31291500
2026-04-13,258.96142578125,259.9405042051452,256.4237552437805,259.49093671136296,36234700
2026-04-14,258.59173583984375,261.68888841493145,256.9532612999924,259.01136264890187,48370700
2026-04-15,266.18475341796875,266.3146386359468,257.57269269729437,257.92237663273806,49913500
2026-04-16,263.15753173828125,266.91408037974617,261.0294875448873,266.55439590858066,43323100
2026-04-17,269.98126220703125,272.0493335842862,266.47448343207725,266.7142527536172,61436200
2026-04-20,272.79864501953125,274.0275237795767,270.04120633500696,270.08114756253855,36590200
2026-04-21,265.9250183105469,272.5488901425708,265.1557075406741,271.250098918132,50209800
2026-04-22,272.9185791015625,273.48803128351057,266.62435952726383,267.5734973129919,43249200
2026-04-23,273.1783142089844,275.5161566987003,271.39995382845746,274.79681820267325,33399600
2026-04-24,270.81048583984375,272.80864483253174,269.4017800912603,272.50893317942314,38157100
2026-04-27,267.3636474609375,268.1129570778125,264.8260075108844,265.84505761361925,41466800
2026-04-28,270.4608154296875,272.97851539952296,268.4127145556596,272.0893199684016,40018900
2026-04-29,269.92132568359375,270.7905199823619,266.7942019267937,267.3037117460274,30047900
2026-04-30,271.1002502441406,275.7459641951834,267.893213328058,270.25102650288807,91848200
2026-05-01,279.88214111328125,286.95561044034525,278.1137509144006,278.6032901046287,79915400
2026-05-04,276.5751647949219,280.3716851917065,274.60697695873915,279.4025768563376,46668400
2026-05-05,283.9184265136719,284.30808218316156,276.2455026895375,276.6750995896243,49311700
2026-05-06,287.245361328125,287.76487170009636,280.8112868075762,281.66051049385584,58336100
2026-05-07,287.1754150390625,291.8611003514943,285.5169394038565,289.00371711581823,45224300
2026-05-08,293.0500183105469,294.4886952888782,289.7330669166447,289.7430674686918,52692800
2026-05-11,292.67999267578125,293.8800048828125,290.2300109863281,291.9800109863281,42247300
2026-05-12,294.79998779296875,295.2699890136719,292.55999755859375,292.55999755859375,45748100
2026-05-13,298.8699951171875,300.9200134277344,293.5,293.5,52684300
2026-05-14,298.2099914550781,300.45001220703125,295.3800048828125,299.82000732421875,35324900
2026-05-15,300.2300109863281,303.20001220703125,296.5199890136719,297.8999938964844,54862800
2026-05-18,297.8399963378906,300.6600036621094,294.9100036621094,300.239990234375,34483000
2026-05-19,298.9700012207031,300.510009765625,296.3500061035156,296.9700012207031,42243600
2026-05-20,302.25,302.79998779296875,298.0799865722656,298.17999267578125,38229800
2026-05-21,304.989990234375,305.5400085449219,300.3999938964844,301.05999755859375,42965100
2026-05-22,308.82000732421875,311.3999938964844,305.8399963378906,306.1199951171875,43670200
2026-05-26,308.3299865722656,311.82000732421875,307.6700134277344,309.55999755859375,48000500
2026-05-27,310.8500061035156,313.260009765625,308.29998779296875,308.3299865722656,50430900
2026-05-28,312.510009765625,312.79998779296875,309.57000732421875,310.67999267578125,48220400
2026-05-29,312.05999755859375,315.0,309.5299987792969,311.7799987792969,70026800
2026-06-01,306.30999755859375,310.94000244140625,305.0199890136719,309.6300048828125,48849900
2026-06-02,315.20001220703125,315.45001220703125,306.69000244140625,307.4599914550781,44534700
2026-06-03,310.260009765625,316.94000244140625,308.8500061035156,314.17999267578125,50836700
2026-06-04,311.2300109863281,313.5400085449219,309.6499938964844,313.2300109863281,44869100
2026-06-05,307.3399963378906,315.1700134277344,307.1499938964844,312.8599853515625,65310500
2026-06-08,301.5400085449219,317.3999938964844,301.1700134277344,308.739990234375,77949100
2026-06-09,290.54998779296875,300.75,287.7799987792969,300.2799987792969,70108800
2026-06-10,291.5799865722656,294.75,287.3800048828125,290.739990234375,52793300
2026-06-11,295.6300048828125,297.0,289.5899963378906,293.7200012207031,42572500
2026-06-12,291.1300048828125,297.1400146484375,289.6199951171875,296.0299987792969,38742100
2026-06-15,296.4200134277344,297.7799987792969,291.70001220703125,294.1199951171875,45732600
2026-06-16,299.239990234375,300.4800109863281,293.9700012207031,295.25,39874400
2026-06-17,295.95001220703125,302.07000732421875,294.3599853515625,300.8500061035156,42745100
2026-06-18,298.010009765625,300.57000732421875,295.6199951171875,298.1099853515625,85962200
2026-06-22,297.010009765625,302.4200134277344,296.760009765625,297.30999755859375,44879900
2026-06-23,294.29998779296875,301.6400146484375,294.17999267578125,297.5400085449219,52010900
2026-06-24,293.0799865722656,299.70001220703125,292.94000244140625,295.3599853515625,53081900
2026-06-25,275.1499938964844,288.79998779296875,273.75,287.3999938964844,107013700
2026-06-26,283.7799987792969,285.95001220703125,274.2099914550781,275.0,261775500
2026-06-29,281.739990234375,288.3699951171875,279.8500061035156,286.7300109863281,66427000
2026-06-30,289.3599853515625,289.94000244140625,280.70001220703125,281.1700134277344,65100200
2026-07-01,294.3800048828125,296.5899963378906,289.20001220703125,293.44000244140625,50164200
2026-07-02,308.6300048828125,309.4200134277344,293.67999267578125,294.1199951171875,75352800
2026-07-06,312.6600036621094,314.20001220703125,307.0,307.3599853515625,53590000
2026-07-07,310.6600036621094,315.4800109863281,310.1499938964844,315.2900085449219,42490000
2026-07-08,313.3900146484375,314.82000732421875,307.04998779296875,311.9100036621094,41323500
2026-07-09,316.2200012207031,316.5299987792969,308.1600036621094,310.510009765625,48124500
2026-07-10,315.32000732421875,316.9100036621094,312.1700134277344,314.7200012207031,34132300
2026-07-13,317.30999755859375,323.45001220703125,315.7799987792969,317.0199890136719,43257800
2026-07-14,314.8599853515625,316.19000244140625,311.9100036621094,313.760009765625,36336800
2026-07-15,327.5,328.7300109863281,317.32000732421875,317.6199951171875,60957600
2026-07-16,333.260009765625,334.67999267578125,326.7900085449219,328.010009765625,62970600
2026-07-17,333.739990234375,334.989990234375,329.0,331.9800109863281,63407100
2026-07-20,326.5899963378906,333.7099914550781,323.67999267578125,333.510009765625,53468000
2026-07-21,327.739990234375,329.6000061035156,322.2200012207031,323.1300048828125,41338900
2026-07-22,325.8900146484375,329.0,323.3399963378906,327.8699951171875,38755900
2026-07-23,321.6600036621094,323.29998779296875,319.3500061035156,321.7300109863281,40840800
2026-07-24,333.0199890136719,334.3699951171875,321.6199951171875,321.7900085449219,47489400
2026-07-27,336.9100036621094,339.57000732421875,334.0199890136719,334.5400085449219,49604300
2026-07-28,340.0799865722656,342.8900146484375,335.6000061035156,340.0299987792969,51859000
2026-07-29,338.19000244140625,344.57000732421875,337.3500061035156,339.7300109863281,56090800
2026-07-30,333.42999267578125,334.75,329.5899963378906,333.1000061035156,74817800
2026-07-31,308.9100036621094,310.69000244140625,300.0,304.80999755859375,132489100
2026-08-03,303.4200134277344,311.79998779296875,302.55999755859375,309.5799865722656,75052000
